ECB Vio#,Vio Issued Date,BIN-Occurrence,House# Occurrence,Street Occurrence,Boro-Occurrence,Com Bd-Occurrence,Vio Severity,Section of Law,Vio Standard Description,Vio Active,Infraction Code 1,LAT,LONG
35356207M,11/22/2022,2043026,1721,WHITE PLAINS ROAD,BRONX,211,CLASS - 1,AC    28-302.1,Failure to Maintain Building Walls,OPEN,104,0.0,0.0
35474720K,8/21/2025,1010197,82,CHRISTOPHER STREET,MANHATTAN,102,CLASS - 1,28-302.1,Failure to Maintain Building Walls,OPEN,104,0.0,0.0
35507142X,9/19/2024,1090640,54,MAC DOUGAL STREET,MANHATTAN,102,CLASS - 1,AC    28-302.1,Failure to Maintain Building Walls,OPEN,104,0.0,0.0
35548714N,5/3/2024,2018645,3536,HULL AVENUE,BRONX,207,CLASS - 1,AC    28-302.1,Failure to Maintain Building Walls,OPEN,104,0.0,0.0
35548718K,5/9/2024,1087746,100,  11 AVENUE,MANHATTAN,104,CLASS - 1,AC    28-302.1,Failure to Maintain Building Walls,OPEN,104,0.0,0.0
35548720J,4/25/2024,3069985,214,RICHARDSON STREET,BROOKLYN,301,CLASS - 1,AC    28-302.1,Failure to Maintain Building Walls,OPEN,104,0.0,0.0
35581607M,6/13/2023,2006133,1015,FAILE STREET,BRONX,202,CLASS - 1,AC    28-302.1,Failure to Maintain Building Walls,OPEN,104,0.0,0.0
35581782J,1/26/2023,4271782,199-06,LINDEN BOULEVARD,QUEENS,412,CLASS - 1,AC    28-302.1,Failure to Maintain Building Walls,OPEN,104,0.0,0.0
35593322R,9/4/2025,1022562,1435,BROADWAY,MANHATTAN,105,CLASS - 1,28-302.1,Failure to Maintain Building Walls,OPEN,104,0.0,0.0
35646646J,3/14/2024,3053808,1466,FULTON STREET,BROOKLYN,303,CLASS - 1,AC    28-302.1,Failure to Maintain Building Walls,OPEN,104,0.0,0.0
35656309H,6/26/2023,,50-20,CRESCENT STREET,QUEENS,   ,CLASS - 1,AC    28-302.1,Failure to Maintain Building Walls,OPEN,104,0.0,0.0
35656334J,7/18/2023,3069578,224,MANHATTAN AVENUE,BROOKLYN,301,CLASS - 1,AC    28-302.1,Failure to Maintain Building Walls,OPEN,104,0.0,0.0
35656432N,7/11/2023,2013717,2165,RYER AVENUE,BRONX,205,CLASS - 2,AC    28-302.5,Failure to File Amended Facade Technical Report,OPEN,227,0.0,0.0
35656436K,7/13/2023,2008337,11,WEST  172 STREET,BRONX,204,CLASS - 2,28-302.4,Failure to File Facade Technical Report,OPEN,230,0.0,0.0
35657425J,2/8/2023,4282195,223-16, 138 AVENUE,QUEENS,413,CLASS - 1,AC    28-302.1,Failure to Maintain Building Walls,OPEN,104,0.0,0.0
35657505J,4/25/2023,3026581,361,  15 STREET,BROOKLYN,306,CLASS - 1,AC    28-302.1,Failure to Maintain Building Walls,OPEN,104,0.0,0.0
35664056Z,11/4/2022,3029715,49,CROWN STREET,BROOKLYN,309,CLASS - 1,AC    28-302.1,Failure to Maintain Building Walls,OPEN,104,0.0,0.0
35664060L,5/25/2023,1037573,245,EAST   44 STREET,MANHATTAN,106,CLASS - 1,AC    28-302.1,Failure to Maintain Building Walls,OPEN,104,0.0,0.0
35664066M,6/28/2024,5106863,75,VANDERBILT AVENUE,STATEN ISLAND,501,CLASS - 1,AC    28-302.1,Failure to Maintain Building Walls,OPEN,104,0.0,0.0
35664167L,12/21/2022,4309523,136-05,SANFORD AVENUE,QUEENS,407,CLASS - 1,AC    28-302.1,Failure to Maintain Building Walls,OPEN,104,0.0,0.0
35664197M,12/8/2022,4432208,47-30,  61 STREET,QUEENS,402,CLASS - 1,28-302.5,Failure to Protect the Public,OPEN,1E4,0.0,0.0
35664407L,11/18/2022,1001237,30,VESEY STREET,MANHATTAN,101,CLASS - 1,AC    28-302.1,Failure to Maintain Building Walls,OPEN,104,0.0,0.0
35664416N,3/24/2023,5037085,140,MEISNER AVENUE,STATEN ISLAND,502,CLASS - 1,28-302.5,Failure to Protect the Public,OPEN,1E4,0.0,0.0
35664522R,10/28/2022,3245726,1311,BRIGHTWATER AVENUE,BROOKLYN,313,CLASS - 1,AC    28-302.1,Failure to Maintain Building Walls,OPEN,104,0.0,0.0
35664559K,11/1/2022,2003052,1038,ANDERSON AVENUE,BRONX,204,CLASS - 1,AC    28-302.1,Failure to Maintain Building Walls,OPEN,104,0.0,0.0
35664594X,11/2/2022,3385341,225,AVENUE T,BROOKLYN,311,CLASS - 1,AC    28-302.1,Failure to Maintain Building Walls,OPEN,104,0.0,0.0
35665133H,1/11/2023,3335470,11,BARTLETT STREET,BROOKLYN,301,CLASS - 1,AC    28-302.1,Failure to Maintain Building Walls,OPEN,104,0.0,0.0
35665662N,11/16/2022,3074808,260,HIMROD STREET,BROOKLYN,304,CLASS - 1,AC    28-302.1,Failure to Maintain Building Walls,OPEN,104,0.0,0.0
35665666K,12/9/2022,3149889,510,  77 STREET,BROOKLYN,310,CLASS - 1,AC    28-302.1,Failure to Maintain Building Walls,OPEN,104,0.0,0.0
35665667M,12/15/2022,4087701,61-43,WOODBINE STREET,QUEENS,405,CLASS - 1,AC    28-302.1,Failure to Maintain Building Walls,OPEN,104,0.0,0.0
35665936L,11/21/2022,2003554,1360,UNIVERSITY AVENUE,BRONX,204,CLASS - 1,AC    28-302.1,Failure to Maintain Building Walls,OPEN,104,0.0,0.0
35665986J,11/11/2022,1045177,354,EAST   77 STREET,MANHATTAN,108,CLASS - 1,AC    28-302.1,Failure to Maintain Building Walls,OPEN,104,0.0,0.0
35666038Y,12/21/2022,1026425,440,WEST   45 STREET,MANHATTAN,104,CLASS - 1,AC    28-302.1,Failure to Maintain Building Walls,OPEN,104,0.0,0.0
35666143X,1/4/2023,1031538,24,WEST   89 STREET,MANHATTAN,107,CLASS - 1,AC    28-302.1,Failure to Maintain Building Walls,OPEN,104,0.0,0.0
35666449Z,2/10/2023,1052373,231,EAST   96 STREET,MANHATTAN,111,CLASS - 1,AC    28-302.1,Failure to Maintain Building Walls,OPEN,104,0.0,0.0
35666486H,2/15/2023,2094643,580,EAST FORDHAM ROAD,BRONX,206,CLASS - 1,AC    28-302.1,Failure to Maintain Building Walls,OPEN,104,0.0,0.0
35666550N,2/10/2023,1052374,233,EAST   96 STREET,MANHATTAN,111,CLASS - 1,AC    28-302.1,Failure to Maintain Building Walls,OPEN,104,0.0,0.0
35667757P,11/2/2024,3039006,1445,ST MARKS AVENUE,BROOKLYN,316,CLASS - 1,AC    28-302.1,Failure to Maintain Building Walls,OPEN,104,0.0,0.0
35667780N,7/19/2024,2011546,2260,WASHINGTON AVENUE,BRONX,206,CLASS - 1,AC    28-302.1,Failure to Maintain Building Walls,OPEN,104,0.0,0.0
35667828N,5/31/2024,2012696,2120,CROTONA AVENUE,BRONX,206,CLASS - 1,AC    28-302.1,Failure to Maintain Building Walls,OPEN,104,0.0,0.0
35667876H,7/17/2024,3118206,715,CONEY ISLAND AVENUE,BROOKLYN,314,CLASS - 1,AC    28-302.1,Failure to Maintain Building Walls,OPEN,104,0.0,0.0
35667884H,1/17/2025,3057845,967,ATLANTIC AVENUE,BROOKLYN,302,CLASS - 1,AC    28-302.1,Failure to Maintain Building Walls,OPEN,104,0.0,0.0
35667885J,8/31/2025,1052557,215,EAST  115 STREET,MANHATTAN,111,CLASS - 1,28-302.1,Failure to Maintain Building Walls,OPEN,104,0.0,0.0
35667976P,8/24/2024,3253075,222,EAST   14 STREET,BROOKLYN,314,CLASS - 1,AC    28-302.1,Failure to Maintain Building Walls,OPEN,104,0.0,0.0
35668007K,9/28/2024,3182842,1101,AVENUE R,BROOKLYN,315,CLASS - 1,AC    28-302.1,Failure to Maintain Building Walls,OPEN,104,0.0,0.0
35668152R,9/20/2024,2006185,1134,WEST FARMS ROAD,BRONX,203,CLASS - 1,AC    28-302.1,Failure to Maintain Building Walls,OPEN,104,0.0,0.0
35668263J,7/9/2025,1089772,227,CHERRY STREET,MANHATTAN,103,CLASS - 1,28-302.1,Failure to Maintain Building Walls,OPEN,104,0.0,0.0
35668357K,9/17/2025,1005711,243,BOWERY,MANHATTAN,103,CLASS - 1,28-302.1,Failure to Maintain Building Walls,OPEN,104,0.0,0.0
35668364Z,9/24/2025,3057615,302,ST JAMES PLACE,BROOKLYN,302,CLASS - 1,28-302.1,Failure to Maintain Building Walls,OPEN,104,0.0,0.0
35668767N,3/20/2023,1078214,40,HORATIO STREET,MANHATTAN,102,CLASS - 1,AC    28-302.1,Failure to Maintain Building Walls,OPEN,104,0.0,0.0
35668856P,4/10/2023,1004970,190,EAST    3 STREET,MANHATTAN,103,CLASS - 1,AC    28-302.1,Failure to Maintain Building Walls,OPEN,104,0.0,0.0
35669139R,11/1/2022,1063587,477,WEST  186 STREET,MANHATTAN,112,CLASS - 1,AC    28-302.1,Failure to Maintain Building Walls,OPEN,104,0.0,0.0
35669198R,10/27/2022,1007814,100,SULLIVAN STREET,MANHATTAN,102,CLASS - 1,AC    28-302.1,Failure to Maintain Building Walls,OPEN,104,0.0,0.0
35669205X,10/25/2022,3387712,23,LORIMER STREET,BROOKLYN,301,CLASS - 1,AC    28-302.1,Failure to Maintain Building Walls,OPEN,104,0.0,0.0
35669206H,10/26/2022,3163921,2155,  82 STREET,BROOKLYN,311,CLASS - 1,AC    28-302.1,Failure to Maintain Building Walls,OPEN,104,0.0,0.0
35669208L,11/4/2022,1005887,109,ST MARKS PLACE,MANHATTAN,103,CLASS - 1,AC    28-302.1,Failure to Maintain Building Walls,OPEN,104,0.0,0.0
35669212Y,11/18/2022,3396029,238,ST MARKS AVENUE,BROOKLYN,308,CLASS - 1,28-302.5,Failure to Protect the Public,OPEN,1E4,0.0,0.0
35669237K,10/26/2022,2116936,5959,PALISADE AVENUE,BRONX,208,CLASS - 1,AC    28-302.1,Failure to Maintain Building Walls,OPEN,104,0.0,0.0
35669253K,10/27/2022,1004351,800,EAST   14 STREET,MANHATTAN,103,CLASS - 1,28-302.5,Failure to Protect the Public,OPEN,1E4,0.0,0.0
35669256X,11/4/2022,2092052,130,MARCY PLACE,BRONX,204,CLASS - 1,28-302.5,Failure to Protect the Public,OPEN,1E4,0.0,0.0
35669282J,10/31/2022,3116695,171,LINDEN BOULEVARD,BROOKLYN,317,CLASS - 1,AC    28-302.1,Failure to Maintain Building Walls,OPEN,104,0.0,0.0
35669290J,11/5/2022,1060064,143,WEST  140 STREET,MANHATTAN,110,CLASS - 1,AC    28-302.1,Failure to Maintain Building Walls,OPEN,104,0.0,0.0
35669306P,11/4/2022,2002746,1150,GRAND CONCOURSE,BRONX,204,CLASS - 1,AC    28-302.1,Failure to Maintain Building Walls,OPEN,104,0.0,0.0
35669308Z,11/4/2022,1083638,31,WEST   34 STREET,MANHATTAN,105,CLASS - 1,AC    28-302.1,Failure to Maintain Building Walls,OPEN,104,0.0,0.0
35669326M,11/3/2022,1087473,309,EAST  118 STREET,MANHATTAN,111,CLASS - 1,28-302.5,Failure to Protect the Public,OPEN,1E4,0.0,0.0
35669327Y,11/3/2022,1082174,506,EAST   75 STREET,MANHATTAN,108,CLASS - 1,28-302.5,Failure to Protect the Public,OPEN,1E4,0.0,0.0
35669330P,11/10/2022,4050877,65-09,  99 STREET,QUEENS,406,CLASS - 1,AC    28-302.1,Failure to Maintain Building Walls,OPEN,104,0.0,0.0
35669349P,11/22/2022,2005012,830,EAST  163 STREET,BRONX,203,CLASS - 1,AC    28-302.1,Failure to Maintain Building Walls,OPEN,104,0.0,0.0
35669401N,12/22/2022,3392421,272,KINGSTON AVENUE,BROOKLYN,308,CLASS - 1,AC    28-302.1,Failure to Maintain Building Walls,OPEN,104,0.0,0.0
35669435L,12/5/2022,1007814,100,SULLIVAN STREET,MANHATTAN,102,CLASS - 1,AC    28-302.1,Failure to Maintain Building Walls,OPEN,104,0.0,0.0
35669437P,12/12/2022,4192903,84-25, 118 STREET,QUEENS,409,CLASS - 1,28-302.5,Failure to Protect the Public,OPEN,1E4,0.0,0.0
35669440X,12/29/2022,1056645,258,WEST  107 STREET,MANHATTAN,107,CLASS - 1,28-302.5,Failure to Protect the Public,OPEN,1E4,0.0,0.0
35669441H,1/4/2023,1080693,2081,   2 AVENUE,MANHATTAN,111,CLASS - 1,AC    28-302.1,Failure to Maintain Building Walls,OPEN,104,0.0,0.0
35669448K,2/2/2023,1030840,207,WEST   75 STREET,MANHATTAN,107,CLASS - 1,AC    28-302.1,Failure to Maintain Building Walls,OPEN,104,0.0,0.0
35669479N,11/21/2022,1059657,501,WEST  121 STREET,MANHATTAN,109,CLASS - 1,AC    28-302.1,Failure to Maintain Building Walls,OPEN,104,0.0,0.0
35669481M,11/22/2022,1001237,30,VESEY STREET,MANHATTAN,101,CLASS - 1,28-302.5,Failure to Protect the Public,OPEN,1E4,0.0,0.0
35669492H,12/29/2022,1064134,20,BOGARDUS PLACE,MANHATTAN,112,CLASS - 1,28-302.5,Failure to Protect the Public,OPEN,1E4,0.0,0.0
35669494L,1/6/2023,1055957,135,WEST  106 STREET,MANHATTAN,107,CLASS - 1,28-302.5,Failure to Protect the Public,OPEN,1E4,0.0,0.0
35669508N,12/2/2022,2009011,1705,ANDREWS AVENUE,BRONX,205,CLASS - 1,28-302.5,Failure to Protect the Public,OPEN,1E4,0.0,0.0
35669537M,1/5/2023,3247918,3845,BELT PARKWAY,BROOKLYN,315,CLASS - 1,AC    28-302.1,Failure to Maintain Building Walls,OPEN,104,0.0,0.0
35669539X,1/31/2023,4540472,29-11,  39 AVENUE,QUEENS,401,CLASS - 1,AC    28-302.1,Failure to Maintain Building Walls,OPEN,104,0.0,0.0
35669548H,3/17/2023,1086107,203,WEST   90 STREET,MANHATTAN,107,CLASS - 1,28-302.5,Failure to Protect the Public,OPEN,1E4,0.0,0.0
35669549J,3/17/2023,1086107,203,WEST   90 STREET,MANHATTAN,107,CLASS - 1,AC    28-302.1,Failure to Maintain Building Walls,OPEN,104,0.0,0.0
35669551Z,11/22/2022,2003406,903,SUMMIT AVENUE,BRONX,204,CLASS - 1,28-302.5,Failure to Protect the Public,OPEN,1E4,0.0,0.0
35669559N,12/9/2022,2015260,2685,UNIVERSITY AVENUE,BRONX,208,CLASS - 1,AC    28-302.1,Failure to Maintain Building Walls,OPEN,104,0.0,0.0
35669560K,12/13/2022,4037274,42-05,LAYTON STREET,QUEENS,404,CLASS - 1,AC    28-302.1,Failure to Maintain Building Walls,OPEN,104,0.0,0.0
35669587K,12/27/2022,1064685,130,WEST  228 STREET,MANHATTAN,208,CLASS - 1,AC    28-302.1,Failure to Maintain Building Walls,OPEN,104,0.0,0.0
35669820H,5/31/2023,2018445,3232,HULL AVENUE,BRONX,207,CLASS - 1,AC    28-302.1,Failure to Maintain Building Walls,OPEN,104,0.0,0.0
35670130Z,1/9/2023,1061861,135,HAMILTON PLACE,MANHATTAN,109,CLASS - 1,AC    28-302.1,Failure to Maintain Building Walls,OPEN,104,0.0,0.0
35670178H,12/15/2022,2050046,2324,BOSTON ROAD,BRONX,211,CLASS - 1,28-302.5,Failure to Protect the Public,OPEN,1E4,0.0,0.0
35670261Z,3/1/2023,4439438,222-01,  56 AVENUE,QUEENS,411,CLASS - 1,28-302.5,Failure to Protect the Public,OPEN,1E4,0.0,0.0
35670263M,3/22/2023,2042485,1185,LEBANON STREET,BRONX,206,CLASS - 1,28-302.5,Failure to Protect the Public,OPEN,1E4,0.0,0.0
35670275J,12/22/2022,1078444,400,WEST   19 STREET,MANHATTAN,104,CLASS - 1,AC    28-302.1,Failure to Maintain Building Walls,OPEN,104,0.0,0.0
35670288Z,2/6/2023,2002962,1264,GERARD AVENUE,BRONX,204,CLASS - 1,AC    28-302.1,Failure to Maintain Building Walls,OPEN,104,0.0,0.0
35670289K,2/13/2023,2015260,2685,UNIVERSITY AVENUE,BRONX,208,CLASS - 1,AC    28-302.1,Failure to Maintain Building Walls,OPEN,104,0.0,0.0
35670291J,2/13/2023,2009011,1705,ANDREWS AVENUE,BRONX,205,CLASS - 1,AC    28-302.1,Failure to Maintain Building Walls,OPEN,104,0.0,0.0
35670317Z,1/24/2023,2008453,1674,MACOMBS ROAD,BRONX,205,CLASS - 1,AC    28-302.1,Failure to Maintain Building Walls,OPEN,104,0.0,0.0
35670325Z,1/4/2023,1040809,2,EAST   61 STREET,MANHATTAN,108,CLASS - 1,AC    28-302.1,Failure to Maintain Building Walls,OPEN,104,0.0,0.0
35670328Y,1/10/2023,1062439,3607,BROADWAY,MANHATTAN,109,CLASS - 1,AC    28-302.1,Failure to Maintain Building Walls,OPEN,104,0.0,0.0
35670329X,1/18/2023,1031249,41,WEST   83 STREET,MANHATTAN,107,CLASS - 1,28-302.5,Failure to Protect the Public,OPEN,1E4,0.0,0.0
35670339J,3/10/2023,3137572,926,  49 STREET,BROOKLYN,312,CLASS - 1,28-302.5,Failure to Protect the Public,OPEN,1E4,0.0,0.0
35670340R,3/9/2023,3257058,152,  58 STREET,BROOKLYN,307,CLASS - 1,28-302.5,Failure to Protect the Public,OPEN,1E4,0.0,0.0
35670344Y,3/21/2023,1062469,3675,BROADWAY,MANHATTAN,109,CLASS - 1,28-302.5,Failure to Protect the Public,OPEN,1E4,0.0,0.0
35670346H,3/24/2023,1086186,2235,   8 AVENUE,MANHATTAN,110,CLASS - 1,28-302.5,Failure to Protect the Public,OPEN,1E4,0.0,0.0
35670366P,2/2/2023,1033224,570,WEST END AVENUE,MANHATTAN,107,CLASS - 1,AC    28-302.1,Failure to Maintain Building Walls,OPEN,104,0.0,0.0
35670369K,2/6/2023,2050046,2324,BOSTON ROAD,BRONX,211,CLASS - 1,28-302.5,Failure to Protect the Public,OPEN,1E4,0.0,0.0
35670393K,2/9/2023,1087135,1198,YORK AVENUE,MANHATTAN,108,CLASS - 1,28-302.5,Failure to Protect the Public,OPEN,1E4,0.0,0.0
35670433X,2/2/2023,1014417,254,WEST   35 STREET,MANHATTAN,105,CLASS - 1,AC    28-302.1,Failure to Maintain Building Walls,OPEN,104,0.0,0.0
35670466M,1/24/2023,1031093,323,WEST   77 STREET,MANHATTAN,107,CLASS - 1,AC    28-302.1,Failure to Maintain Building Walls,OPEN,104,0.0,0.0
35670550P,1/18/2023,3028744,225,PARK PLACE,BROOKLYN,308,CLASS - 1,AC    28-302.1,Failure to Maintain Building Walls,OPEN,104,0.0,0.0
35670575L,2/6/2023,3144194,6501,   3 AVENUE,BROOKLYN,310,CLASS - 1,AC    28-302.1,Failure to Maintain Building Walls,OPEN,104,0.0,0.0
35670587Z,3/15/2023,1085971,334,AMSTERDAM AVENUE,MANHATTAN,107,CLASS - 1,28-302.5,Failure to Protect the Public,OPEN,1E4,0.0,0.0
35670592N,3/15/2023,2002704,217,EAST  161 STREET,BRONX,204,CLASS - 1,28-302.5,Failure to Protect the Public,OPEN,1E4,0.0,0.0
35670594R,3/20/2023,1014783,166,WEST   22 STREET,MANHATTAN,104,CLASS - 1,28-302.5,Failure to Protect the Public,OPEN,1E4,0.0,0.0
35670602H,2/2/2023,1001127,90,JOHN STREET,MANHATTAN,101,CLASS - 1,28-302.5,Failure to Protect the Public,OPEN,1E4,0.0,0.0
35670611J,2/6/2023,1082288,556,WEST   52 STREET,MANHATTAN,104,CLASS - 1,AC    28-302.1,Failure to Maintain Building Walls,OPEN,104,0.0,0.0
35670612L,2/6/2023,1026319,443,WEST   40 STREET,MANHATTAN,104,CLASS - 1,AC    28-302.1,Failure to Maintain Building Walls,OPEN,104,0.0,0.0
35670634M,3/20/2023,1046846,5-7,EAST   86 STREET,MANHATTAN,108,CLASS - 1,28-302.5,Failure to Protect the Public,OPEN,1E4,0.0,0.0
35670650M,2/14/2023,3128143,250,PARKVILLE AVENUE,BROOKLYN,314,CLASS - 1,AC    28-302.1,Failure to Maintain Building Walls,OPEN,104,0.0,0.0
35670661H,3/20/2023,2013244,961,EAST TREMONT AVENUE,BRONX,206,CLASS - 1,28-302.5,Failure to Protect the Public,OPEN,1E4,0.0,0.0
35670664N,4/5/2023,4005066,23-10,QUEENS PLAZA,QUEENS,402,CLASS - 1,AC    28-302.1,Failure to Maintain Building Walls,OPEN,104,0.0,0.0
35670672N,4/18/2023,3137572,926,  49 STREET,BROOKLYN,312,CLASS - 1,28-302.5,Failure to Protect the Public,OPEN,1E4,0.0,0.0
35670701N,3/7/2023,1017012,152,MADISON AVENUE,MANHATTAN,105,CLASS - 1,AC    28-302.1,Failure to Maintain Building Walls,OPEN,104,0.0,0.0
35670753P,6/14/2023,1042465,136,EAST   67 STREET,MANHATTAN,108,CLASS - 1,AC    28-302.1,Failure to Maintain Building Walls,OPEN,104,0.0,0.0
35670754R,6/14/2023,1042465,136,EAST   67 STREET,MANHATTAN,108,CLASS - 1,28-302.5,Failure to Protect the Public,OPEN,1E4,0.0,0.0
35670764K,7/13/2023,2092108,164,WEST  174 STREET,BRONX,205,CLASS - 1,AC    28-302.1,Failure to Maintain Building Walls,OPEN,104,0.0,0.0
35670767X,8/2/2023,3392255,405,FLUSHING AVENUE,BROOKLYN,301,CLASS - 1,AC    28-302.1,Failure to Maintain Building Walls,OPEN,104,0.0,0.0
35670774Y,8/14/2023,4445338,61-20,GRAND CENTRAL PARKWAY,QUEENS,406,CLASS - 1,28-302.5,Failure to Protect the Public,OPEN,1E4,0.0,0.0
35670775X,3/21/2023,2017249,253,EAST  202 STREET,BRONX,207,CLASS - 1,28-302.5,Failure to Protect the Public,OPEN,1E4,0.0,0.0
35670787N,3/21/2023,2017787,3424,KOSSUTH AVENUE,BRONX,207,CLASS - 1,28-302.5,Failure to Protect the Public,OPEN,1E4,0.0,0.0
35670795N,4/28/2023,3002054,98,MONTAGUE STREET,BROOKLYN,302,CLASS - 1,AC    28-302.1,Failure to Maintain Building Walls,OPEN,104,0.0,0.0
35670802M,3/2/2023,1015933,7,WEST   36 STREET,MANHATTAN,105,CLASS - 1,AC    28-302.1,Failure to Maintain Building Walls,OPEN,104,0.0,0.0
35670810M,3/27/2023,2092425,2610,UNIVERSITY AVENUE,BRONX,207,CLASS - 1,AC    28-302.1,Failure to Maintain Building Walls,OPEN,104,0.0,0.0
35670817P,4/4/2023,4619677,11-51,  47 AVENUE,QUEENS,402,CLASS - 1,28-302.5,Failure to Protect the Public,OPEN,1E4,0.0,0.0
35670828K,3/1/2023,1012385,508,WEST   26 STREET,MANHATTAN,104,CLASS - 1,28-302.5,Failure to Protect the Public,OPEN,1E4,0.0,0.0
35670829M,3/1/2023,1012385,508,WEST   26 STREET,MANHATTAN,104,CLASS - 1,AC    28-302.1,Failure to Maintain Building Walls,OPEN,104,0.0,0.0
35670927X,5/16/2023,3029314,34,PLAZA STREET,BROOKLYN,308,CLASS - 1,AC    28-302.1,Failure to Maintain Building Walls,OPEN,104,0.0,0.0
35670928H,5/18/2023,1022610,1492,BROADWAY,MANHATTAN,105,CLASS - 1,AC    28-302.1,Failure to Maintain Building Walls,OPEN,104,0.0,0.0
35670930R,6/2/2023,1048555,211,EAST   81 STREET,MANHATTAN,108,CLASS - 1,28-302.5,Failure to Protect the Public,OPEN,1E4,0.0,0.0
35670936H,7/19/2023,2013245,1010,EAST  178 STREET,BRONX,206,CLASS - 1,AC    28-302.1,Failure to Maintain Building Walls,OPEN,104,0.0,0.0
35670940K,11/29/2023,3171132,1075,OCEAN PARKWAY,BROOKLYN,312,CLASS - 2,28-302.4,Failure to File Facade Technical Report,OPEN,230,0.0,0.0
35670941M,11/29/2023,3171132,1075,OCEAN PARKWAY,BROOKLYN,312,CLASS - 2,28-302.4,Failure to File Facade Technical Report,OPEN,230,0.0,0.0
35670943X,2/1/2024,1000873,129,FRONT STREET,MANHATTAN,101,CLASS - 1,AC    28-302.1,Failure to Maintain Building Walls,OPEN,104,0.0,0.0
35670979H,4/12/2023,1030507,253,WEST   72 STREET,MANHATTAN,107,CLASS - 1,AC    28-302.1,Failure to Maintain Building Walls,OPEN,104,0.0,0.0
35670994X,8/28/2023,3428877,886,DAHILL ROAD,BROOKLYN,312,CLASS - 1,AC    28-302.1,Failure to Maintain Building Walls,OPEN,104,0.0,0.0
35671006X,4/25/2023,1059610,41-51,CONVENT AVENUE,MANHATTAN,109,CLASS - 1,28-302.5,Failure to Protect the Public,OPEN,1E4,0.0,0.0
35671021Y,5/15/2023,4113585,142-05,ROOSEVELT AVENUE,QUEENS,407,CLASS - 1,28-302.5,Failure to Protect the Public,OPEN,1E4,0.0,0.0
35671025L,5/12/2023,2015580,2875,SEDGWICK AVENUE,BRONX,208,CLASS - 1,28-302.5,Failure to Protect the Public,OPEN,1E4,0.0,0.0
35671026N,5/15/2023,4444449,73-50,BELL BOULEVARD,QUEENS,411,CLASS - 1,AC    28-302.1,Failure to Maintain Building Walls,OPEN,104,0.0,0.0
35671039M,8/1/2023,2028349,1110,WYATT STREET,BRONX,206,CLASS - 1,AC    28-302.1,Failure to Maintain Building Walls,OPEN,104,0.0,0.0
35671059J,11/13/2023,1079916,14,BOGARDUS PLACE,MANHATTAN,112,CLASS - 1,28-302.5,Failure to Protect the Public,OPEN,1E4,0.0,0.0
35671064Y,11/21/2023,3086212,220,HIGHLAND BOULEVARD,BROOKLYN,305,CLASS - 1,AC    28-302.1,Failure to Maintain Building Walls,OPEN,104,0.0,0.0
35671070K,12/1/2023,3392421,272,KINGSTON AVENUE,BROOKLYN,308,CLASS - 1,AC    28-302.1,Failure to Maintain Building Walls,OPEN,104,0.0,0.0
35671071M,11/28/2023,3048072,1545,ATLANTIC AVENUE,BROOKLYN,303,CLASS - 1,AC    28-302.1,Failure to Maintain Building Walls,OPEN,104,0.0,0.0
35671074H,3/7/2024,1086807,538,WEST   55 STREET,MANHATTAN,104,CLASS - 1,AC    28-302.1,Failure to Maintain Building Walls,OPEN,104,0.0,0.0
35671142K,7/19/2023,2017145,2842,GRAND CONCOURSE,BRONX,207,CLASS - 2,28-302.4,Failure to File Facade Technical Report,OPEN,230,0.0,0.0
35673344H,8/17/2023,1034191,320,WEST   96 STREET,MANHATTAN,107,CLASS - 1,AC    28-302.1,Failure to Maintain Building Walls,OPEN,104,0.0,0.0
35674100X,4/20/2023,3257058,152,  58 STREET,BROOKLYN,307,CLASS - 1,28-302.5,Failure to Protect the Public,OPEN,1E4,0.0,0.0
35674111L,6/6/2023,1038671,308,EAST   44 STREET,MANHATTAN,106,CLASS - 1,AC    28-302.1,Failure to Maintain Building Walls,OPEN,104,0.0,0.0
35674118Y,6/29/2023,1015219,105,WEST   34 STREET,MANHATTAN,105,CLASS - 1,AC    28-302.1,Failure to Maintain Building Walls,OPEN,104,0.0,0.0
35674119X,7/18/2023,4112140,135-10,  35 AVENUE,QUEENS,407,CLASS - 1,28-302.5,Failure to Protect the Public,OPEN,1E4,0.0,0.0
35674138L,6/14/2023,1088887,534,WEST   42 STREET,MANHATTAN,104,CLASS - 1,AC    28-302.1,Failure to Maintain Building Walls,OPEN,104,0.0,0.0
35674150Y,4/25/2023,3000257,360,ADAMS STREET,BROOKLYN,302,CLASS - 1,AC    28-302.1,Failure to Maintain Building Walls,OPEN,104,0.0,0.0
35674168M,7/11/2023,1030507,253,WEST   72 STREET,MANHATTAN,107,CLASS - 1,AC    28-302.1,Failure to Maintain Building Walls,OPEN,104,0.0,0.0
35674304H,6/21/2023,2007732,245,EAST  178 STREET,BRONX,205,CLASS - 1,28-302.5,Failure to Protect the Public,OPEN,1E4,0.0,0.0
35674305J,6/21/2023,4617972,65-70,AUSTIN STREET,QUEENS,406,CLASS - 1,28-302.5,Failure to Protect the Public,OPEN,1E4,0.0,0.0
35674309R,12/6/2023,4303901,140,BEACH  114 STREET,QUEENS,414,CLASS - 1,AC    28-302.1,Failure to Maintain Building Walls,OPEN,104,0.0,0.0
35674311X,12/4/2023,1068241,137,WEST   25 STREET,MANHATTAN,104,CLASS - 1,AC    28-302.1,Failure to Maintain Building Walls,OPEN,104,0.0,0.0
35674321J,1/3/2024,3246945,2750,HOMECREST AVENUE,BROOKLYN,315,CLASS - 1,AC    28-302.1,Failure to Maintain Building Walls,OPEN,104,0.0,0.0
35674322L,1/3/2024,3063406,373,WYTHE AVENUE,BROOKLYN,301,CLASS - 1,AC    28-302.1,Failure to Maintain Building Walls,OPEN,104,0.0,0.0
35674329Y,7/24/2023,3343250,762,ELDERT LANE,BROOKLYN,305,CLASS - 1,AC    28-302.1,Failure to Maintain Building Walls,OPEN,104,0.0,0.0
35674330L,7/24/2023,3343256,735,LINCOLN AVENUE,BROOKLYN,305,CLASS - 1,AC    28-302.1,Failure to Maintain Building Walls,OPEN,104,0.0,0.0
35674331N,7/24/2023,3343250,762,ELDERT LANE,BROOKLYN,305,CLASS - 1,28-302.5,Failure to Protect the Public,OPEN,1E4,0.0,0.0
35674333R,7/24/2023,3343256,735,LINCOLN AVENUE,BROOKLYN,305,CLASS - 1,28-302.5,Failure to Protect the Public,OPEN,1E4,0.0,0.0
35674363H,6/30/2023,1059610,41-51,CONVENT AVENUE,MANHATTAN,109,CLASS - 1,28-302.5,Failure to Protect the Public,OPEN,1E4,0.0,0.0
35674439P,8/11/2023,1042465,136,EAST   67 STREET,MANHATTAN,108,CLASS - 1,AC    28-302.1,Failure to Maintain Building Walls,OPEN,104,0.0,0.0
35674446N,8/30/2023,2095200,3975-77,SEDGWICK AVENUE,BRONX,208,CLASS - 1,28-302.5,Failure to Protect the Public,OPEN,1E4,0.0,0.0
35674507H,8/17/2023,1084032,410,WEST  114 STREET,MANHATTAN,109,CLASS - 1,28-302.5,Failure to Protect the Public,OPEN,1E4,0.0,0.0
35674511K,8/22/2023,1009128,97,UNIVERSITY PLACE,MANHATTAN,102,CLASS - 1,28-302.5,Failure to Protect the Public,OPEN,1E4,0.0,0.0
35674513Y,8/8/2023,1090071,1081-1099,AMSTERDAM AVENUE,MANHATTAN,109,CLASS - 1,28-302.5,Failure to Protect the Public,OPEN,1E4,0.0,0.0
35674538K,11/3/2023,1060176,2501,   7 AVENUE,MANHATTAN,110,CLASS - 1,AC    28-302.1,Failure to Maintain Building Walls,OPEN,104,0.0,0.0
35674542N,11/14/2023,1083800,747,  10 AVENUE,MANHATTAN,104,CLASS - 1,AC    28-302.1,Failure to Maintain Building Walls,OPEN,104,0.0,0.0
35674574H,11/13/2023,1065032,45,PARK TERRACE WEST,MANHATTAN,112,CLASS - 1,28-302.5,Failure to Protect the Public,OPEN,1E4,0.0,0.0
35675100K,8/14/2023,4445338,61-20,GRAND CENTRAL PARKWAY,QUEENS,406,CLASS - 1,AC    28-302.1,Failure to Maintain Building Walls,OPEN,104,0.0,0.0
35675103X,8/18/2023,1047938,1524,   3 AVENUE,MANHATTAN,108,CLASS - 1,28-302.5,Failure to Protect the Public,OPEN,1E4,0.0,0.0
35675104H,8/18/2023,1033928,340,WEST   86 STREET,MANHATTAN,107,CLASS - 1,28-302.5,Failure to Protect the Public,OPEN,1E4,0.0,0.0
35675118Z,10/19/2023,1051129,1532,YORK AVENUE,MANHATTAN,108,CLASS - 1,28-302.5,Failure to Protect the Public,OPEN,1E4,0.0,0.0
35675120H,10/20/2023,2007967,1356,SHERIDAN AVENUE,BRONX,204,CLASS - 1,AC    28-302.1,Failure to Maintain Building Walls,OPEN,104,0.0,0.0
35675123N,11/6/2023,1000850,38,BEAVER STREET,MANHATTAN,101,CLASS - 1,AC    28-302.1,Failure to Maintain Building Walls,OPEN,104,0.0,0.0
35675124P,10/19/2023,1015154,363,   7 AVENUE,MANHATTAN,105,CLASS - 1,28-302.5,Failure to Protect the Public,OPEN,1E4,0.0,0.0
35675134Z,10/17/2023,1015312,4,WEST   16 STREET,MANHATTAN,105,CLASS - 1,AC    28-302.1,Failure to Maintain Building Walls,OPEN,104,0.0,0.0
35675182N,9/15/2023,3343256,735,LINCOLN AVENUE,BROOKLYN,305,CLASS - 1,AC    28-302.1,Failure to Maintain Building Walls,OPEN,104,0.0,0.0
35675186K,9/15/2023,3343250,762,ELDERT LANE,BROOKLYN,305,CLASS - 1,AC    28-302.1,Failure to Maintain Building Walls,OPEN,104,0.0,0.0
35675188Y,9/15/2023,3343256,735,LINCOLN AVENUE,BROOKLYN,305,CLASS - 1,28-302.5,Failure to Protect the Public,OPEN,1E4,0.0,0.0
35675189X,9/15/2023,3343256,735,LINCOLN AVENUE,BROOKLYN,305,CLASS - 1,AC    28-302.1,Failure to Maintain Building Walls,OPEN,104,0.0,0.0
35675191P,9/15/2023,3343250,762,ELDERT LANE,BROOKLYN,305,CLASS - 1,28-302.5,Failure to Protect the Public,OPEN,1E4,0.0,0.0
35675214Z,11/15/2023,4079746,84-03,CUTHBERT ROAD,QUEENS,409,CLASS - 1,28-302.5,Failure to Protect the Public,OPEN,1E4,0.0,0.0
35675218X,12/20/2023,2009557,495,CLAREMONT PARKWAY,BRONX,203,CLASS - 1,AC    28-302.1,Failure to Maintain Building Walls,OPEN,104,0.0,0.0
35675227H,9/22/2023,2004223,530,EAST  169 STREET,BRONX,203,CLASS - 1,AC    28-302.1,Failure to Maintain Building Walls,OPEN,104,0.0,0.0
35675238N,10/17/2023,3122175,176,SEELEY STREET,BROOKLYN,307,CLASS - 1,AC    28-302.1,Failure to Maintain Building Walls,OPEN,104,0.0,0.0
35675239P,10/5/2023,2008152,1615,WALTON AVENUE,BRONX,204,CLASS - 1,AC    28-302.1,Failure to Maintain Building Walls,OPEN,104,0.0,0.0
35675243H,10/30/2023,4617972,65-70,AUSTIN STREET,QUEENS,406,CLASS - 1,28-302.5,Failure to Protect the Public,OPEN,1E4,0.0,0.0
35675255P,11/3/2023,1060180,155,WEST  145 STREET,MANHATTAN,110,CLASS - 1,AC    28-302.1,Failure to Maintain Building Walls,OPEN,104,0.0,0.0
35675256R,11/3/2023,1060181,151,WEST  145 STREET,MANHATTAN,110,CLASS - 1,AC    28-302.1,Failure to Maintain Building Walls,OPEN,104,0.0,0.0
35675257Z,11/3/2023,1060182,147,WEST  145 STREET,MANHATTAN,110,CLASS - 1,AC    28-302.1,Failure to Maintain Building Walls,OPEN,104,0.0,0.0
35675283M,11/27/2023,2003053,1055,JEROME AVENUE,BRONX,204,CLASS - 1,AC    28-302.1,Failure to Maintain Building Walls,OPEN,104,0.0,0.0
35675287J,12/5/2023,1064123,47,NAGLE AVENUE,MANHATTAN,112,CLASS - 1,AC    28-302.1,Failure to Maintain Building Walls,OPEN,104,0.0,0.0
35675289N,12/5/2023,1064335,867,WEST  181 STREET,MANHATTAN,112,CLASS - 1,AC    28-302.1,Failure to Maintain Building Walls,OPEN,104,0.0,0.0
35675293X,11/28/2023,1083638,31,WEST   34 STREET,MANHATTAN,105,CLASS - 1,AC    28-302.1,Failure to Maintain Building Walls,OPEN,104,0.0,0.0
35675312M,11/23/2023,1015107,127,WEST   28 STREET,MANHATTAN,105,CLASS - 1,28-302.5,Failure to Protect the Public,OPEN,1E4,0.0,0.0
35675313Y,12/7/2023,1004302,131,RIVINGTON STREET,MANHATTAN,103,CLASS - 1,AC    28-302.1,Failure to Maintain Building Walls,OPEN,104,0.0,0.0
35675340J,11/29/2023,2095200,3975-77,SEDGWICK AVENUE,BRONX,208,CLASS - 1,28-302.5,Failure to Protect the Public,OPEN,1E4,0.0,0.0
35675351P,10/19/2023,1047938,185,EAST   85 STREET,MANHATTAN,108,CLASS - 1,28-302.5,Failure to Protect the Public,OPEN,1E4,0.0,0.0
35675426K,10/19/2023,1051129,1532,YORK AVENUE,MANHATTAN,108,CLASS - 1,AC    28-302.1,Failure to Maintain Building Walls,OPEN,104,0.0,0.0
35675428Y,11/27/2023,3119497,520,EAST   21 STREET,BROOKLYN,314,CLASS - 1,AC    28-302.1,Failure to Maintain Building Walls,OPEN,104,0.0,0.0
35675434K,12/4/2023,4432110,110-01,  62 DRIVE,QUEENS,406,CLASS - 1,AC    28-302.1,Failure to Maintain Building Walls,OPEN,104,0.0,0.0
35675437X,12/4/2023,4050659,63-60, 102 STREET,QUEENS,406,CLASS - 1,AC    28-302.1,Failure to Maintain Building Walls,OPEN,104,0.0,0.0
35675438H,11/27/2023,3119497,520,EAST   21 STREET,BROOKLYN,314,CLASS - 1,AC    28-302.1,Failure to Maintain Building Walls,OPEN,104,0.0,0.0
35675440R,11/27/2023,3116719,61,MARTENSE STREET,BROOKLYN,314,CLASS - 1,AC    28-302.1,Failure to Maintain Building Walls,OPEN,104,0.0,0.0
35675445X,12/6/2023,3388248,47,DIVISION AVENUE,BROOKLYN,301,CLASS - 1,AC    28-302.1,Failure to Maintain Building Walls,OPEN,104,0.0,0.0
35675448L,1/12/2024,4529628,146-14,  35 AVENUE,QUEENS,407,CLASS - 1,28-302.5,Failure to Protect the Public,OPEN,1E4,0.0,0.0
35675453X,12/6/2023,3199767,2622,OCEAN AVENUE,BROOKLYN,315,CLASS - 1,AC    28-302.1,Failure to Maintain Building Walls,OPEN,104,0.0,0.0
35675455J,12/6/2023,3194676,2378,EAST    3 STREET,BROOKLYN,315,CLASS - 1,AC    28-302.1,Failure to Maintain Building Walls,OPEN,104,0.0,0.0
35675470H,2/12/2024,1019906,216,EAST   29 STREET,MANHATTAN,106,CLASS - 1,AC    28-302.1,Failure to Maintain Building Walls,OPEN,104,0.0,0.0
35675501L,12/14/2023,2001316,1186,WASHINGTON AVENUE,BRONX,203,CLASS - 1,AC    28-302.1,Failure to Maintain Building Walls,OPEN,104,0.0,0.0
35675502N,12/15/2023,2005682,1049,FOX STREET,BRONX,202,CLASS - 1,AC    28-302.1,Failure to Maintain Building Walls,OPEN,104,0.0,0.0
35675503P,12/15/2023,2000679,2804,   3 AVENUE,BRONX,201,CLASS - 1,AC    28-302.1,Failure to Maintain Building Walls,OPEN,104,0.0,0.0
35675506K,12/21/2023,2008010,1505,GRAND CONCOURSE,BRONX,204,CLASS - 1,AC    28-302.1,Failure to Maintain Building Walls,OPEN,104,0.0,0.0
35675508Y,12/22/2023,2002626,1060,SHERMAN AVENUE,BRONX,204,CLASS - 1,AC    28-302.1,Failure to Maintain Building Walls,OPEN,104,0.0,0.0
35675509X,12/22/2023,2003453,155,WEST  162 STREET,BRONX,204,CLASS - 1,AC    28-302.1,Failure to Maintain Building Walls,OPEN,104,0.0,0.0
35675511P,1/11/2024,2008145,1605,TOWNSEND AVENUE,BRONX,204,CLASS - 1,AC    28-302.1,Failure to Maintain Building Walls,OPEN,104,0.0,0.0
35675530K,12/6/2023,1056486,2647,BROADWAY,MANHATTAN,107,CLASS - 1,AC    28-302.1,Failure to Maintain Building Walls,OPEN,104,0.0,0.0
35675543J,12/20/2023,1000811,26,BROADWAY,MANHATTAN,101,CLASS - 1,AC    28-302.1,Failure to Maintain Building Walls,OPEN,104,0.0,0.0
35675545N,12/21/2023,4535114,43-43,KISSENA BOULEVARD,QUEENS,407,CLASS - 1,AC    28-302.1,Failure to Maintain Building Walls,OPEN,104,0.0,0.0
35675547R,12/21/2023,4005574,8-10,  27 AVENUE,QUEENS,401,CLASS - 1,AC    28-302.1,Failure to Maintain Building Walls,OPEN,104,0.0,0.0
35675552L,11/30/2023,4029673,80-02,  35 AVENUE,QUEENS,403,CLASS - 1,AC    28-302.1,Failure to Maintain Building Walls,OPEN,104,0.0,0.0
35675557K,12/6/2023,4037357,88-11,ELMHURST AVENUE,QUEENS,404,CLASS - 1,AC    28-302.1,Failure to Maintain Building Walls,OPEN,104,0.0,0.0
35675741K,9/25/2023,1054350,157,EAST  118 STREET,MANHATTAN,111,CLASS - 1,AC    28-302.1,Failure to Maintain Building Walls,OPEN,104,0.0,0.0
35675750M,10/19/2023,1044109,249,EAST   77 STREET,MANHATTAN,108,CLASS - 1,AC    28-302.1,Failure to Maintain Building Walls,OPEN,104,0.0,0.0
35676654R,2/22/2024,1008519,354,BOWERY,MANHATTAN,102,CLASS - 1,AC    28-302.1,Failure to Maintain Building Walls,OPEN,104,0.0,0.0
35676655Z,2/29/2024,1054095,51,EAST  126 STREET,MANHATTAN,111,CLASS - 1,AC    28-302.1,Failure to Maintain Building Walls,OPEN,104,0.0,0.0
35676846L,4/15/2024,1026425,440,WEST   45 STREET,MANHATTAN,104,CLASS - 1,AC    28-302.1,Failure to Maintain Building Walls,OPEN,104,0.0,0.0
35676869Y,4/25/2024,1058264,179,WEST  135 STREET,MANHATTAN,110,CLASS - 1,AC    28-302.1,Failure to Maintain Building Walls,OPEN,104,0.0,0.0
35677199Z,4/16/2025,3148355,7423,   5 AVENUE,BROOKLYN,310,CLASS - 1,28-302.1,Failure to Maintain Building Walls,OPEN,104,0.0,0.0
35679308H,6/17/2024,4143564,141-20,  77 ROAD,QUEENS,408,CLASS - 1,AC    28-302.1,Failure to Maintain Building Walls,OPEN,104,0.0,0.0
35679389Z,8/14/2024,3330107,15,ANTHONY STREET,BROOKLYN,301,CLASS - 1,AC    28-302.1,Failure to Maintain Building Walls,OPEN,104,0.0,0.0
35679624J,3/1/2024,2094766,170,EAST GUN HILL ROAD,BRONX,207,CLASS - 1,28-302.5,Failure to Protect the Public,OPEN,1E4,0.0,0.0
35679662K,12/26/2023,3392432,14,LYNCH STREET,BROOKLYN,301,CLASS - 1,AC    28-302.1,Failure to Maintain Building Walls,OPEN,104,0.0,0.0
35679663M,1/8/2024,1008075,144,SULLIVAN STREET,MANHATTAN,102,CLASS - 1,AC    28-302.1,Failure to Maintain Building Walls,OPEN,104,0.0,0.0
35679664Y,1/10/2024,1064335,867,WEST  181 STREET,MANHATTAN,112,CLASS - 1,AC    28-302.1,Failure to Maintain Building Walls,OPEN,104,0.0,0.0
35679681X,1/12/2024,3247881,2800,COYLE STREET,BROOKLYN,315,CLASS - 1,AC    28-302.1,Failure to Maintain Building Walls,OPEN,104,0.0,0.0
35679691J,2/1/2024,3399146,1055,ST JOHNS PLACE,BROOKLYN,308,CLASS - 1,28-302.5,Failure to Protect the Public,OPEN,1E4,0.0,0.0
35679701Y,12/26/2023,2092763,1760,BRUCKNER BOULEVARD,BRONX,209,CLASS - 1,AC    28-302.1,Failure to Maintain Building Walls,OPEN,104,0.0,0.0
35679702X,12/26/2023,2002848,1227,GRAND CONCOURSE,BRONX,204,CLASS - 1,AC    28-302.1,Failure to Maintain Building Walls,OPEN,104,0.0,0.0
35679708R,1/12/2024,2012798,725,GARDEN STREET,BRONX,206,CLASS - 1,AC    28-302.1,Failure to Maintain Building Walls,OPEN,104,0.0,0.0
35679720J,2/12/2024,2051220,2440,BRONX PARK EAST,BRONX,211,CLASS - 1,AC    28-302.1,Failure to Maintain Building Walls,OPEN,104,0.0,0.0
35679721L,2/12/2024,2017135,2720,GRAND CONCOURSE,BRONX,207,CLASS - 1,AC    28-302.1,Failure to Maintain Building Walls,OPEN,104,0.0,0.0
35679723P,2/12/2024,2015342,2751,UNIVERSITY AVENUE,BRONX,208,CLASS - 1,AC    28-302.1,Failure to Maintain Building Walls,OPEN,104,0.0,0.0
35679729X,1/10/2024,1018107,141,EAST   25 STREET,MANHATTAN,106,CLASS - 1,28-302.5,Failure to Protect the Public,OPEN,1E4,0.0,0.0
35679745X,2/5/2024,2014205,2205,DAVIDSON AVENUE,BRONX,205,CLASS - 1,AC    28-302.1,Failure to Maintain Building Walls,OPEN,104,0.0,0.0
35679811P,1/10/2024,2008313,1460,MACOMBS ROAD,BRONX,204,CLASS - 1,AC    28-302.1,Failure to Maintain Building Walls,OPEN,104,0.0,0.0
35679840Y,2/9/2024,1014982,109,WEST   24 STREET,MANHATTAN,104,CLASS - 1,AC    28-302.1,Failure to Maintain Building Walls,OPEN,104,0.0,0.0
35679845N,2/22/2024,1087295,492,   1 AVENUE,MANHATTAN,106,CLASS - 1,28-302.5,Failure to Protect the Public,OPEN,1E4,0.0,0.0
35679848Z,3/4/2024,1077761,190,AVENUE OF THE AMERICAS,MANHATTAN,102,CLASS - 1,AC    28-302.1,Failure to Maintain Building Walls,OPEN,104,0.0,0.0
35679907J,2/29/2024,2012955,800,EAST  180 STREET,BRONX,206,CLASS - 1,AC    28-302.1,Failure to Maintain Building Walls,OPEN,104,0.0,0.0
35679908L,2/29/2024,2012997,2111,SOUTHERN BOULEVARD,BRONX,206,CLASS - 1,28-302.5,Failure to Protect the Public,OPEN,1E4,0.0,0.0
35679909N,2/29/2024,2013303,2100,TIEBOUT AVENUE,BRONX,205,CLASS - 1,28-302.5,Failure to Protect the Public,OPEN,1E4,0.0,0.0
35679912Y,2/29/2024,2092392,1985,WEBSTER AVENUE,BRONX,205,CLASS - 1,28-302.5,Failure to Protect the Public,OPEN,1E4,0.0,0.0
35679913X,2/29/2024,2013284, 1978,VALENTINE AVENUE,BRONX,205,CLASS - 1,28-302.5,Failure to Protect the Public,OPEN,1E4,0.0,0.0
35679914H,3/1/2024,2013302,1880,VALENTINE AVENUE,BRONX,205,CLASS - 1,28-302.5,Failure to Protect the Public,OPEN,1E4,0.0,0.0
35679916L,3/6/2024,2017403,3184,GRAND CONCOURSE,BRONX,207,CLASS - 1,28-302.5,Failure to Protect the Public,OPEN,1E4,0.0,0.0
35679920Y,2/9/2024,3394276,535,KENT AVENUE,BROOKLYN,301,CLASS - 1,28-302.5,Failure to Protect the Public,OPEN,1E4,0.0,0.0
35679923J,4/8/2024,1079094,110,NASSAU STREET,MANHATTAN,101,CLASS - 1,28-302.5,Failure to Protect the Public,OPEN,1E4,0.0,0.0
35679929K,2/1/2024,2092763,1760,BRUCKNER BOULEVARD,BRONX,209,CLASS - 1,28-302.5,Failure to Protect the Public,OPEN,1E4,0.0,0.0
35679938M,3/5/2024,1057380,600,WEST  116 STREET,MANHATTAN,109,CLASS - 1,AC    28-302.1,Failure to Maintain Building Walls,OPEN,104,0.0,0.0
35679941N,3/7/2024,3183172,2232,OCEAN AVENUE,BROOKLYN,315,CLASS - 1,28-302.5,Failure to Protect the Public,OPEN,1E4,0.0,0.0
35679949H,3/16/2024,2013139,915,EAST  179 STREET,BRONX,206,CLASS - 1,AC    28-302.1,Failure to Maintain Building Walls,OPEN,104,0.0,0.0
35679961K,2/9/2024,1002434,42,BAYARD STREET,MANHATTAN,103,CLASS - 1,28-302.5,Failure to Protect the Public,OPEN,1E4,0.0,0.0
35679963Y,2/22/2024,2094767,3400,BAINBRIDGE AVENUE,BRONX,207,CLASS - 1,28-302.5,Failure to Protect the Public,OPEN,1E4,0.0,0.0
35679967L,3/4/2024,2018645,3536,HULL AVENUE,BRONX,207,CLASS - 1,AC    28-302.1,Failure to Maintain Building Walls,OPEN,104,0.0,0.0
35679971Y,3/4/2024,,3556,ROCHAMBEAN AVE,BRONX,   ,CLASS - 1,AC    28-302.1,Failure to Maintain Building Walls,OPEN,104,0.0,0.0
35679973H,3/6/2024,2016736,2974,PERRY AVENUE,BRONX,207,CLASS - 1,AC    28-302.1,Failure to Maintain Building Walls,OPEN,104,0.0,0.0
35679974J,3/6/2024,2016660,320,EAST  197 STREET,BRONX,207,CLASS - 1,AC    28-302.1,Failure to Maintain Building Walls,OPEN,104,0.0,0.0
35679988K,2/2/2024,4617972,65-70,AUSTIN STREET,QUEENS,406,CLASS - 1,28-302.5,Failure to Protect the Public,OPEN,1E4,0.0,0.0
35680006K,2/9/2024,2049530,2121,PAULDING AVENUE,BRONX,211,CLASS - 1,AC    28-302.1,Failure to Maintain Building Walls,OPEN,104,0.0,0.0
35680009X,2/12/2024,2015864,2805,HEATH AVENUE,BRONX,208,CLASS - 1,AC    28-302.1,Failure to Maintain Building Walls,OPEN,104,0.0,0.0
35680012R,2/21/2024,5108502,185,ST MARKS PLACE,STATEN ISLAND,501,CLASS - 1,28-302.5,Failure to Protect the Public,OPEN,1E4,0.0,0.0
35680017X,2/29/2024,3320735,2820,OCEAN AVENUE,BROOKLYN,313,CLASS - 1,AC    28-302.1,Failure to Maintain Building Walls,OPEN,104,0.0,0.0
35680018H,2/29/2024,3320734,425,NEPTUNE AVENUE,BROOKLYN,313,CLASS - 1,28-302.5,Failure to Protect the Public,OPEN,1E4,0.0,0.0
35680020R,3/1/2024,3320736,2765,WEST    5 STREET,BROOKLYN,313,CLASS - 1,AC    28-302.1,Failure to Maintain Building Walls,OPEN,104,0.0,0.0
35680057K,2/12/2024,1060177,2505,   7 AVENUE,MANHATTAN,110,CLASS - 1,AC    28-302.1,Failure to Maintain Building Walls,OPEN,104,0.0,0.0
35680061N,2/29/2024,1084652,37,WEST   24 STREET,MANHATTAN,105,CLASS - 1,28-302.5,Failure to Protect the Public,OPEN,1E4,0.0,0.0
35680088N,4/4/2024,2049415,750,PELHAM PARKWAY,BRONX,211,CLASS - 2,28-302.4,Failure to File Facade Technical Report,OPEN,230,0.0,0.0
35680095L,7/29/2024,3257059,140A,  58 STREET,BROOKLYN,307,CLASS - 1,AC    28-302.1,Failure to Maintain Building Walls,OPEN,104,0.0,0.0
35681528M,10/3/2024,1004524,241,EAST    7 STREET,MANHATTAN,103,CLASS - 1,AC    28-302.1,Failure to Maintain Building Walls,OPEN,104,0.0,0.0
35681615K,4/10/2024,2008313,1460,MACOMBS ROAD,BRONX,204,CLASS - 1,AC    28-302.1,Failure to Maintain Building Walls,OPEN,104,0.0,0.0
35681632M,4/12/2024,1064335,867,WEST  181 STREET,MANHATTAN,112,CLASS - 1,AC    28-302.1,Failure to Maintain Building Walls,OPEN,104,0.0,0.0
35681680R,4/9/2024,2014743,2325,UNIVERSITY AVENUE,BRONX,207,CLASS - 1,AC    28-302.1,Failure to Maintain Building Walls,OPEN,104,0.0,0.0
35681681Z,4/9/2024,2008928,1730,POPHAM AVENUE,BRONX,205,CLASS - 1,AC    28-302.1,Failure to Maintain Building Walls,OPEN,104,0.0,0.0
35681682K,4/9/2024,2008928,1730,POPHAM AVENUE,BRONX,205,CLASS - 1,AC    28-302.1,Failure to Maintain Building Walls,OPEN,104,0.0,0.0
35681684Y,4/16/2024,2002727,1064,CARROLL PLACE,BRONX,204,CLASS - 1,AC    28-302.1,Failure to Maintain Building Walls,OPEN,104,0.0,0.0
35681687J,4/16/2024,2002726,1050,CARROLL PLACE,BRONX,204,CLASS - 1,AC    28-302.1,Failure to Maintain Building Walls,OPEN,104,0.0,0.0
35681688L,4/17/2024,2002856,105,EAST  168 STREET,BRONX,204,CLASS - 1,AC    28-302.1,Failure to Maintain Building Walls,OPEN,104,0.0,0.0
35681692Y,4/17/2024,2002625,1056,SHERMAN AVENUE,BRONX,204,CLASS - 1,AC    28-302.1,Failure to Maintain Building Walls,OPEN,104,0.0,0.0
35681693X,4/22/2024,2007809,1530,SHERIDAN AVENUE,BRONX,204,CLASS - 1,AC    28-302.1,Failure to Maintain Building Walls,OPEN,104,0.0,0.0
35681694H,4/22/2024,2008120,1459,WYTHE PLACE,BRONX,204,CLASS - 1,AC    28-302.1,Failure to Maintain Building Walls,OPEN,104,0.0,0.0
35681696L,4/22/2024,2002811,917,SHERIDAN AVENUE,BRONX,204,CLASS - 1,AC    28-302.1,Failure to Maintain Building Walls,OPEN,104,0.0,0.0
35681698P,4/24/2024,2009716,605,EAST  169 STREET,BRONX,203,CLASS - 1,AC    28-302.1,Failure to Maintain Building Walls,OPEN,104,0.0,0.0
35681699R,4/24/2024,2002874,1035,GRAND CONCOURSE,BRONX,204,CLASS - 1,AC    28-302.1,Failure to Maintain Building Walls,OPEN,104,0.0,0.0
35681700P,4/8/2024,2007787,317-321,EAST  178 STREET,BRONX,205,CLASS - 1,AC    28-302.1,Failure to Maintain Building Walls,OPEN,104,0.0,0.0
35681703K,4/9/2024,2008046,14,MARCY PLACE,BRONX,204,CLASS - 1,AC    28-302.1,Failure to Maintain Building Walls,OPEN,104,0.0,0.0
35681706X,4/16/2024,2008964,226,WEST TREMONT AVENUE,BRONX,205,CLASS - 1,AC    28-302.1,Failure to Maintain Building Walls,OPEN,104,0.0,0.0
35681707H,4/16/2024,2007860,1684,GRAND CONCOURSE,BRONX,204,CLASS - 1,AC    28-302.1,Failure to Maintain Building Walls,OPEN,104,0.0,0.0
35681714X,4/22/2024,2002968,109,EAST  153 STREET,BRONX,204,CLASS - 1,AC    28-302.1,Failure to Maintain Building Walls,OPEN,104,0.0,0.0
35681716J,4/24/2024,2002810,180,EAST  163 STREET,BRONX,204,CLASS - 1,AC    28-302.1,Failure to Maintain Building Walls,OPEN,104,0.0,0.0
35681717L,4/24/2024,2002903,825,WALTON AVENUE,BRONX,204,CLASS - 1,AC    28-302.1,Failure to Maintain Building Walls,OPEN,104,0.0,0.0
35681719P,4/24/2024,2002894,690,GERARD AVENUE,BRONX,204,CLASS - 1,AC    28-302.1,Failure to Maintain Building Walls,OPEN,104,0.0,0.0
35681757X,5/8/2024,2097050,234,EAST  149 STREET,BRONX,201,CLASS - 1,28-302.5,Failure to Protect the Public,OPEN,1E4,0.0,0.0
35681764Y,5/14/2024,1083463,1785,   3 AVENUE,MANHATTAN,111,CLASS - 1,28-302.5,Failure to Protect the Public,OPEN,1E4,0.0,0.0
35681777N,4/18/2024,2002897,735,WALTON AVENUE,BRONX,204,CLASS - 1,AC    28-302.1,Failure to Maintain Building Walls,OPEN,104,0.0,0.0
35681779R,4/19/2024,2002898,721,WALTON AVENUE,BRONX,204,CLASS - 1,AC    28-302.1,Failure to Maintain Building Walls,OPEN,104,0.0,0.0
35681783J,4/25/2024,1037889,210,EAST   47 STREET,MANHATTAN,106,CLASS - 1,AC    28-302.1,Failure to Maintain Building Walls,OPEN,104,0.0,0.0
35681793N,4/26/2024,3257043,29,FLEET WALK,BROOKLYN,302,CLASS - 1,AC    28-302.1,Failure to Maintain Building Walls,OPEN,104,0.0,0.0
35681800M,4/17/2024,2002689,1210,SHERMAN AVENUE,BRONX,204,CLASS - 1,AC    28-302.1,Failure to Maintain Building Walls,OPEN,104,0.0,0.0
35681802X,4/17/2024,2002961,1155,WALTON AVENUE,BRONX,204,CLASS - 1,AC    28-302.1,Failure to Maintain Building Walls,OPEN,104,0.0,0.0
35681805L,4/29/2024,2009884,819,EAST  173 STREET,BRONX,203,CLASS - 1,AC    28-302.1,Failure to Maintain Building Walls,OPEN,104,0.0,0.0
35681806N,4/29/2024,2092440,2663,HEATH AVENUE,BRONX,207,CLASS - 1,AC    28-302.1,Failure to Maintain Building Walls,OPEN,104,0.0,0.0
35681808R,5/3/2024,1022666,129,WEST   46 STREET,MANHATTAN,105,CLASS - 1,AC    28-302.1,Failure to Maintain Building Walls,OPEN,104,0.0,0.0
35681835M,7/8/2024,2013436,2340,VALENTINE AVENUE,BRONX,205,CLASS - 1,AC    28-302.1,Failure to Maintain Building Walls,OPEN,104,0.0,0.0
35681836Y,7/8/2024,2013437,2350,VALENTINE AVENUE,BRONX,205,CLASS - 1,AC    28-302.1,Failure to Maintain Building Walls,OPEN,104,0.0,0.0
35681843M,7/17/2024,2002708,940,SHERIDAN AVENUE,BRONX,204,CLASS - 1,AC    28-302.1,Failure to Maintain Building Walls,OPEN,104,0.0,0.0
35681851M,4/19/2024,1061723,508,WEST  139 STREET,MANHATTAN,109,CLASS - 1,AC    28-302.1,Failure to Maintain Building Walls,OPEN,104,0.0,0.0
35681854H,4/19/2024,2002788,760,GRAND CONCOURSE,BRONX,204,CLASS - 1,AC    28-302.1,Failure to Maintain Building Walls,OPEN,104,0.0,0.0
35681860Y,5/2/2024,2004223,540,EAST  169 STREET,BRONX,203,CLASS - 1,AC    28-302.1,Failure to Maintain Building Walls,OPEN,104,0.0,0.0
35681862H,5/6/2024,2013306,333,EAST  181 STREET,BRONX,205,CLASS - 1,AC    28-302.1,Failure to Maintain Building Walls,OPEN,104,0.0,0.0
35681976X,4/23/2024,1083638,31,WEST   34 STREET,MANHATTAN,105,CLASS - 1,AC    28-302.1,Failure to Maintain Building Walls,OPEN,104,0.0,0.0
35681997P,7/9/2024,2011444,1975,BATHGATE AVENUE,BRONX,206,CLASS - 1,AC    28-302.1,Failure to Maintain Building Walls,OPEN,104,0.0,0.0
35682024N,5/7/2024,1060177,2505,   7 AVENUE,MANHATTAN,110,CLASS - 1,AC    28-302.1,Failure to Maintain Building Walls,OPEN,104,0.0,0.0
35682068P,5/24/2024,3331317,70,ROSS STREET,BROOKLYN,301,CLASS - 1,28-302.5,Failure to Protect the Public,OPEN,1E4,0.0,0.0
35682093R,2/27/2024,1039489,309,EAST   49 STREET,MANHATTAN,106,CLASS - 1,28-302.5,Failure to Protect the Public,OPEN,1E4,0.0,0.0
35682153J,3/4/2024,1001003,72,WALL STREET,MANHATTAN,101,CLASS - 1,AC    28-302.1,Failure to Maintain Building Walls,OPEN,104,0.0,0.0
35682154L,3/4/2024,1001099,174,BROADWAY,MANHATTAN,101,CLASS - 1,AC    28-302.1,Failure to Maintain Building Walls,OPEN,104,0.0,0.0
35682155N,2/21/2024,2084039,3840,GREYSTONE AVENUE,BRONX,208,CLASS - 1,AC    28-302.1,Failure to Maintain Building Walls,OPEN,104,0.0,0.0
35682157R,3/7/2024,2016817,271,EAST KINGSBRIDGE ROAD,BRONX,207,CLASS - 1,AC    28-302.1,Failure to Maintain Building Walls,OPEN,104,0.0,0.0
35682159K,3/8/2024,2015138,160,WEST KINGSBRIDGE ROAD,BRONX,207,CLASS - 1,AC    28-302.1,Failure to Maintain Building Walls,OPEN,104,0.0,0.0
35682165R,2/23/2024,1080450,324,EAST   41 STREET,MANHATTAN,106,CLASS - 1,28-302.5,Failure to Protect the Public,OPEN,1E4,0.0,0.0
35682166Z,3/20/2024,2014000,61,EAST  182 STREET,BRONX,205,CLASS - 1,AC    28-302.1,Failure to Maintain Building Walls,OPEN,104,0.0,0.0
35682168M,3/20/2024,2013998,2255,MORRIS AVENUE,BRONX,205,CLASS - 1,AC    28-302.1,Failure to Maintain Building Walls,OPEN,104,0.0,0.0
35682176M,2/23/2024,3122175,176,SEELEY STREET,BROOKLYN,307,CLASS - 1,28-302.5,Failure to Protect the Public,OPEN,1E4,0.0,0.0
35682183K,3/12/2024,1016044,15,WEST   39 STREET,MANHATTAN,105,CLASS - 1,AC    28-302.1,Failure to Maintain Building Walls,OPEN,104,0.0,0.0
35682186X,3/12/2024,1016016,54,WEST   39 STREET,MANHATTAN,105,CLASS - 1,AC    28-302.1,Failure to Maintain Building Walls,OPEN,104,0.0,0.0
35682238Z,3/7/2024,1063257,605,WEST  156 STREET,MANHATTAN,112,CLASS - 1,AC    28-302.1,Failure to Maintain Building Walls,OPEN,104,0.0,0.0
35682239K,3/7/2024,1063258,611,WEST  156 STREET,MANHATTAN,112,CLASS - 1,AC    28-302.1,Failure to Maintain Building Walls,OPEN,104,0.0,0.0
35682253R,3/8/2024,4446721,150-38,UNION TURNPIKE,QUEENS,408,CLASS - 1,28-302.5,Failure to Protect the Public,OPEN,1E4,0.0,0.0
35682260P,3/12/2024,3113855,3415,FARRAGUT ROAD,BROOKLYN,317,CLASS - 1,AC    28-302.1,Failure to Maintain Building Walls,OPEN,104,0.0,0.0
35682265Y,3/15/2024,3348311,580,WYTHE AVENUE,BROOKLYN,301,CLASS - 1,AC    28-302.1,Failure to Maintain Building Walls,OPEN,104,0.0,0.0
35682286N,3/19/2024,1080644,45,WEST   18 STREET,MANHATTAN,105,CLASS - 1,28-302.5,Failure to Protect the Public,OPEN,1E4,0.0,0.0
35682287P,3/19/2024,1080644,45,WEST   18 STREET,MANHATTAN,105,CLASS - 1,AC    28-302.1,Failure to Maintain Building Walls,OPEN,104,0.0,0.0
35682292J,4/19/2024,4436433,51-15,ALMEDA AVENUE,QUEENS,414,CLASS - 1,AC    28-302.1,Failure to Maintain Building Walls,OPEN,104,0.0,0.0
35682325R,3/11/2024,3342483,1415,LINDEN BOULEVARD,BROOKLYN,316,CLASS - 1,AC    28-302.1,Failure to Maintain Building Walls,OPEN,104,0.0,0.0
35682329Y,3/13/2024,2018686,415,EAST  204 STREET,BRONX,207,CLASS - 1,AC    28-302.1,Failure to Maintain Building Walls,OPEN,104,0.0,0.0
35682333R,3/20/2024,2014092,2315,WALTON AVENUE,BRONX,205,CLASS - 1,AC    28-302.1,Failure to Maintain Building Walls,OPEN,104,0.0,0.0
35682335K,3/20/2024,2014011,2325,MORRIS AVENUE,BRONX,205,CLASS - 1,AC    28-302.1,Failure to Maintain Building Walls,OPEN,104,0.0,0.0
35682336M,3/20/2024,2007627,124,EAST  177 STREET,BRONX,205,CLASS - 1,AC    28-302.1,Failure to Maintain Building Walls,OPEN,104,0.0,0.0
35682337Y,3/4/2024,2017818,3500,DEKALB AVENUE,BRONX,207,CLASS - 1,AC    28-302.1,Failure to Maintain Building Walls,OPEN,104,0.0,0.0
35682350Z,3/8/2024,1012857,455,WEST   34 STREET,MANHATTAN,104,CLASS - 1,AC    28-302.1,Failure to Maintain Building Walls,OPEN,104,0.0,0.0
35682356J,3/15/2024,2012615,1974,CROTONA AVENUE,BRONX,206,CLASS - 1,AC    28-302.1,Failure to Maintain Building Walls,OPEN,104,0.0,0.0
35682361Y,3/22/2024,2013579,2386,RYER AVENUE,BRONX,205,CLASS - 1,AC    28-302.1,Failure to Maintain Building Walls,OPEN,104,0.0,0.0
35682366N,3/26/2024,3332218,93,CENTRE MALL,BROOKLYN,306,CLASS - 1,AC    28-302.1,Failure to Maintain Building Walls,OPEN,104,0.0,0.0
35682369Z,4/1/2024,1027191,1,CENTRAL PARK WEST,MANHATTAN,107,CLASS - 1,AC    28-302.1,Failure to Maintain Building Walls,OPEN,104,0.0,0.0
35682373L,4/8/2024,2092719,820,COLGATE AVENUE,BRONX,209,CLASS - 1,AC    28-302.1,Failure to Maintain Building Walls,OPEN,104,0.0,0.0
35682380J,4/16/2024,3144193,260,  65 STREET,BROOKLYN,310,CLASS - 1,AC    28-302.1,Failure to Maintain Building Walls,OPEN,104,0.0,0.0
35682390N,4/19/2024,1064472,801,WEST  190 STREET,MANHATTAN,112,CLASS - 1,AC    28-302.1,Failure to Maintain Building Walls,OPEN,104,0.0,0.0
35682392R,4/19/2024,1082691,2600,BROADWAY,MANHATTAN,107,CLASS - 1,AC    28-302.1,Failure to Maintain Building Walls,OPEN,104,0.0,0.0
35682396Y,4/19/2024,1033562,252,WEST   91 STREET,MANHATTAN,107,CLASS - 1,AC    28-302.1,Failure to Maintain Building Walls,OPEN,104,0.0,0.0
35682436J,3/22/2024,1024832,260,WEST   54 STREET,MANHATTAN,105,CLASS - 1,28-302.5,Failure to Protect the Public,OPEN,1E4,0.0,0.0
35682450X,3/16/2024,2013131,901,EAST  179 STREET,BRONX,206,CLASS - 1,AC    28-302.1,Failure to Maintain Building Walls,OPEN,104,0.0,0.0
35682451H,3/19/2024,1035353,511,   5 AVENUE,MANHATTAN,105,CLASS - 1,AC    28-302.1,Failure to Maintain Building Walls,OPEN,104,0.0,0.0
35682452J,3/19/2024,4436341,170-30, 130 AVENUE,QUEENS,412,CLASS - 1,AC    28-302.1,Failure to Maintain Building Walls,OPEN,104,0.0,0.0
35682465Z,4/23/2024,4035454,82-15,  35 AVENUE,QUEENS,403,CLASS - 1,28-302.5,Failure to Protect the Public,OPEN,1E4,0.0,0.0
35682469X,5/2/2024,4077872,1,STATION SQUARE,QUEENS,406,CLASS - 1,AC    28-302.1,Failure to Maintain Building Walls,OPEN,104,0.0,0.0
35682514X,4/9/2024,1058515,2034,   7 AVENUE,MANHATTAN,110,CLASS - 1,AC    28-302.1,Failure to Maintain Building Walls,OPEN,104,0.0,0.0
35682523H,4/26/2024,2120355,830,FOX STREET,BRONX,202,CLASS - 1,AC    28-302.1,Failure to Maintain Building Walls,OPEN,104,0.0,0.0
35682527P,3/26/2024,2007560,236,MOUNT HOPE PLACE,BRONX,205,CLASS - 1,AC    28-302.1,Failure to Maintain Building Walls,OPEN,104,0.0,0.0
35682528R,3/26/2024,2013850,2192,MORRIS AVENUE,BRONX,205,CLASS - 1,AC    28-302.1,Failure to Maintain Building Walls,OPEN,104,0.0,0.0
35682532J,3/27/2024,2008438,1630,GRAND AVENUE,BRONX,205,CLASS - 1,AC    28-302.1,Failure to Maintain Building Walls,OPEN,104,0.0,0.0
35682533L,3/27/2024,2008471,1731,HARRISON AVENUE,BRONX,205,CLASS - 1,AC    28-302.1,Failure to Maintain Building Walls,OPEN,104,0.0,0.0
35682534N,3/27/2024,2007728,250,EAST  178 STREET,BRONX,205,CLASS - 1,AC    28-302.1,Failure to Maintain Building Walls,OPEN,104,0.0,0.0
35682539M,4/4/2024,2008113,1466,TOWNSEND AVENUE,BRONX,204,CLASS - 1,AC    28-302.1,Failure to Maintain Building Walls,OPEN,104,0.0,0.0
35682541L,4/8/2024,2007824,1546,SELWYN AVENUE,BRONX,204,CLASS - 1,AC    28-302.1,Failure to Maintain Building Walls,OPEN,104,0.0,0.0
35682548Y,4/16/2024,2003068,1130,ANDERSON AVENUE,BRONX,204,CLASS - 1,AC    28-302.1,Failure to Maintain Building Walls,OPEN,104,0.0,0.0
35682549X,4/17/2024,2002756,1188,SHERIDAN AVENUE,BRONX,204,CLASS - 1,AC    28-302.1,Failure to Maintain Building Walls,OPEN,104,0.0,0.0
35682554K,4/5/2024,2000679,2804,   3 AVENUE,BRONX,201,CLASS - 1,AC    28-302.1,Failure to Maintain Building Walls,OPEN,104,0.0,0.0
35682575J,3/28/2024,2094699,3400,CANNON PLACE,BRONX,208,CLASS - 1,AC    28-302.1,Failure to Maintain Building Walls,OPEN,104,0.0,0.0
35682579R,4/30/2024,2006148,1212,WESTCHESTER AVENUE,BRONX,202,CLASS - 1,AC    28-302.1,Failure to Maintain Building Walls,OPEN,104,0.0,0.0
35682580Y,5/1/2024,2010903,1029,FREEMAN STREET,BRONX,203,CLASS - 1,AC    28-302.1,Failure to Maintain Building Walls,OPEN,104,0.0,0.0
35682581X,5/1/2024,2005518,737,FOX STREET,BRONX,202,CLASS - 1,AC    28-302.1,Failure to Maintain Building Walls,OPEN,104,0.0,0.0
35682583J,5/1/2024,2004587,751,FOREST AVENUE,BRONX,201,CLASS - 1,AC    28-302.1,Failure to Maintain Building Walls,OPEN,104,0.0,0.0
35683617N,7/8/2024,2008127,1563,WALTON AVENUE,BRONX,204,CLASS - 1,AC    28-302.1,Failure to Maintain Building Walls,OPEN,104,0.0,0.0
35683625N,6/27/2024,1077761,190,AVENUE OF THE AMERICAS,MANHATTAN,102,CLASS - 1,AC    28-302.1,Failure to Maintain Building Walls,OPEN,104,0.0,0.0
35683640L,7/17/2024,3348311,580,WYTHE AVENUE,BROOKLYN,301,CLASS - 1,AC    28-302.1,Failure to Maintain Building Walls,OPEN,104,0.0,0.0
35683649H,7/25/2024,2009719,595,EAST  170 STREET,BRONX,203,CLASS - 1,AC    28-302.1,Failure to Maintain Building Walls,OPEN,104,0.0,0.0
35683700Y,6/27/2024,1082183,120,EAST   77 STREET,MANHATTAN,108,CLASS - 1,AC    28-302.1,Failure to Maintain Building Walls,OPEN,104,0.0,0.0
35683729H,7/16/2024,2007634,111,MOUNT HOPE PLACE,BRONX,205,CLASS - 1,AC    28-302.1,Failure to Maintain Building Walls,OPEN,104,0.0,0.0
35683775Z,7/16/2024,2014186,2185,DAVIDSON AVENUE,BRONX,205,CLASS - 1,AC    28-302.1,Failure to Maintain Building Walls,OPEN,104,0.0,0.0
35683776K,7/16/2024,2014223,5,BUCHANAN PLACE,BRONX,205,CLASS - 1,AC    28-302.1,Failure to Maintain Building Walls,OPEN,104,0.0,0.0
35683777M,7/16/2024,2013640,2055,ANTHONY AVENUE,BRONX,205,CLASS - 1,AC    28-302.1,Failure to Maintain Building Walls,OPEN,104,0.0,0.0
35683778Y,7/18/2024,2003535,190,WEST  170 STREET,BRONX,204,CLASS - 1,AC    28-302.1,Failure to Maintain Building Walls,OPEN,104,0.0,0.0
35683784K,7/22/2024,2006460,1314,SENECA AVENUE,BRONX,202,CLASS - 1,AC    28-302.1,Failure to Maintain Building Walls,OPEN,104,0.0,0.0
35683786Y,7/25/2024,2003158,1200,WOODYCREST AVENUE,BRONX,204,CLASS - 1,AC    28-302.1,Failure to Maintain Building Walls,OPEN,104,0.0,0.0
35683788H,7/25/2024,2003187,957,WOODYCREST AVENUE,BRONX,204,CLASS - 1,AC    28-302.1,Failure to Maintain Building Walls,OPEN,104,0.0,0.0
35683792K,8/5/2024,1001186,110,WILLIAM STREET,MANHATTAN,101,CLASS - 1,AC    28-302.1,Failure to Maintain Building Walls,OPEN,104,0.0,0.0
35683810P,7/24/2024,2014737,2280,ANDREWS AVENUE,BRONX,207,CLASS - 1,AC    28-302.1,Failure to Maintain Building Walls,OPEN,104,0.0,0.0
35683811R,7/26/2024,2003050,990,ANDERSON AVENUE,BRONX,204,CLASS - 1,AC    28-302.1,Failure to Maintain Building Walls,OPEN,104,0.0,0.0
35683818J,8/12/2024,1062823,580,WEST  161 STREET,MANHATTAN,112,CLASS - 1,AC    28-302.1,Failure to Maintain Building Walls,OPEN,104,0.0,0.0
35683820Z,8/15/2024,2093291,2100-2120,WALLACE AVENUE,BRONX,211,CLASS - 1,AC    28-302.1,Failure to Maintain Building Walls,OPEN,104,0.0,0.0
35683883X,9/4/2024,1041297,15,EAST   69 STREET,MANHATTAN,108,CLASS - 1,AC    28-302.1,Failure to Maintain Building Walls,OPEN,104,0.0,0.0
35683885J,4/15/2025,1056383,220,WEST   98 STREET,MANHATTAN,107,CLASS - 1,28-302.1,Failure to Maintain Building Walls,OPEN,104,0.0,0.0
35683887N,8/15/2025,1001672,2,LAFAYETTE STREET,MANHATTAN,101,CLASS - 1,28-302.1,Failure to Maintain Building Walls,OPEN,104,0.0,0.0
35683888P,9/11/2025,1043878,1153,   3 AVENUE,MANHATTAN,108,CLASS - 1,28-302.1,Failure to Maintain Building Walls,OPEN,104,0.0,0.0
35683906J,8/29/2024,1025133,349,WEST   48 STREET,MANHATTAN,104,CLASS - 1,AC    28-302.1,Failure to Maintain Building Walls,OPEN,104,0.0,0.0
35683907L,9/4/2024,1062489,938,ST NICHOLAS AVENUE,MANHATTAN,112,CLASS - 1,AC    28-302.1,Failure to Maintain Building Walls,OPEN,104,0.0,0.0
35683926R,8/3/2024,1038666,333,EAST   43 STREET,MANHATTAN,106,CLASS - 1,AC    28-302.1,Failure to Maintain Building Walls,OPEN,104,0.0,0.0
35683930J,8/14/2024,2083257,2287,JOHNSON AVENUE,BRONX,208,CLASS - 1,28-302.5,Failure to Protect the Public,OPEN,1E4,0.0,0.0
35683937M,8/29/2024,2100240,2020,SEDGWICK AVENUE,BRONX,205,CLASS - 1,28-302.5,Failure to Protect the Public,OPEN,1E4,0.0,0.0
35683940N,9/5/2024,1030396,220,WEST   71 STREET,MANHATTAN,107,CLASS - 1,AC    28-302.1,Failure to Maintain Building Walls,OPEN,104,0.0,0.0
35683943Z,10/4/2024,1024937,351,WEST   42 STREET,MANHATTAN,104,CLASS - 1,AC    28-302.1,Failure to Maintain Building Walls,OPEN,104,0.0,0.0
35683944K,10/4/2024,1013560,311,WEST   34 STREET,MANHATTAN,104,CLASS - 1,AC    28-302.1,Failure to Maintain Building Walls,OPEN,104,0.0,0.0
35683946Y,10/1/2024,1013429,300,WEST   23 STREET,MANHATTAN,104,CLASS - 1,AC    28-302.1,Failure to Maintain Building Walls,OPEN,104,0.0,0.0
35683967N,8/16/2024,1031783,150,WEST   80 STREET,MANHATTAN,107,CLASS - 1,AC    28-302.1,Failure to Maintain Building Walls,OPEN,104,0.0,0.0
35683986Z,8/2/2024,1056507,205,WEST  101 STREET,MANHATTAN,107,CLASS - 1,AC    28-302.1,Failure to Maintain Building Walls,OPEN,104,0.0,0.0
35684083M,8/13/2024,2092076,1458,WEBSTER AVENUE,BRONX,203,CLASS - 1,AC    28-302.1,Failure to Maintain Building Walls,OPEN,104,0.0,0.0
35684090K,8/20/2024,1037889,210,EAST   47 STREET,MANHATTAN,106,CLASS - 1,AC    28-302.1,Failure to Maintain Building Walls,OPEN,104,0.0,0.0
35684091M,8/13/2024,1082781,5480,BROADWAY,MANHATTAN,208,CLASS - 1,AC    28-302.1,Failure to Maintain Building Walls,OPEN,104,0.0,0.0
35684354P,10/31/2024,3155132,315,  93 STREET,BROOKLYN,310,CLASS - 1,AC    28-302.1,Failure to Maintain Building Walls,OPEN,104,0.0,0.0
35684357K,11/7/2024,2003554,1360,UNIVERSITY AVENUE,BRONX,204,CLASS - 1,AC    28-302.1,Failure to Maintain Building Walls,OPEN,104,0.0,0.0
35684481H,12/2/2024,3325744,347,MAUJER STREET,BROOKLYN,301,CLASS - 1,AC    28-302.1,Failure to Maintain Building Walls,OPEN,104,0.0,0.0
35684506P,3/3/2025,3036279,175,UTICA AVENUE,BROOKLYN,308,CLASS - 1,28-302.1,Failure to Maintain Building Walls,OPEN,104,0.0,0.0
35684514P,3/31/2025,3099679,78,EAST   52 STREET,BROOKLYN,317,CLASS - 1,28-302.1,Failure to Maintain Building Walls,OPEN,104,0.0,0.0
35684572N,3/12/2025,1005304,126,ORCHARD STREET,MANHATTAN,103,CLASS - 1,28-302.1,Failure to Maintain Building Walls,OPEN,104,0.0,0.0
35684599N,2/25/2025,4006216,23-35,  29 AVENUE,QUEENS,401,CLASS - 1,28-302.1,Failure to Maintain Building Walls,OPEN,104,0.0,0.0
35685049N,9/26/2024,2093364,2222,WALLACE AVENUE,BRONX,211,CLASS - 1,AC    28-302.1,Failure to Maintain Building Walls,OPEN,104,0.0,0.0
35685132Y,5/30/2024,1077590,275,CHERRY STREET,MANHATTAN,103,CLASS - 1,AC    28-302.1,Failure to Maintain Building Walls,OPEN,104,0.0,0.0
35685178J,5/16/2024,2002915,975,WALTON AVENUE,BRONX,204,CLASS - 1,AC    28-302.1,Failure to Maintain Building Walls,OPEN,104,0.0,0.0
35685189P,6/5/2024,1015785,284,   5 AVENUE,MANHATTAN,105,CLASS - 1,AC    28-302.1,Failure to Maintain Building Walls,OPEN,104,0.0,0.0
35685194J,6/11/2024,2083257,2287,JOHNSON AVENUE,BRONX,208,CLASS - 1,AC    28-302.1,Failure to Maintain Building Walls,OPEN,104,0.0,0.0
35685197P,6/11/2024,1055033,1871,   7 AVENUE,MANHATTAN,110,CLASS - 1,AC    28-302.1,Failure to Maintain Building Walls,OPEN,104,0.0,0.0
35685203M,5/3/2024,1016016,54,WEST   39 STREET,MANHATTAN,105,CLASS - 1,AC    28-302.1,Failure to Maintain Building Walls,OPEN,104,0.0,0.0
35685211M,5/20/2024,4540178,41-35,  67 STREET,QUEENS,402,CLASS - 1,AC    28-302.1,Failure to Maintain Building Walls,OPEN,104,0.0,0.0
35685218P,5/20/2024,4540143,142-28,  38 AVENUE,QUEENS,407,CLASS - 1,AC    28-302.1,Failure to Maintain Building Walls,OPEN,104,0.0,0.0
35685219R,5/10/2024,1083800,747,  10 AVENUE,MANHATTAN,104,CLASS - 1,AC    28-302.1,Failure to Maintain Building Walls,OPEN,104,0.0,0.0
35685220Y,5/14/2024,2083245,2500,JOHNSON AVENUE,BRONX,208,CLASS - 1,AC    28-302.1,Failure to Maintain Building Walls,OPEN,104,0.0,0.0
35685225N,5/7/2024,1060182,147,WEST  145 STREET,MANHATTAN,110,CLASS - 1,AC    28-302.1,Failure to Maintain Building Walls,OPEN,104,0.0,0.0
35685234P,5/17/2024,3115913,154,PARKSIDE AVENUE,BROOKLYN,314,CLASS - 1,AC    28-302.1,Failure to Maintain Building Walls,OPEN,104,0.0,0.0
35685235R,5/20/2024,2078917,280,LONGSTREET AVENUE,BRONX,210,CLASS - 1,AC    28-302.1,Failure to Maintain Building Walls,OPEN,104,0.0,0.0
35685238M,5/20/2024,2049415,750,PELHAM PARKWAY,BRONX,211,CLASS - 1,AC    28-302.1,Failure to Maintain Building Walls,OPEN,104,0.0,0.0
35685242P,5/9/2024,1063335,900,RIVERSIDE DRIVE,MANHATTAN,112,CLASS - 1,AC    28-302.1,Failure to Maintain Building Walls,OPEN,104,0.0,0.0
35685243R,5/9/2024,1063575,497,WEST  182 STREET,MANHATTAN,112,CLASS - 1,AC    28-302.1,Failure to Maintain Building Walls,OPEN,104,0.0,0.0
35685249H,5/20/2024,2007547,1882,GRAND CONCOURSE,BRONX,205,CLASS - 1,AC    28-302.1,Failure to Maintain Building Walls,OPEN,104,0.0,0.0
35685251R,5/31/2024,2092722,880,COLGATE AVENUE,BRONX,209,CLASS - 1,AC    28-302.1,Failure to Maintain Building Walls,OPEN,104,0.0,0.0
35685255Y,7/3/2024,4457773,155,BEACH   19 STREET,QUEENS,414,CLASS - 1,28-302.5,Failure to Protect the Public,OPEN,1E4,0.0,0.0
35685256X,6/14/2024,4436337,163-35, 130 AVENUE,QUEENS,412,CLASS - 1,AC    28-302.1,Failure to Maintain Building Walls,OPEN,104,0.0,0.0
35685260Z,7/9/2024,4038933,42-43,ITHACA STREET,QUEENS,404,CLASS - 1,28-302.5,Failure to Protect the Public,OPEN,1E4,0.0,0.0
35685262M,7/19/2024,4301620,19-25,SEAGIRT BOULEVARD,QUEENS,414,CLASS - 1,28-302.5,Failure to Protect the Public,OPEN,1E4,0.0,0.0
35685274J,8/13/2024,4014554,45-02,DITMARS BOULEVARD,QUEENS,401,CLASS - 1,AC    28-302.1,Failure to Maintain Building Walls,OPEN,104,0.0,0.0
35685285P,5/22/2024,2062877,4040,BRONX BOULEVARD,BRONX,212,CLASS - 1,AC    28-302.1,Failure to Maintain Building Walls,OPEN,104,0.0,0.0
35685291L,6/3/2024,4533099,141-05,NORTHERN BOULEVARD,QUEENS,407,CLASS - 1,28-302.5,Failure to Protect the Public,OPEN,1E4,0.0,0.0
35685298Y,6/10/2024,1065071,60,SEAMAN AVENUE,MANHATTAN,112,CLASS - 1,AC    28-302.1,Failure to Maintain Building Walls,OPEN,104,0.0,0.0
35685321N,6/12/2024,2094767,3400,BAINBRIDGE AVENUE,BRONX,207,CLASS - 1,AC    28-302.1,Failure to Maintain Building Walls,OPEN,104,0.0,0.0
35685365P,7/5/2024,2013903,2396,MORRIS AVENUE,BRONX,205,CLASS - 1,AC    28-302.1,Failure to Maintain Building Walls,OPEN,104,0.0,0.0
35685368K,7/5/2024,2013759,2187,GRAND CONCOURSE,BRONX,205,CLASS - 1,AC    28-302.1,Failure to Maintain Building Walls,OPEN,104,0.0,0.0
35685370J,7/5/2024,2013842,2095,CRESTON AVENUE,BRONX,205,CLASS - 1,AC    28-302.1,Failure to Maintain Building Walls,OPEN,104,0.0,0.0
35685372N,7/9/2024,2010993,2405,MARION AVENUE,BRONX,205,CLASS - 1,AC    28-302.1,Failure to Maintain Building Walls,OPEN,104,0.0,0.0
35685373P,7/9/2024,2013716,2175,RYER AVENUE,BRONX,205,CLASS - 1,AC    28-302.1,Failure to Maintain Building Walls,OPEN,104,0.0,0.0
35685384K,6/25/2024,3337867,1163,CARROLL STREET,BROOKLYN,309,CLASS - 1,AC    28-302.1,Failure to Maintain Building Walls,OPEN,104,0.0,0.0
35685388H,7/15/2024,1059941,571,RIVERSIDE DRIVE,MANHATTAN,109,CLASS - 1,AC    28-302.1,Failure to Maintain Building Walls,OPEN,104,0.0,0.0
35685393M,7/30/2024,2002710,974,SHERIDAN AVENUE,BRONX,204,CLASS - 1,AC    28-302.1,Failure to Maintain Building Walls,OPEN,104,0.0,0.0
35685394Y,7/30/2024,2005519,725,FOX STREET,BRONX,202,CLASS - 1,AC    28-302.1,Failure to Maintain Building Walls,OPEN,104,0.0,0.0
35685395X,7/30/2024,2000060,518,EAST  139 STREET,BRONX,201,CLASS - 1,AC    28-302.1,Failure to Maintain Building Walls,OPEN,104,0.0,0.0
35685399N,7/18/2024,2007857,1749,GRAND CONCOURSE,BRONX,205,CLASS - 1,28-302.5,Failure to Protect the Public,OPEN,1E4,0.0,0.0
35685401N,6/5/2024,2003865,390,JACKSON AVENUE,BRONX,201,CLASS - 1,AC    28-302.1,Failure to Maintain Building Walls,OPEN,104,0.0,0.0
35685402P,6/5/2024,2000059,510,EAST  139 STREET,BRONX,201,CLASS - 1,AC    28-302.1,Failure to Maintain Building Walls,OPEN,104,0.0,0.0
35685408X,6/12/2024,1080450,324,EAST   41 STREET,MANHATTAN,106,CLASS - 1,AC    28-302.1,Failure to Maintain Building Walls,OPEN,104,0.0,0.0
35685411R,6/17/2024,1028760,15,WEST   75 STREET,MANHATTAN,107,CLASS - 1,28-302.5,Failure to Protect the Public,OPEN,1E4,0.0,0.0
35685417H,6/20/2024,1063258,611,WEST  156 STREET,MANHATTAN,112,CLASS - 1,AC    28-302.1,Failure to Maintain Building Walls,OPEN,104,0.0,0.0
35685489R,7/18/2024,1015785,282,   5 AVENUE,MANHATTAN,105,CLASS - 1,28-302.5,Failure to Protect the Public,OPEN,1E4,0.0,0.0
35685493J,7/17/2024,4077872,1,STATION SQUARE,QUEENS,406,CLASS - 1,28-302.5,Failure to Protect the Public,OPEN,1E4,0.0,0.0
35685500Z,6/10/2024,1064542,1,ADRIAN AVENUE,MANHATTAN,208,CLASS - 1,AC    28-302.1,Failure to Maintain Building Walls,OPEN,104,0.0,0.0
35685565J,6/28/2024,4617972,65-70,AUSTIN STREET,QUEENS,406,CLASS - 1,28-302.5,Failure to Protect the Public,OPEN,1E4,0.0,0.0
35685581J,6/25/2024,2014962,2300,SEDGWICK AVENUE,BRONX,207,CLASS - 1,AC    28-302.1,Failure to Maintain Building Walls,OPEN,104,0.0,0.0
35685596M,10/17/2024,1001362,264,WATER STREET,MANHATTAN,101,CLASS - 1,AC    28-302.1,Failure to Maintain Building Walls,OPEN,104,0.0,0.0
35685598X,10/17/2024,1001362,264,WATER STREET,MANHATTAN,101,CLASS - 1,28-302.5,Failure to Protect the Public,OPEN,1E4,0.0,0.0
35686119Y,8/27/2024,4436332,168-10, 127 AVENUE,QUEENS,412,CLASS - 1,AC    28-302.1,Failure to Maintain Building Walls,OPEN,104,0.0,0.0
35686134M,9/4/2024,2011265,463,EAST  178 STREET,BRONX,206,CLASS - 1,AC    28-302.1,Failure to Maintain Building Walls,OPEN,104,0.0,0.0
35686182R,7/30/2024,1000811,26,BROADWAY,MANHATTAN,101,CLASS - 1,AC    28-302.1,Failure to Maintain Building Walls,OPEN,104,0.0,0.0
35686184K,8/27/2024,1064645,18,JACOBUS PLACE,MANHATTAN,208,CLASS - 1,AC    28-302.1,Failure to Maintain Building Walls,OPEN,104,0.0,0.0
35686190R,8/28/2024,2013776,2320,CRESTON AVENUE,BRONX,205,CLASS - 1,AC    28-302.1,Failure to Maintain Building Walls,OPEN,104,0.0,0.0
35686193M,8/29/2024,1001003,72,WALL STREET,MANHATTAN,101,CLASS - 1,AC    28-302.1,Failure to Maintain Building Walls,OPEN,104,0.0,0.0
35686197J,8/29/2024,2092706,1800,LAFAYETTE AVENUE,BRONX,209,CLASS - 1,28-302.5,Failure to Protect the Public,OPEN,1E4,0.0,0.0
35686207Y,8/3/2024,2008313,1460,MACOMBS ROAD,BRONX,204,CLASS - 1,AC    28-302.1,Failure to Maintain Building Walls,OPEN,104,0.0,0.0
35686209H,8/28/2024,1008184,308,MOTT STREET,MANHATTAN,102,CLASS - 1,AC    28-302.1,Failure to Maintain Building Walls,OPEN,104,0.0,0.0
35686228N,8/21/2024,2003158,1200,WOODYCREST AVENUE,BRONX,204,CLASS - 1,AC    28-302.1,Failure to Maintain Building Walls,OPEN,104,0.0,0.0
35686229P,8/21/2024,1062822,555,WEST  160 STREET,MANHATTAN,112,CLASS - 1,AC    28-302.1,Failure to Maintain Building Walls,OPEN,104,0.0,0.0
35686231Y,8/19/2024,2057644,624,EAST  222 STREET,BRONX,212,CLASS - 1,AC    28-302.1,Failure to Maintain Building Walls,OPEN,104,0.0,0.0
35686249M,8/16/2024,2062830,3905,CARPENTER AVENUE,BRONX,212,CLASS - 1,AC    28-302.1,Failure to Maintain Building Walls,OPEN,104,0.0,0.0
35686262R,9/13/2024,1000811,26,BROADWAY,MANHATTAN,101,CLASS - 1,AC    28-302.1,Failure to Maintain Building Walls,OPEN,104,0.0,0.0
35686264K,9/20/2024,1008791,710,BROADWAY,MANHATTAN,102,CLASS - 1,AC    28-302.1,Failure to Maintain Building Walls,OPEN,104,0.0,0.0
35686273M,11/12/2024,1030396,220,WEST   71 STREET,MANHATTAN,107,CLASS - 1,AC    28-302.1,Failure to Maintain Building Walls,OPEN,104,0.0,0.0
35686276H,8/28/2024,1013561,481,   8 AVENUE,MANHATTAN,104,CLASS - 1,AC    28-302.1,Failure to Maintain Building Walls,OPEN,104,0.0,0.0
35686277J,8/28/2024,1006576,57,   2 AVENUE,MANHATTAN,103,CLASS - 1,AC    28-302.1,Failure to Maintain Building Walls,OPEN,104,0.0,0.0
35686281M,9/9/2024,1053651,38,WEST  128 STREET,MANHATTAN,110,CLASS - 1,AC    28-302.1,Failure to Maintain Building Walls,OPEN,104,0.0,0.0
35686283X,9/9/2024,1057906,103,WEST  127 STREET,MANHATTAN,110,CLASS - 1,AC    28-302.1,Failure to Maintain Building Walls,OPEN,104,0.0,0.0
35686285J,9/9/2024,1054723,348,EAST  119 STREET,MANHATTAN,111,CLASS - 1,AC    28-302.1,Failure to Maintain Building Walls,OPEN,104,0.0,0.0
35686286L,9/11/2024,1052807,2101,   1 AVENUE,MANHATTAN,111,CLASS - 1,AC    28-302.1,Failure to Maintain Building Walls,OPEN,104,0.0,0.0
35686288P,9/11/2024,1043912,222,EAST   70 STREET,MANHATTAN,108,CLASS - 1,AC    28-302.1,Failure to Maintain Building Walls,OPEN,104,0.0,0.0
35686291X,9/16/2024,1062678,3750,BROADWAY,MANHATTAN,112,CLASS - 1,AC    28-302.1,Failure to Maintain Building Walls,OPEN,104,0.0,0.0
35686292H,9/16/2024,1062489,938,ST NICHOLAS AVENUE,MANHATTAN,112,CLASS - 1,AC    28-302.1,Failure to Maintain Building Walls,OPEN,104,0.0,0.0
35686298Z,9/9/2024,1053863,50,WEST  132 STREET,MANHATTAN,110,CLASS - 1,AC    28-302.1,Failure to Maintain Building Walls,OPEN,104,0.0,0.0
35686327Z,9/23/2024,2001077,175,EAST  151 STREET,BRONX,204,CLASS - 1,AC    28-302.1,Failure to Maintain Building Walls,OPEN,104,0.0,0.0
35686328K,9/27/2024,2102974,1935,EASTCHESTER ROAD,BRONX,211,CLASS - 1,AC    28-302.1,Failure to Maintain Building Walls,OPEN,104,0.0,0.0
35686329M,9/27/2024,2102975,1945,EASTCHESTER ROAD,BRONX,211,CLASS - 1,AC    28-302.1,Failure to Maintain Building Walls,OPEN,104,0.0,0.0
35686330J,9/27/2024,2127321,1925,EASTCHESTER ROAD,BRONX,211,CLASS - 1,AC    28-302.1,Failure to Maintain Building Walls,OPEN,104,0.0,0.0
35686334R,8/29/2024,2002904,835,WALTON AVENUE,BRONX,204,CLASS - 1,AC    28-302.1,Failure to Maintain Building Walls,OPEN,104,0.0,0.0
35686335Z,8/29/2024,2002971,751,GERARD AVENUE,BRONX,204,CLASS - 1,AC    28-302.1,Failure to Maintain Building Walls,OPEN,104,0.0,0.0
35686336K,8/29/2024,2002978,815,GERARD AVENUE,BRONX,204,CLASS - 1,AC    28-302.1,Failure to Maintain Building Walls,OPEN,104,0.0,0.0
35686337M,8/29/2024,2003161,1240,WOODYCREST AVENUE,BRONX,204,CLASS - 1,AC    28-302.1,Failure to Maintain Building Walls,OPEN,104,0.0,0.0
35686344K,10/22/2024,3326527,268,OSBORN STREET,BROOKLYN,316,CLASS - 1,AC    28-302.1,Failure to Maintain Building Walls,OPEN,104,0.0,0.0
35686348H,10/15/2024,,20,RISSE STREET,BRONX,   ,CLASS - 1,28-302.5,Failure to Protect the Public,OPEN,1E4,0.0,0.0
35686349J,11/4/2024,2014735,2266,ANDREWS AVENUE,BRONX,207,CLASS - 1,AC    28-302.1,Failure to Maintain Building Walls,OPEN,104,0.0,0.0
35686428H,9/12/2024,2017677,55,WEST MOSHOLU PARKWAY NORTH,BRONX,207,CLASS - 1,AC    28-302.1,Failure to Maintain Building Walls,OPEN,104,0.0,0.0
35686433M,9/13/2024,2084188,545,WEST  236 STREET,BRONX,208,CLASS - 1,AC    28-302.1,Failure to Maintain Building Walls,OPEN,104,0.0,0.0
35686435X,9/13/2024,2083553,222,WEST  233 STREET,BRONX,208,CLASS - 1,AC    28-302.1,Failure to Maintain Building Walls,OPEN,104,0.0,0.0
35686442Y,9/25/2024,2049739,2260,BRONX PARK EAST,BRONX,211,CLASS - 1,AC    28-302.1,Failure to Maintain Building Walls,OPEN,104,0.0,0.0
35686443X,9/25/2024,2051270,2504,BRONX PARK EAST,BRONX,211,CLASS - 1,AC    28-302.1,Failure to Maintain Building Walls,OPEN,104,0.0,0.0
35686449R,10/1/2024,2049733,655,PELHAM PARKWAY,BRONX,211,CLASS - 1,AC    28-302.1,Failure to Maintain Building Walls,OPEN,104,0.0,0.0
35686477Y,8/27/2024,1084106,450,WEST  131 STREET,MANHATTAN,109,CLASS - 1,AC    28-302.1,Failure to Maintain Building Walls,OPEN,104,0.0,0.0
35686504K,9/10/2024,4436333,168-20, 127 AVENUE,QUEENS,412,CLASS - 1,AC    28-302.1,Failure to Maintain Building Walls,OPEN,104,0.0,0.0
35686505M,9/11/2024,4436335,168-40, 127 AVENUE,QUEENS,412,CLASS - 1,AC    28-302.1,Failure to Maintain Building Walls,OPEN,104,0.0,0.0
35686509J,9/26/2024,4436334,168-30, 127 AVENUE,QUEENS,412,CLASS - 1,AC    28-302.1,Failure to Maintain Building Walls,OPEN,104,0.0,0.0
35686514Y,10/8/2024,2093569,801,TILDEN STREET,BRONX,212,CLASS - 1,AC    28-302.1,Failure to Maintain Building Walls,OPEN,104,0.0,0.0
35686521M,9/20/2024,1088631,795,COLUMBUS AVENUE,MANHATTAN,107,CLASS - 1,AC    28-302.1,Failure to Maintain Building Walls,OPEN,104,0.0,0.0
35686523X,9/20/2024,4113591,142-24,  38 AVENUE,QUEENS,407,CLASS - 1,AC    28-302.1,Failure to Maintain Building Walls,OPEN,104,0.0,0.0
35686575H,8/19/2024,2062854,3990,BRONX BOULEVARD,BRONX,212,CLASS - 1,AC    28-302.1,Failure to Maintain Building Walls,OPEN,104,0.0,0.0
35686594N,11/20/2024,2092722,880,COLGATE AVENUE,BRONX,209,CLASS - 1,AC    28-302.1,Failure to Maintain Building Walls,OPEN,104,0.0,0.0
35686597Z,11/22/2024,2127321,1925,EASTCHESTER ROAD,BRONX,211,CLASS - 1,AC    28-302.1,Failure to Maintain Building Walls,OPEN,104,0.0,0.0
35686598K,11/22/2024,2102975,1945,EASTCHESTER ROAD,BRONX,211,CLASS - 1,AC    28-302.1,Failure to Maintain Building Walls,OPEN,104,0.0,0.0
35686599M,11/22/2024,2102974,1935,EASTCHESTER ROAD,BRONX,211,CLASS - 1,AC    28-302.1,Failure to Maintain Building Walls,OPEN,104,0.0,0.0
35686610Y,10/11/2024,1060873,310,WEST  153 STREET,MANHATTAN,110,CLASS - 1,AC    28-302.1,Failure to Maintain Building Walls,OPEN,104,0.0,0.0
35686621J,11/1/2024,2049398,2197,CRUGER AVENUE,BRONX,211,CLASS - 1,AC    28-302.1,Failure to Maintain Building Walls,OPEN,104,0.0,0.0
35686625R,9/25/2024,1030522,238,WEST   73 STREET,MANHATTAN,107,CLASS - 1,AC    28-302.1,Failure to Maintain Building Walls,OPEN,104,0.0,0.0
35686628M,10/2/2024,1031306,15,WEST   84 STREET,MANHATTAN,107,CLASS - 1,AC    28-302.1,Failure to Maintain Building Walls,OPEN,104,0.0,0.0
35686629Y,10/2/2024,1030847,252,WEST   76 STREET,MANHATTAN,107,CLASS - 1,AC    28-302.1,Failure to Maintain Building Walls,OPEN,104,0.0,0.0
35686631N,10/4/2024,1048647,221,EAST   82 STREET,MANHATTAN,108,CLASS - 1,AC    28-302.1,Failure to Maintain Building Walls,OPEN,104,0.0,0.0
35686632P,10/4/2024,1041080,37,EAST   64 STREET,MANHATTAN,108,CLASS - 1,AC    28-302.1,Failure to Maintain Building Walls,OPEN,104,0.0,0.0
35686634Z,10/7/2024,1031595,621,COLUMBUS AVENUE,MANHATTAN,107,CLASS - 1,AC    28-302.1,Failure to Maintain Building Walls,OPEN,104,0.0,0.0
35686635K,10/7/2024,1031595,621,COLUMBUS AVENUE,MANHATTAN,107,CLASS - 1,28-302.5,Failure to Protect the Public,OPEN,1E4,0.0,0.0
35686642Z,10/16/2024,1081374,517,EAST  116 STREET,MANHATTAN,111,CLASS - 1,AC    28-302.1,Failure to Maintain Building Walls,OPEN,104,0.0,0.0
35686645Y,10/21/2024,1083643,510,WEST  121 STREET,MANHATTAN,109,CLASS - 1,AC    28-302.1,Failure to Maintain Building Walls,OPEN,104,0.0,0.0
35686646X,10/21/2024,1082738,1046,AMSTERDAM AVENUE,MANHATTAN,109,CLASS - 1,AC    28-302.1,Failure to Maintain Building Walls,OPEN,104,0.0,0.0
35686652M,10/3/2024,2051408,789,WARING AVENUE,BRONX,211,CLASS - 1,AC    28-302.1,Failure to Maintain Building Walls,OPEN,104,0.0,0.0
35686655H,10/7/2024,2050026,2226,HOLLAND AVENUE,BRONX,211,CLASS - 1,AC    28-302.1,Failure to Maintain Building Walls,OPEN,104,0.0,0.0
35686658N,10/7/2024,2050020,2206,HOLLAND AVENUE,BRONX,211,CLASS - 1,AC    28-302.1,Failure to Maintain Building Walls,OPEN,104,0.0,0.0
35686664J,10/15/2024,2057332,3650,BRONX BOULEVARD,BRONX,212,CLASS - 1,AC    28-302.1,Failure to Maintain Building Walls,OPEN,104,0.0,0.0
35686665L,10/15/2024,2057434,3750,BRONX BOULEVARD,BRONX,212,CLASS - 1,AC    28-302.1,Failure to Maintain Building Walls,OPEN,104,0.0,0.0
35686668R,10/16/2024,2017603,2877,GRAND CONCOURSE,BRONX,207,CLASS - 1,AC    28-302.1,Failure to Maintain Building Walls,OPEN,104,0.0,0.0
35686673L,10/21/2024,2049410,2141,HOLLAND AVENUE,BRONX,211,CLASS - 1,AC    28-302.1,Failure to Maintain Building Walls,OPEN,104,0.0,0.0
35686676R,10/9/2024,3327720,604,WINTHROP STREET,BROOKLYN,309,CLASS - 1,28-302.5,Failure to Protect the Public,OPEN,1E4,0.0,0.0
35686677Z,8/28/2024,2014900,161,WEST  180 STREET,BRONX,205,CLASS - 1,28-302.5,Failure to Protect the Public,OPEN,1E4,0.0,0.0
35686683P,11/13/2024,1088830,45,EAST  131 STREET,MANHATTAN,111,CLASS - 1,AC    28-302.1,Failure to Maintain Building Walls,OPEN,104,0.0,0.0
35686685Z,11/13/2024,1040895,27,EAST   62 STREET,MANHATTAN,108,CLASS - 1,28-302.5,Failure to Protect the Public,OPEN,1E4,0.0,0.0
35686690N,9/10/2024,3327720,604,WINTHROP STREET,BROOKLYN,309,CLASS - 1,28-302.5,Failure to Protect the Public,OPEN,1E4,0.0,0.0
35686720P,12/19/2024,1053082,441,EAST  116 STREET,MANHATTAN,111,CLASS - 1,28-302.5,Failure to Protect the Public,OPEN,1E4,0.0,0.0
35686721R,12/19/2024,1051500,21,EAST  104 STREET,MANHATTAN,111,CLASS - 1,28-302.5,Failure to Protect the Public,OPEN,1E4,0.0,0.0
35686722Z,12/19/2024,1051501,29,EAST  104 STREET,MANHATTAN,111,CLASS - 1,28-302.5,Failure to Protect the Public,OPEN,1E4,0.0,0.0
35686723K,12/19/2024,1051847,177-179,EAST  101 STREET,MANHATTAN,111,CLASS - 1,28-302.5,Failure to Protect the Public,OPEN,1E4,0.0,0.0
35686775M,10/28/2024,1064728,240,NAGLE AVENUE,MANHATTAN,112,CLASS - 1,AC    28-302.1,Failure to Maintain Building Walls,OPEN,104,0.0,0.0
35686785X,11/4/2024,2014737,2280,ANDREWS AVENUE,BRONX,207,CLASS - 1,AC    28-302.1,Failure to Maintain Building Walls,OPEN,104,0.0,0.0
35686790K,11/12/2024,1084029,30,MORNINGSIDE DRIVE,MANHATTAN,109,CLASS - 1,AC    28-302.1,Failure to Maintain Building Walls,OPEN,104,0.0,0.0
35686791M,11/12/2024,1048569,240,EAST   82 STREET,MANHATTAN,108,CLASS - 1,AC    28-302.1,Failure to Maintain Building Walls,OPEN,104,0.0,0.0
35686799R,11/19/2024,2057644,624,EAST  222 STREET,BRONX,212,CLASS - 1,AC    28-302.1,Failure to Maintain Building Walls,OPEN,104,0.0,0.0
35686803K,10/24/2024,3332224,748,HENRY STREET,BROOKLYN,306,CLASS - 1,28-302.5,Failure to Protect the Public,OPEN,1E4,0.0,0.0
35686846K,12/5/2024,4436335,168-40, 127 AVENUE,QUEENS,412,CLASS - 1,AC    28-302.1,Failure to Maintain Building Walls,OPEN,104,0.0,0.0
35686847M,11/27/2024,4436332,168-10, 127 AVENUE,QUEENS,412,CLASS - 1,AC    28-302.1,Failure to Maintain Building Walls,OPEN,104,0.0,0.0
35686850N,10/21/2024,2048825,2132-2138,WALLACE AVENUE,BRONX,211,CLASS - 1,AC    28-302.1,Failure to Maintain Building Walls,OPEN,104,0.0,0.0
35686854K,10/23/2024,2049403,2140,CRUGER AVENUE,BRONX,211,CLASS - 1,AC    28-302.1,Failure to Maintain Building Walls,OPEN,104,0.0,0.0
35686856Y,10/23/2024,2049399,2187,CRUGER AVENUE,BRONX,211,CLASS - 1,AC    28-302.1,Failure to Maintain Building Walls,OPEN,104,0.0,0.0
35686858H,10/25/2024,2017483,2675,CRESTON AVENUE,BRONX,207,CLASS - 1,AC    28-302.1,Failure to Maintain Building Walls,OPEN,104,0.0,0.0
35686864Y,10/29/2024,2050016,2225,HOLLAND AVENUE,BRONX,211,CLASS - 1,AC    28-302.1,Failure to Maintain Building Walls,OPEN,104,0.0,0.0
35686869N,10/16/2024,2050370,1235,PELHAM PARKWAY,BRONX,211,CLASS - 1,AC    28-302.1,Failure to Maintain Building Walls,OPEN,104,0.0,0.0
35686871M,10/31/2024,2048793,2095,CRUGER AVENUE,BRONX,211,CLASS - 1,AC    28-302.1,Failure to Maintain Building Walls,OPEN,104,0.0,0.0
35686872Y,11/6/2024,2048779,2041,HOLLAND AVENUE,BRONX,211,CLASS - 1,AC    28-302.1,Failure to Maintain Building Walls,OPEN,104,0.0,0.0
35686874H,11/6/2024,2049414,2180,HOLLAND AVENUE,BRONX,211,CLASS - 1,AC    28-302.1,Failure to Maintain Building Walls,OPEN,104,0.0,0.0
35686900M,11/1/2024,1060179,159,WEST  145 STREET,MANHATTAN,110,CLASS - 1,AC    28-302.1,Failure to Maintain Building Walls,OPEN,104,0.0,0.0
35686902X,11/1/2024,1058613,2294,   8 AVENUE,MANHATTAN,110,CLASS - 1,AC    28-302.1,Failure to Maintain Building Walls,OPEN,104,0.0,0.0
35686903H,11/1/2024,1060395,2640,   8 AVENUE,MANHATTAN,110,CLASS - 1,AC    28-302.1,Failure to Maintain Building Walls,OPEN,104,0.0,0.0
35686906N,11/6/2024,1057452,152,WEST  118 STREET,MANHATTAN,110,CLASS - 1,AC    28-302.1,Failure to Maintain Building Walls,OPEN,104,0.0,0.0
35686908R,10/30/2024,1055892,143,WEST   96 STREET,MANHATTAN,107,CLASS - 1,AC    28-302.1,Failure to Maintain Building Walls,OPEN,104,0.0,0.0
35686914N,11/19/2024,1016132,220,PARK AVENUE SOUTH,MANHATTAN,105,CLASS - 1,AC    28-302.1,Failure to Maintain Building Walls,OPEN,104,0.0,0.0
35686923P,12/3/2024,1061551,408,WEST  150 STREET,MANHATTAN,109,CLASS - 1,AC    28-302.1,Failure to Maintain Building Walls,OPEN,104,0.0,0.0
35686967R,11/20/2024,4533965,136-16,  35 AVENUE,QUEENS,407,CLASS - 1,AC    28-302.1,Failure to Maintain Building Walls,OPEN,104,0.0,0.0
35686973N,12/5/2024,2051270,2504,BRONX PARK EAST,BRONX,211,CLASS - 1,AC    28-302.1,Failure to Maintain Building Walls,OPEN,104,0.0,0.0
35686974P,12/5/2024,2041222,2145,STARLING AVENUE,BRONX,209,CLASS - 1,AC    28-302.1,Failure to Maintain Building Walls,OPEN,104,0.0,0.0
35686977K,10/31/2024,2016643,2661,MARION AVENUE,BRONX,207,CLASS - 1,28-302.5,Failure to Protect the Public,OPEN,1E4,0.0,0.0
35686995Y,12/2/2024,1062678,3750,BROADWAY,MANHATTAN,112,CLASS - 1,AC    28-302.1,Failure to Maintain Building Walls,OPEN,104,0.0,0.0
35686996X,12/2/2024,1060873,310,WEST  153 STREET,MANHATTAN,110,CLASS - 1,AC    28-302.1,Failure to Maintain Building Walls,OPEN,104,0.0,0.0
35686997H,12/2/2024,1048647,221,EAST   82 STREET,MANHATTAN,108,CLASS - 1,AC    28-302.1,Failure to Maintain Building Walls,OPEN,104,0.0,0.0
35686998J,12/2/2024,1041080,37,EAST   64 STREET,MANHATTAN,108,CLASS - 1,AC    28-302.1,Failure to Maintain Building Walls,OPEN,104,0.0,0.0
35687003R,11/12/2024,2014745,2305,UNIVERSITY AVENUE,BRONX,207,CLASS - 1,AC    28-302.1,Failure to Maintain Building Walls,OPEN,104,0.0,0.0
35687007Y,11/15/2024,2047887,2009,CRUGER AVENUE,BRONX,211,CLASS - 1,AC    28-302.1,Failure to Maintain Building Walls,OPEN,104,0.0,0.0
35687008X,11/15/2024,2008142,1549,TOWNSEND AVENUE,BRONX,204,CLASS - 1,AC    28-302.1,Failure to Maintain Building Walls,OPEN,104,0.0,0.0
35687018J,11/20/2024,2050008,735,PELHAM PARKWAY,BRONX,211,CLASS - 1,AC    28-302.1,Failure to Maintain Building Walls,OPEN,104,0.0,0.0
35687019L,11/20/2024,2049423,780,PELHAM PARKWAY,BRONX,211,CLASS - 1,AC    28-302.1,Failure to Maintain Building Walls,OPEN,104,0.0,0.0
35687021K,11/20/2024,2049435,810,PELHAM PARKWAY,BRONX,211,CLASS - 1,AC    28-302.1,Failure to Maintain Building Walls,OPEN,104,0.0,0.0
35687022M,11/22/2024,2048777,2040,BRONXDALE AVENUE,BRONX,211,CLASS - 1,AC    28-302.1,Failure to Maintain Building Walls,OPEN,104,0.0,0.0
35687024X,11/22/2024,2049244,1150,PELHAM PARKWAY,BRONX,211,CLASS - 1,AC    28-302.1,Failure to Maintain Building Walls,OPEN,104,0.0,0.0
35687029P,11/19/2024,2095357,1724,CROTONA PARK EAST,BRONX,203,CLASS - 1,AC    28-302.1,Failure to Maintain Building Walls,OPEN,104,0.0,0.0
35687033H,11/20/2024,2049370,2166,BRONX PARK EAST,BRONX,211,CLASS - 1,AC    28-302.1,Failure to Maintain Building Walls,OPEN,104,0.0,0.0
35687039Z,11/26/2024,2054877,2911,BARNES AVENUE,BRONX,211,CLASS - 1,AC    28-302.1,Failure to Maintain Building Walls,OPEN,104,0.0,0.0
35687044N,12/6/2024,1051248,530,EAST   86 STREET,MANHATTAN,108,CLASS - 1,AC    28-302.1,Failure to Maintain Building Walls,OPEN,104,0.0,0.0
35687046R,12/11/2024,2002821,185,EAST  163 STREET,BRONX,204,CLASS - 1,AC    28-302.1,Failure to Maintain Building Walls,OPEN,104,0.0,0.0
35687049M,12/19/2024,2023565,1064,MANOR AVENUE,BRONX,209,CLASS - 1,AC    28-302.1,Failure to Maintain Building Walls,OPEN,104,0.0,0.0
35687050J,11/14/2024,1004485,272,EAST    7 STREET,MANHATTAN,103,CLASS - 1,AC    28-302.1,Failure to Maintain Building Walls,OPEN,104,0.0,0.0
35687053P,11/20/2024,1008791,710,BROADWAY,MANHATTAN,102,CLASS - 1,AC    28-302.1,Failure to Maintain Building Walls,OPEN,104,0.0,0.0
35687054R,11/22/2024,1008184,308,MOTT STREET,MANHATTAN,102,CLASS - 1,AC    28-302.1,Failure to Maintain Building Walls,OPEN,104,0.0,0.0
35687056K,12/2/2024,1031306,15,WEST   84 STREET,MANHATTAN,107,CLASS - 1,AC    28-302.1,Failure to Maintain Building Walls,OPEN,104,0.0,0.0
35687057M,12/2/2024,1030847,252,WEST   76 STREET,MANHATTAN,107,CLASS - 1,AC    28-302.1,Failure to Maintain Building Walls,OPEN,104,0.0,0.0
35687058Y,12/2/2024,1024937,351,WEST   42 STREET,MANHATTAN,104,CLASS - 1,AC    28-302.1,Failure to Maintain Building Walls,OPEN,104,0.0,0.0
35687059X,12/5/2024,1000811,26,BROADWAY,MANHATTAN,101,CLASS - 1,AC    28-302.1,Failure to Maintain Building Walls,OPEN,104,0.0,0.0
35687060N,12/10/2024,1001003,72,WALL STREET,MANHATTAN,101,CLASS - 1,AC    28-302.1,Failure to Maintain Building Walls,OPEN,104,0.0,0.0
35687062R,12/17/2024,1001362,264,WATER STREET,MANHATTAN,101,CLASS - 1,AC    28-302.1,Failure to Maintain Building Walls,OPEN,104,0.0,0.0
35687065M,12/30/2024,3393877,349,METROPOLITAN AVENUE,BROOKLYN,301,CLASS - 1,AC    28-302.1,Failure to Maintain Building Walls,OPEN,104,0.0,0.0
35687073M,12/19/2024,1064728,240,NAGLE AVENUE,MANHATTAN,112,CLASS - 1,AC    28-302.1,Failure to Maintain Building Walls,OPEN,104,0.0,0.0
35687095N,12/3/2024,2017483,2675,CRESTON AVENUE,BRONX,207,CLASS - 1,AC    28-302.1,Failure to Maintain Building Walls,OPEN,104,0.0,0.0
35687096P,12/3/2024,2049399,2187,CRUGER AVENUE,BRONX,211,CLASS - 1,AC    28-302.1,Failure to Maintain Building Walls,OPEN,104,0.0,0.0
35687098Z,12/3/2024,2049403,2140,CRUGER AVENUE,BRONX,211,CLASS - 1,AC    28-302.1,Failure to Maintain Building Walls,OPEN,104,0.0,0.0
35687099K,12/5/2024,2051408,789,WARING AVENUE,BRONX,211,CLASS - 1,AC    28-302.1,Failure to Maintain Building Walls,OPEN,104,0.0,0.0
35688234Z,1/8/2025,3041236,298,MARION STREET,BROOKLYN,303,CLASS - 1,AC    28-302.1,Failure to Maintain Building Walls,OPEN,104,0.0,0.0
35688443P,2/25/2025,3036279,175,UTICA AVENUE,BROOKLYN,308,CLASS - 1,28-302.1,Failure to Maintain Building Walls,OPEN,104,0.0,0.0
35689120P,12/23/2024,1024857,204,WEST   55 STREET,MANHATTAN,105,CLASS - 1,28-302.5,Failure to Protect the Public,OPEN,1E4,0.0,0.0
35689121R,12/27/2024,1086515,462,   1 AVENUE,MANHATTAN,106,CLASS - 1,28-302.5,Failure to Protect the Public,OPEN,1E4,0.0,0.0
35689136J,11/22/2024,2051226,630,MACE AVENUE,BRONX,211,CLASS - 1,AC    28-302.1,Failure to Maintain Building Walls,OPEN,104,0.0,0.0
35689140M,12/5/2024,2048825,2132-2138,WALLACE AVENUE,BRONX,211,CLASS - 1,AC    28-302.1,Failure to Maintain Building Walls,OPEN,104,0.0,0.0
35689141Y,12/5/2024,2049410,2141,HOLLAND AVENUE,BRONX,211,CLASS - 1,AC    28-302.1,Failure to Maintain Building Walls,OPEN,104,0.0,0.0
35689147P,12/10/2024,2017603,2877,GRAND CONCOURSE,BRONX,207,CLASS - 1,AC    28-302.1,Failure to Maintain Building Walls,OPEN,104,0.0,0.0
35689148R,12/10/2024,2017170,2860,GRAND CONCOURSE,BRONX,207,CLASS - 1,AC    28-302.1,Failure to Maintain Building Walls,OPEN,104,0.0,0.0
35689177X,11/20/2024,3047981,575,HERKIMER STREET,BROOKLYN,303,CLASS - 1,AC    28-302.1,Failure to Maintain Building Walls,OPEN,104,0.0,0.0
35689200P,11/22/2024,2049739,2260,BRONX PARK EAST,BRONX,211,CLASS - 1,AC    28-302.1,Failure to Maintain Building Walls,OPEN,104,0.0,0.0
35689201R,12/3/2024,2003173,1180,ANDERSON AVENUE,BRONX,204,CLASS - 1,AC    28-302.1,Failure to Maintain Building Walls,OPEN,104,0.0,0.0
35689203K,12/5/2024,2057434,3750,BRONX BOULEVARD,BRONX,212,CLASS - 1,AC    28-302.1,Failure to Maintain Building Walls,OPEN,104,0.0,0.0
35689204M,12/5/2024,2057332,3650,BRONX BOULEVARD,BRONX,212,CLASS - 1,AC    28-302.1,Failure to Maintain Building Walls,OPEN,104,0.0,0.0
35689206X,12/12/2024,2010014,765,EAST  175 STREET,BRONX,206,CLASS - 1,AC    28-302.1,Failure to Maintain Building Walls,OPEN,104,0.0,0.0
35689208J,12/17/2024,2050016,2225,HOLLAND AVENUE,BRONX,211,CLASS - 1,AC    28-302.1,Failure to Maintain Building Walls,OPEN,104,0.0,0.0
35689211K,12/19/2024,1060395,2640,   8 AVENUE,MANHATTAN,110,CLASS - 1,AC    28-302.1,Failure to Maintain Building Walls,OPEN,104,0.0,0.0
35689212M,12/19/2024,1058613,2294,   8 AVENUE,MANHATTAN,110,CLASS - 1,AC    28-302.1,Failure to Maintain Building Walls,OPEN,104,0.0,0.0
35689213Y,12/19/2024,1057452,152,WEST  118 STREET,MANHATTAN,110,CLASS - 1,AC    28-302.1,Failure to Maintain Building Walls,OPEN,104,0.0,0.0
35689218N,1/15/2025,2011265,463,EAST  178 STREET,BRONX,206,CLASS - 1,AC    28-302.1,Failure to Maintain Building Walls,OPEN,104,0.0,0.0
35689219P,1/29/2025,2049423,780,PELHAM PARKWAY,BRONX,211,CLASS - 1,AC    28-302.1,Failure to Maintain Building Walls,OPEN,104,0.0,0.0
35689220M,1/29/2025,2049435,810,PELHAM PARKWAY,BRONX,211,CLASS - 1,AC    28-302.1,Failure to Maintain Building Walls,OPEN,104,0.0,0.0
35689225L,11/26/2024,2053720,788,ARNOW AVENUE,BRONX,211,CLASS - 1,AC    28-302.1,Failure to Maintain Building Walls,OPEN,104,0.0,0.0
35689229Z,11/26/2024,2050014,2251,HOLLAND AVENUE,BRONX,211,CLASS - 1,AC    28-302.1,Failure to Maintain Building Walls,OPEN,104,0.0,0.0
35689232J,12/2/2024,2013436,2340,VALENTINE AVENUE,BRONX,205,CLASS - 1,AC    28-302.1,Failure to Maintain Building Walls,OPEN,104,0.0,0.0
35689234N,12/2/2024,2013437,2350,VALENTINE AVENUE,BRONX,205,CLASS - 1,AC    28-302.1,Failure to Maintain Building Walls,OPEN,104,0.0,0.0
35689238K,12/2/2024,2007808,1520,SHERIDAN AVENUE,BRONX,204,CLASS - 1,AC    28-302.1,Failure to Maintain Building Walls,OPEN,104,0.0,0.0
35689239M,12/10/2024,2013850,2192,MORRIS AVENUE,BRONX,205,CLASS - 1,AC    28-302.1,Failure to Maintain Building Walls,OPEN,104,0.0,0.0
35689242N,12/12/2024,2051491,777,MACE AVENUE,BRONX,211,CLASS - 1,AC    28-302.1,Failure to Maintain Building Walls,OPEN,104,0.0,0.0
35689244R,12/12/2024,2049450,2196,MATTHEWS AVENUE,BRONX,211,CLASS - 1,AC    28-302.1,Failure to Maintain Building Walls,OPEN,104,0.0,0.0
35689245Z,12/12/2024,2049428,2121,MATTHEWS AVENUE,BRONX,211,CLASS - 1,AC    28-302.1,Failure to Maintain Building Walls,OPEN,104,0.0,0.0
35689249X,12/17/2024,2009327,1686,CLAY AVENUE,BRONX,204,CLASS - 1,AC    28-302.1,Failure to Maintain Building Walls,OPEN,104,0.0,0.0
35689250N,12/3/2024,1061738,500,WEST  140 STREET,MANHATTAN,109,CLASS - 1,AC    28-302.1,Failure to Maintain Building Walls,OPEN,104,0.0,0.0
35689256Y,1/24/2025,2054877,2911,BARNES AVENUE,BRONX,211,CLASS - 1,AC    28-302.1,Failure to Maintain Building Walls,OPEN,104,0.0,0.0
35689257X,1/28/2025,2062854,3990,BRONX BOULEVARD,BRONX,212,CLASS - 1,AC    28-302.1,Failure to Maintain Building Walls,OPEN,104,0.0,0.0
35689259J,1/28/2025,2057644,624,EAST  222 STREET,BRONX,212,CLASS - 1,AC    28-302.1,Failure to Maintain Building Walls,OPEN,104,0.0,0.0
35689264Y,1/29/2025,2049244,1150,PELHAM PARKWAY,BRONX,211,CLASS - 1,AC    28-302.1,Failure to Maintain Building Walls,OPEN,104,0.0,0.0
35689265X,1/29/2025,2048777,2040,BRONXDALE AVENUE,BRONX,211,CLASS - 1,AC    28-302.1,Failure to Maintain Building Walls,OPEN,104,0.0,0.0
35689275J,12/5/2024,2049733,655,PELHAM PARKWAY,BRONX,211,CLASS - 1,AC    28-302.1,Failure to Maintain Building Walls,OPEN,104,0.0,0.0
35689283J,12/13/2024,2048821,2075,WALLACE AVENUE,BRONX,211,CLASS - 1,AC    28-302.1,Failure to Maintain Building Walls,OPEN,104,0.0,0.0
35689284L,12/13/2024,2014737,2280,ANDREWS AVENUE,BRONX,207,CLASS - 1,AC    28-302.1,Failure to Maintain Building Walls,OPEN,104,0.0,0.0
35689290H,12/19/2024,1077426,258,BROADWAY,MANHATTAN,101,CLASS - 1,AC    28-302.1,Failure to Maintain Building Walls,OPEN,104,0.0,0.0
35689294P,12/20/2024,3246946,2775,EAST   12 STREET,BROOKLYN,315,CLASS - 1,AC    28-302.1,Failure to Maintain Building Walls,OPEN,104,0.0,0.0
35689298M,1/2/2025,4436334,168-30, 127 AVENUE,QUEENS,412,CLASS - 1,AC    28-302.1,Failure to Maintain Building Walls,OPEN,104,0.0,0.0
35689300M,12/3/2024,1809565,1040,AMSTERDAM AVENUE,MANHATTAN,109,CLASS - 1,AC    28-302.1,Failure to Maintain Building Walls,OPEN,104,0.0,0.0
35689301Y,12/3/2024,1031595,621,COLUMBUS AVENUE,MANHATTAN,107,CLASS - 1,AC    28-302.1,Failure to Maintain Building Walls,OPEN,104,0.0,0.0
35689306N,12/12/2024,1037568,711,   3 AVENUE,MANHATTAN,106,CLASS - 1,AC    28-302.1,Failure to Maintain Building Walls,OPEN,104,0.0,0.0
35689310X,12/17/2024,1064275,454,FORT WASHINGTON AVENUE,MANHATTAN,112,CLASS - 1,AC    28-302.1,Failure to Maintain Building Walls,OPEN,104,0.0,0.0
35689320J,12/26/2024,1064337,815,WEST  181 STREET,MANHATTAN,112,CLASS - 1,AC    28-302.1,Failure to Maintain Building Walls,OPEN,104,0.0,0.0
35689321L,12/30/2024,3095889,675,LINCOLN AVENUE,BROOKLYN,305,CLASS - 1,AC    28-302.1,Failure to Maintain Building Walls,OPEN,104,0.0,0.0
35689350K,12/5/2024,2013139,915,EAST  179 STREET,BRONX,206,CLASS - 1,AC    28-302.1,Failure to Maintain Building Walls,OPEN,104,0.0,0.0
35689351M,12/10/2024,2050370,1235,PELHAM PARKWAY,BRONX,211,CLASS - 1,AC    28-302.1,Failure to Maintain Building Walls,OPEN,104,0.0,0.0
35689354H,12/10/2024,2049414,2180,HOLLAND AVENUE,BRONX,211,CLASS - 1,AC    28-302.1,Failure to Maintain Building Walls,OPEN,104,0.0,0.0
35689357N,12/12/2024,2049398,2197,CRUGER AVENUE,BRONX,211,CLASS - 1,AC    28-302.1,Failure to Maintain Building Walls,OPEN,104,0.0,0.0
35689370H,1/6/2025,2023896,1158,BOYNTON AVENUE,BRONX,209,CLASS - 1,AC    28-302.1,Failure to Maintain Building Walls,OPEN,104,0.0,0.0
35689372L,1/7/2025,4014554,45-02,DITMARS BOULEVARD,QUEENS,401,CLASS - 1,AC    28-302.1,Failure to Maintain Building Walls,OPEN,104,0.0,0.0
35689373N,1/13/2025,2084188,545,WEST  236 STREET,BRONX,208,CLASS - 1,AC    28-302.1,Failure to Maintain Building Walls,OPEN,104,0.0,0.0
35689382P,12/19/2024,1069595,101,WEST   58 STREET,MANHATTAN,105,CLASS - 1,28-302.5,Failure to Protect the Public,OPEN,1E4,0.0,0.0
35689383R,1/6/2025,2002801,185,EAST  159 STREET,BRONX,204,CLASS - 1,AC    28-302.1,Failure to Maintain Building Walls,OPEN,104,0.0,0.0
35689384Z,12/30/2024,1086515,430,   1 AVENUE,MANHATTAN,106,CLASS - 1,28-302.5,Failure to Protect the Public,OPEN,1E4,0.0,0.0
35689385K,1/28/2025,3425004,610,WARREN STREET,BROOKLYN,306,CLASS - 1,28-302.5,Failure to Protect the Public,OPEN,1E4,0.0,0.0
35689389H,2/4/2025,1086515,462,   1 AVENUE,MANHATTAN,106,CLASS - 1,28-302.5,Failure to Protect the Public,OPEN,1E4,0.0,0.0
35689394M,2/27/2025,3058922,99,LAFAYETTE AVENUE,BROOKLYN,302,CLASS - 1,28-302.5,Failure to Protect the Public,OPEN,1E4,0.0,0.0
35689396X,3/5/2025,4618555,102-40,DITMARS BOULEVARD,QUEENS,403,CLASS - 1,28-302.5,Failure to Protect the Public,OPEN,1E4,0.0,0.0
35689422K,12/28/2024,2023533,1065,MANOR AVENUE,BRONX,209,CLASS - 1,AC    28-302.1,Failure to Maintain Building Walls,OPEN,104,0.0,0.0
35689423M,12/28/2024,2046183,1610,MAHAN AVENUE,BRONX,210,CLASS - 1,AC    28-302.1,Failure to Maintain Building Walls,OPEN,104,0.0,0.0
35689462P,1/3/2025,1065020,520,WEST  218 STREET,MANHATTAN,112,CLASS - 1,AC    28-302.1,Failure to Maintain Building Walls,OPEN,104,0.0,0.0
35689466M,1/8/2025,1009134,817,BROADWAY,MANHATTAN,102,CLASS - 1,AC    28-302.1,Failure to Maintain Building Walls,OPEN,104,0.0,0.0
35689477H,12/17/2024,2048793,2095,CRUGER AVENUE,BRONX,211,CLASS - 1,AC    28-302.1,Failure to Maintain Building Walls,OPEN,104,0.0,0.0
35689482M,12/18/2024,2093291,2100,WALLACE AVENUE,BRONX,211,CLASS - 1,AC    28-302.1,Failure to Maintain Building Walls,OPEN,104,0.0,0.0
35689486J,12/26/2024,2014745,2305,UNIVERSITY AVENUE,BRONX,207,CLASS - 1,AC    28-302.1,Failure to Maintain Building Walls,OPEN,104,0.0,0.0
35689490M,12/26/2024,2008928,1730,POPHAM AVENUE,BRONX,205,CLASS - 1,AC    28-302.1,Failure to Maintain Building Walls,OPEN,104,0.0,0.0
35689492X,12/27/2024,1004485,272,EAST    7 STREET,MANHATTAN,103,CLASS - 1,AC    28-302.1,Failure to Maintain Building Walls,OPEN,104,0.0,0.0
35689493H,1/10/2025,4037308,42-02,LAYTON STREET,QUEENS,404,CLASS - 1,AC    28-302.1,Failure to Maintain Building Walls,OPEN,104,0.0,0.0
35689495L,1/10/2025,4432113,108-53,  62 DRIVE,QUEENS,406,CLASS - 1,AC    28-302.1,Failure to Maintain Building Walls,OPEN,104,0.0,0.0
35689509N,1/6/2025,2025881,1990,ELLIS AVENUE,BRONX,209,CLASS - 1,AC    28-302.1,Failure to Maintain Building Walls,OPEN,104,0.0,0.0
35689510K,1/14/2025,2027626,1306,FTELEY AVENUE,BRONX,209,CLASS - 1,AC    28-302.1,Failure to Maintain Building Walls,OPEN,104,0.0,0.0
35689511M,1/27/2025,5108960,176,SCHMIDTS LANE,STATEN ISLAND,502,CLASS - 1,28-302.5,Failure to Protect the Public,OPEN,1E4,0.0,0.0
35689512Y,1/27/2025,5108961,34,LA GUARDIA AVENUE,STATEN ISLAND,502,CLASS - 1,28-302.5,Failure to Protect the Public,OPEN,1E4,0.0,0.0
35689513X,1/27/2025,5108963,801,MANOR ROAD,STATEN ISLAND,502,CLASS - 1,28-302.5,Failure to Protect the Public,OPEN,1E4,0.0,0.0
35689514H,1/27/2025,5108962,235,WESTWOOD AVENUE,STATEN ISLAND,502,CLASS - 1,28-302.5,Failure to Protect the Public,OPEN,1E4,0.0,0.0
35689515J,1/27/2025,5108965,263,WESTWOOD AVENUE,STATEN ISLAND,502,CLASS - 1,28-302.5,Failure to Protect the Public,OPEN,1E4,0.0,0.0
35689516L,1/27/2025,5110030,773,MANOR ROAD,STATEN ISLAND,502,CLASS - 1,28-302.5,Failure to Protect the Public,OPEN,1E4,0.0,0.0
35689519R,2/12/2025,2013929,75,EAST  190 STREET,BRONX,207,CLASS - 1,AC    28-302.1,Failure to Maintain Building Walls,OPEN,104,0.0,0.0
35689524L,2/14/2025,2015423,115,WEST  197 STREET,BRONX,208,CLASS - 1,AC    28-302.1,Failure to Maintain Building Walls,OPEN,104,0.0,0.0
35689525N,12/17/2024,2009328,1690,CLAY AVENUE,BRONX,204,CLASS - 1,AC    28-302.1,Failure to Maintain Building Walls,OPEN,104,0.0,0.0
35689530H,12/19/2024,2002289,1200,COLLEGE AVENUE,BRONX,204,CLASS - 1,AC    28-302.1,Failure to Maintain Building Walls,OPEN,104,0.0,0.0
35689532L,12/26/2024,4432075,65-45,YELLOWSTONE BOULEVARD,QUEENS,406,CLASS - 1,AC    28-302.1,Failure to Maintain Building Walls,OPEN,104,0.0,0.0
35689537K,12/26/2024,4432072,65-15,YELLOWSTONE BOULEVARD,QUEENS,406,CLASS - 1,AC    28-302.1,Failure to Maintain Building Walls,OPEN,104,0.0,0.0
35689542P,12/30/2024,4050542,99-44,  62 AVENUE,QUEENS,406,CLASS - 1,AC    28-302.1,Failure to Maintain Building Walls,OPEN,104,0.0,0.0
35689545K,1/4/2025,2049530,2121,PAULDING AVENUE,BRONX,211,CLASS - 1,AC    28-302.1,Failure to Maintain Building Walls,OPEN,104,0.0,0.0
35689547Y,1/4/2025,2023772,1160,EVERGREEN AVENUE,BRONX,209,CLASS - 1,AC    28-302.1,Failure to Maintain Building Walls,OPEN,104,0.0,0.0
35689548X,1/7/2025,2014092,2315,WALTON AVENUE,BRONX,205,CLASS - 1,AC    28-302.1,Failure to Maintain Building Walls,OPEN,104,0.0,0.0
35689552Z,1/6/2025,2005634,940,TIFFANY STREET,BRONX,202,CLASS - 1,AC    28-302.1,Failure to Maintain Building Walls,OPEN,104,0.0,0.0
35689559L,2/5/2025,1060873,310,WEST  153 STREET,MANHATTAN,110,CLASS - 1,AC    28-302.1,Failure to Maintain Building Walls,OPEN,104,0.0,0.0
35689563Y,2/14/2025,1013560,311,WEST   34 STREET,MANHATTAN,104,CLASS - 1,AC    28-302.1,Failure to Maintain Building Walls,OPEN,104,0.0,0.0
35689564X,2/19/2025,1001003,72,WALL STREET,MANHATTAN,101,CLASS - 1,28-302.1,Failure to Maintain Building Walls,OPEN,104,0.0,0.0
35689567L,2/21/2025,1060395,2640,   8 AVENUE,MANHATTAN,110,CLASS - 1,28-302.1,Failure to Maintain Building Walls,OPEN,104,0.0,0.0
35689568N,2/21/2025,1058613,2294,   8 AVENUE,MANHATTAN,110,CLASS - 1,28-302.1,Failure to Maintain Building Walls,OPEN,104,0.0,0.0
35689570M,2/27/2025,1001362,264,WATER STREET,MANHATTAN,101,CLASS - 1,28-302.1,Failure to Maintain Building Walls,OPEN,104,0.0,0.0
35689581H,1/18/2025,2051264,2440,OLINVILLE AVENUE,BRONX,211,CLASS - 1,AC    28-302.1,Failure to Maintain Building Walls,OPEN,104,0.0,0.0
35689584N,1/25/2025,2014011,2325,MORRIS AVENUE,BRONX,205,CLASS - 1,AC    28-302.1,Failure to Maintain Building Walls,OPEN,104,0.0,0.0
35689587Z,1/25/2025,2013770,2255,GRAND CONCOURSE,BRONX,205,CLASS - 1,AC    28-302.1,Failure to Maintain Building Walls,OPEN,104,0.0,0.0
35689595Z,2/11/2025,2008839,1715,NELSON AVENUE,BRONX,205,CLASS - 1,AC    28-302.1,Failure to Maintain Building Walls,OPEN,104,0.0,0.0
35689596K,2/15/2025,1059831,452,RIVERSIDE DRIVE,MANHATTAN,109,CLASS - 1,28-302.5,Failure to Protect the Public,OPEN,1E4,0.0,0.0
35689597M,2/15/2025,1059869,528,RIVERSIDE DRIVE,MANHATTAN,109,CLASS - 1,28-302.5,Failure to Protect the Public,OPEN,1E4,0.0,0.0
35689598Y,2/15/2025,1059828,460,RIVERSIDE DRIVE,MANHATTAN,109,CLASS - 1,28-302.5,Failure to Protect the Public,OPEN,1E4,0.0,0.0
35689606P,1/6/2025,4208850,90-04, 161 STREET,QUEENS,412,CLASS - 1,AC    28-302.1,Failure to Maintain Building Walls,OPEN,104,0.0,0.0
35689609K,1/10/2025,3343250,760,ELDERT LANE,BROOKLYN,305,CLASS - 1,AC    28-302.1,Failure to Maintain Building Walls,OPEN,104,0.0,0.0
35689612L,1/10/2025,3343253,790,ELDERT LANE,BROOKLYN,305,CLASS - 1,AC    28-302.1,Failure to Maintain Building Walls,OPEN,104,0.0,0.0
35689614P,1/13/2025,1030396,220,WEST   71 STREET,MANHATTAN,107,CLASS - 1,AC    28-302.1,Failure to Maintain Building Walls,OPEN,104,0.0,0.0
35689621N,1/24/2025,2028123,1420,NOBLE AVENUE,BRONX,209,CLASS - 1,AC    28-302.1,Failure to Maintain Building Walls,OPEN,104,0.0,0.0
35689622P,1/24/2025,2048791,2125,CRUGER AVENUE,BRONX,211,CLASS - 1,AC    28-302.1,Failure to Maintain Building Walls,OPEN,104,0.0,0.0
35689625K,1/4/2025,2025350,1245,STRATFORD AVENUE,BRONX,209,CLASS - 1,AC    28-302.1,Failure to Maintain Building Walls,OPEN,104,0.0,0.0
35689628X,1/4/2025,2025349,1255,STRATFORD AVENUE,BRONX,209,CLASS - 1,AC    28-302.1,Failure to Maintain Building Walls,OPEN,104,0.0,0.0
35689629H,1/11/2025,2084352,6141,BROADWAY,BRONX,208,CLASS - 1,AC    28-302.1,Failure to Maintain Building Walls,OPEN,104,0.0,0.0
35689631R,1/15/2025,4114264,133-01,SANFORD AVENUE,QUEENS,407,CLASS - 1,AC    28-302.1,Failure to Maintain Building Walls,OPEN,104,0.0,0.0
35689637H,1/15/2025,4431311,33-51,  80 STREET,QUEENS,403,CLASS - 1,AC    28-302.1,Failure to Maintain Building Walls,OPEN,104,0.0,0.0
35689638J,1/16/2025,4431307,33-52,  81 STREET,QUEENS,403,CLASS - 1,AC    28-302.1,Failure to Maintain Building Walls,OPEN,104,0.0,0.0
35689639L,1/16/2025,4431314,33-40,  81 STREET,QUEENS,403,CLASS - 1,AC    28-302.1,Failure to Maintain Building Walls,OPEN,104,0.0,0.0
35689640Z,1/15/2025,4431310,33-39,  80 STREET,QUEENS,403,CLASS - 1,AC    28-302.1,Failure to Maintain Building Walls,OPEN,104,0.0,0.0
35689641K,1/16/2025,4431308,33-15,  80 STREET,QUEENS,403,CLASS - 1,AC    28-302.1,Failure to Maintain Building Walls,OPEN,104,0.0,0.0
35689642M,1/16/2025,4431312,33-16,  81 STREET,QUEENS,403,CLASS - 1,AC    28-302.1,Failure to Maintain Building Walls,OPEN,104,0.0,0.0
35689643Y,1/16/2025,4431313,33-28,  81 STREET,QUEENS,403,CLASS - 1,AC    28-302.1,Failure to Maintain Building Walls,OPEN,104,0.0,0.0
35689644X,1/16/2025,4431309,33-27,  80 STREET,QUEENS,403,CLASS - 1,AC    28-302.1,Failure to Maintain Building Walls,OPEN,104,0.0,0.0
35689660X,1/15/2025,2097987,254,EAST  203 STREET,BRONX,207,CLASS - 1,28-302.5,Failure to Protect the Public,OPEN,1E4,0.0,0.0
35689663L,1/25/2025,2007632,125,MOUNT HOPE PLACE,BRONX,205,CLASS - 1,AC    28-302.1,Failure to Maintain Building Walls,OPEN,104,0.0,0.0
35689664N,1/25/2025,2008512,1718,GRAND AVENUE,BRONX,205,CLASS - 1,AC    28-302.1,Failure to Maintain Building Walls,OPEN,104,0.0,0.0
35689670J,2/7/2025,2012841,2357,PROSPECT AVENUE,BRONX,206,CLASS - 1,AC    28-302.1,Failure to Maintain Building Walls,OPEN,104,0.0,0.0
35689680N,1/10/2025,2015035,1945,LORING PLACE,BRONX,205,CLASS - 1,AC    28-302.1,Failure to Maintain Building Walls,OPEN,104,0.0,0.0
35689682R,1/11/2025,2006556,735,BRYANT AVENUE,BRONX,202,CLASS - 1,AC    28-302.1,Failure to Maintain Building Walls,OPEN,104,0.0,0.0
35689689J,1/17/2025,2013384,2206,VALENTINE AVENUE,BRONX,205,CLASS - 1,AC    28-302.1,Failure to Maintain Building Walls,OPEN,104,0.0,0.0
35689691Z,1/17/2025,2013619,2544,VALENTINE AVENUE,BRONX,207,CLASS - 1,AC    28-302.1,Failure to Maintain Building Walls,OPEN,104,0.0,0.0
35689695X,1/23/2025,2002904,835,WALTON AVENUE,BRONX,204,CLASS - 1,AC    28-302.1,Failure to Maintain Building Walls,OPEN,104,0.0,0.0
35689697J,1/23/2025,2002971,751,GERARD AVENUE,BRONX,204,CLASS - 1,AC    28-302.1,Failure to Maintain Building Walls,OPEN,104,0.0,0.0
35689746R,1/27/2025,3047981,575,HERKIMER STREET,BROOKLYN,303,CLASS - 1,AC    28-302.1,Failure to Maintain Building Walls,OPEN,104,0.0,0.0
35689749M,1/29/2025,1062489,938,ST NICHOLAS AVENUE,MANHATTAN,112,CLASS - 1,AC    28-302.1,Failure to Maintain Building Walls,OPEN,104,0.0,0.0
35689751L,1/9/2025,4065248,86-05,  60 ROAD,QUEENS,406,CLASS - 1,AC    28-302.1,Failure to Maintain Building Walls,OPEN,104,0.0,0.0
35689756K,1/3/2025,1003345,48,HENRY STREET,MANHATTAN,103,CLASS - 1,28-302.5,Failure to Protect the Public,OPEN,1E4,0.0,0.0
35689758Y,1/17/2025,2008120,1459,WYTHE PLACE,BRONX,204,CLASS - 1,AC    28-302.1,Failure to Maintain Building Walls,OPEN,104,0.0,0.0
35689763Z,1/23/2025,2007314,1660,TOPPING AVENUE,BRONX,204,CLASS - 1,AC    28-302.1,Failure to Maintain Building Walls,OPEN,104,0.0,0.0
35689765M,1/23/2025,2008337,11,WEST  172 STREET,BRONX,204,CLASS - 1,AC    28-302.1,Failure to Maintain Building Walls,OPEN,104,0.0,0.0
35689767X,1/24/2025,2015734,2899,KINGSBRIDGE TERRACE,BRONX,208,CLASS - 1,AC    28-302.1,Failure to Maintain Building Walls,OPEN,104,0.0,0.0
35689770R,1/9/2025,4115789,138-15,FRANKLIN AVENUE,QUEENS,407,CLASS - 1,AC    28-302.1,Failure to Maintain Building Walls,OPEN,104,0.0,0.0
35689771Z,1/24/2025,2016025,3873,ORLOFF AVENUE,BRONX,208,CLASS - 1,AC    28-302.1,Failure to Maintain Building Walls,OPEN,104,0.0,0.0
35689772K,1/9/2025,4115368,133-24,SANFORD AVENUE,QUEENS,407,CLASS - 1,AC    28-302.1,Failure to Maintain Building Walls,OPEN,104,0.0,0.0
35689774Y,1/30/2025,1059822,35,CLAREMONT AVENUE,MANHATTAN,109,CLASS - 1,AC    28-302.1,Failure to Maintain Building Walls,OPEN,104,0.0,0.0
35689780K,1/29/2025,2014186,2185,DAVIDSON AVENUE,BRONX,205,CLASS - 1,AC    28-302.1,Failure to Maintain Building Walls,OPEN,104,0.0,0.0
35689781M,1/27/2025,2055615,3039,WALLACE AVENUE,BRONX,212,CLASS - 1,AC    28-302.1,Failure to Maintain Building Walls,OPEN,104,0.0,0.0
35689786L,1/30/2025,2047887,2009,CRUGER AVENUE,BRONX,211,CLASS - 1,AC    28-302.1,Failure to Maintain Building Walls,OPEN,104,0.0,0.0
35689825P,1/23/2025,2002977,825,GERARD AVENUE,BRONX,204,CLASS - 1,AC    28-302.1,Failure to Maintain Building Walls,OPEN,104,0.0,0.0
35689833P,1/24/2025,2015395,165,WEST  197 STREET,BRONX,208,CLASS - 1,AC    28-302.1,Failure to Maintain Building Walls,OPEN,104,0.0,0.0
35689835Z,1/25/2025,2013832,2615,GRAND CONCOURSE,BRONX,207,CLASS - 1,AC    28-302.1,Failure to Maintain Building Walls,OPEN,104,0.0,0.0
35689836K,1/25/2025,2013922,58,EAST  190 STREET,BRONX,207,CLASS - 1,AC    28-302.1,Failure to Maintain Building Walls,OPEN,104,0.0,0.0
35689838Y,1/25/2025,2014593,2260,UNIVERSITY AVENUE,BRONX,207,CLASS - 1,AC    28-302.1,Failure to Maintain Building Walls,OPEN,104,0.0,0.0
35689840N,1/25/2025,2017145,2842,GRAND CONCOURSE,BRONX,207,CLASS - 1,AC    28-302.1,Failure to Maintain Building Walls,OPEN,104,0.0,0.0
35689843Z,1/25/2025,2017483,2675,CRESTON AVENUE,BRONX,207,CLASS - 1,AC    28-302.1,Failure to Maintain Building Walls,OPEN,104,0.0,0.0
35689847X,1/28/2025,2071999,834,PENFIELD STREET,BRONX,212,CLASS - 1,AC    28-302.1,Failure to Maintain Building Walls,OPEN,104,0.0,0.0
35689850R,1/28/2025,2002978,815,GERARD AVENUE,BRONX,204,CLASS - 1,AC    28-302.1,Failure to Maintain Building Walls,OPEN,104,0.0,0.0
35689852K,2/1/2025,2085794,3725,BLACKSTONE AVENUE,BRONX,208,CLASS - 1,AC    28-302.1,Failure to Maintain Building Walls,OPEN,104,0.0,0.0
35689855X,2/1/2025,2092463,68,WEST  238 STREET,BRONX,208,CLASS - 1,AC    28-302.1,Failure to Maintain Building Walls,OPEN,104,0.0,0.0
35689857J,2/7/2025,2002726,1050,CARROLL PLACE,BRONX,204,CLASS - 1,AC    28-302.1,Failure to Maintain Building Walls,OPEN,104,0.0,0.0
35689859N,2/7/2025,2084214,4660,MANHATTAN COLLEGE PARKWAY,BRONX,208,CLASS - 1,AC    28-302.1,Failure to Maintain Building Walls,OPEN,104,0.0,0.0
35689864H,2/10/2025,2003497,1055,UNIVERSITY AVENUE,BRONX,204,CLASS - 1,AC    28-302.1,Failure to Maintain Building Walls,OPEN,104,0.0,0.0
35689869R,2/12/2025,2002708,940,SHERIDAN AVENUE,BRONX,204,CLASS - 1,AC    28-302.1,Failure to Maintain Building Walls,OPEN,104,0.0,0.0
35689870Y,2/12/2025,2002825,1011,SHERIDAN AVENUE,BRONX,204,CLASS - 1,AC    28-302.1,Failure to Maintain Building Walls,OPEN,104,0.0,0.0
35689901H,2/4/2025,1031595,621,COLUMBUS AVENUE,MANHATTAN,107,CLASS - 1,AC    28-302.1,Failure to Maintain Building Walls,OPEN,104,0.0,0.0
35689902J,2/4/2025,1048647,221,EAST   82 STREET,MANHATTAN,108,CLASS - 1,AC    28-302.1,Failure to Maintain Building Walls,OPEN,104,0.0,0.0
35689903L,2/4/2025,1041080,37,EAST   64 STREET,MANHATTAN,108,CLASS - 1,AC    28-302.1,Failure to Maintain Building Walls,OPEN,104,0.0,0.0
35689904N,2/4/2025,1016132,220,PARK AVENUE SOUTH,MANHATTAN,105,CLASS - 1,AC    28-302.1,Failure to Maintain Building Walls,OPEN,104,0.0,0.0
35689906R,2/5/2025,1024937,351,WEST   42 STREET,MANHATTAN,104,CLASS - 1,AC    28-302.1,Failure to Maintain Building Walls,OPEN,104,0.0,0.0
35689907Z,2/5/2025,1062678,3750,BROADWAY,MANHATTAN,112,CLASS - 1,AC    28-302.1,Failure to Maintain Building Walls,OPEN,104,0.0,0.0
35689908K,2/5/2025,1031306,15,WEST   84 STREET,MANHATTAN,107,CLASS - 1,AC    28-302.1,Failure to Maintain Building Walls,OPEN,104,0.0,0.0
35689909M,2/5/2025,1030847,252,WEST   76 STREET,MANHATTAN,107,CLASS - 1,AC    28-302.1,Failure to Maintain Building Walls,OPEN,104,0.0,0.0
35689910J,1/30/2025,1059821,29,CLAREMONT AVENUE,MANHATTAN,109,CLASS - 1,AC    28-302.1,Failure to Maintain Building Walls,OPEN,104,0.0,0.0
35689952H,2/11/2025,3387960,2799,EAST   11 STREET,BROOKLYN,313,CLASS - 1,AC    28-302.1,Failure to Maintain Building Walls,OPEN,104,0.0,0.0
35689959K,2/11/2025,3322043,3025,WEST   32 STREET,BROOKLYN,313,CLASS - 1,AC    28-302.1,Failure to Maintain Building Walls,OPEN,104,0.0,0.0
35689960H,2/11/2025,3326527,268,OSBORN STREET,BROOKLYN,316,CLASS - 1,AC    28-302.1,Failure to Maintain Building Walls,OPEN,104,0.0,0.0
35689966Z,3/3/2025,3395153,40,VANDERBILT AVENUE,BROOKLYN,302,CLASS - 1,28-302.5,Failure to Protect the Public,OPEN,1E4,0.0,0.0
35689967K,3/3/2025,3388698,47,MC KEEVER PLACE,BROOKLYN,309,CLASS - 1,28-302.1,Failure to Maintain Building Walls,OPEN,104,0.0,0.0
35689969Y,8/4/2025,2118428,380,EAST  143 STREET,BRONX,201,CLASS - 1,28-302.5,Failure to Protect the Public,OPEN,1E4,0.0,0.0
35689970L,8/4/2025,2091100,383,EAST  141 STREET,BRONX,201,CLASS - 1,28-302.5,Failure to Protect the Public,OPEN,1E4,0.0,0.0
35689971N,8/4/2025,2000644,388,EAST  141 STREET,BRONX,201,CLASS - 1,28-302.5,Failure to Protect the Public,OPEN,1E4,0.0,0.0
35689976M,2/14/2025,2087948,901,ANDERSON AVENUE,BRONX,204,CLASS - 1,AC    28-302.1,Failure to Maintain Building Walls,OPEN,104,0.0,0.0
35689977Y,2/20/2025,2084191,3640,JOHNSON AVENUE,BRONX,208,CLASS - 1,28-302.1,Failure to Maintain Building Walls,OPEN,104,0.0,0.0
35689979H,2/20/2025,2084101,3300,NETHERLAND AVENUE,BRONX,208,CLASS - 1,28-302.1,Failure to Maintain Building Walls,OPEN,104,0.0,0.0
35689980P,2/20/2025,2016064,3840,ORLOFF AVENUE,BRONX,208,CLASS - 1,28-302.1,Failure to Maintain Building Walls,OPEN,104,0.0,0.0
35689982Z,2/20/2025,2015475,3951,GOUVERNEUR AVENUE,BRONX,208,CLASS - 1,28-302.1,Failure to Maintain Building Walls,OPEN,104,0.0,0.0
35689989L,2/26/2025,1052492,223,EAST  111 STREET,MANHATTAN,111,CLASS - 1,28-302.1,Failure to Maintain Building Walls,OPEN,104,0.0,0.0
35689991K,3/3/2025,2015483,3971,GOUVERNEUR AVENUE,BRONX,208,CLASS - 1,28-302.1,Failure to Maintain Building Walls,OPEN,104,0.0,0.0
35690006J,2/26/2025,2015396,2830,SEDGWICK AVENUE,BRONX,208,CLASS - 1,28-302.1,Failure to Maintain Building Walls,OPEN,104,0.0,0.0
35690007L,3/3/2025,2014648,75,WEST  190 STREET,BRONX,207,CLASS - 1,28-302.1,Failure to Maintain Building Walls,OPEN,104,0.0,0.0
35690008N,3/6/2025,2092769,2045,STORY AVENUE,BRONX,209,CLASS - 1,28-302.1,Failure to Maintain Building Walls,OPEN,104,0.0,0.0
35690012X,3/20/2025,1056409,2612,BROADWAY,MANHATTAN,107,CLASS - 1,28-302.1,Failure to Maintain Building Walls,OPEN,104,0.0,0.0
35690014J,3/27/2025,2015421,2825,CLAFLIN AVENUE,BRONX,208,CLASS - 1,28-302.1,Failure to Maintain Building Walls,OPEN,104,0.0,0.0
35690016N,4/1/2025,1063227,598,WEST  177 STREET,MANHATTAN,112,CLASS - 1,28-302.5,Failure to Protect the Public,OPEN,1E4,0.0,0.0
35690018R,4/1/2025,1064059,4520,BROADWAY,MANHATTAN,112,CLASS - 1,28-302.5,Failure to Protect the Public,OPEN,1E4,0.0,0.0
35690021H,4/10/2025,2008024,1645,GRAND CONCOURSE,BRONX,204,CLASS - 1,28-302.5,Failure to Protect the Public,OPEN,1E4,0.0,0.0
35690027Z,2/25/2025,3323704,80,DWIGHT STREET,BROOKLYN,306,CLASS - 1,28-302.1,Failure to Maintain Building Walls,OPEN,104,0.0,0.0
35690029M,3/4/2025,1085146,421,EAST  116 STREET,MANHATTAN,111,CLASS - 1,28-302.5,Failure to Protect the Public,OPEN,1E4,0.0,0.0
35690031L,3/12/2025,1064685,130,WEST  228 STREET,MANHATTAN,208,CLASS - 1,28-302.5,Failure to Protect the Public,OPEN,1E4,0.0,0.0
35690055X,3/5/2025,1087984,58,EAST  132 STREET,MANHATTAN,111,CLASS - 1,28-302.5,Failure to Protect the Public,OPEN,1E4,0.0,0.0
35690056H,3/6/2025,1058377,121,ST NICHOLAS AVENUE,MANHATTAN,110,CLASS - 1,28-302.5,Failure to Protect the Public,OPEN,1E4,0.0,0.0
35690061M,3/12/2025,4210407,87-40, 165 STREET,QUEENS,408,CLASS - 1,28-302.1,Failure to Maintain Building Walls,OPEN,104,0.0,0.0
35690066L,3/18/2025,1002171,8,BEACH STREET,MANHATTAN,101,CLASS - 1,28-302.1,Failure to Maintain Building Walls,OPEN,104,0.0,0.0
35690283H,5/13/2025,4543093,24-38 GARAGE,  82 STREET,QUEENS,403,CLASS - 1,28-302.1,Failure to Maintain Building Walls,OPEN,104,0.0,0.0
35690319K,5/27/2025,1003313,106,MADISON STREET,MANHATTAN,103,CLASS - 1,28-302.1,Failure to Maintain Building Walls,OPEN,104,0.0,0.0
35690322L,5/30/2025,1004009,331,GRAND STREET,MANHATTAN,103,CLASS - 1,28-302.1,Failure to Maintain Building Walls,OPEN,104,0.0,0.0
35690462N,6/13/2025,3054395,154,WASHINGTON AVENUE,BROOKLYN,302,CLASS - 1,28-302.1,Failure to Maintain Building Walls,OPEN,104,0.0,0.0
35690626K,5/19/2025,3036279,175,UTICA AVENUE,BROOKLYN,308,CLASS - 1,28-302.1,Failure to Maintain Building Walls,OPEN,104,0.0,0.0
35690694M,8/28/2025,3018120,836,  40 STREET,BROOKLYN,312,CLASS - 1,28-302.1,Failure to Maintain Building Walls,OPEN,104,0.0,0.0
35690924Z,7/31/2025,3193971,2273,EAST    5 STREET,BROOKLYN,315,CLASS - 1,28-302.1,Failure to Maintain Building Walls,OPEN,104,0.0,0.0
35690964N,8/8/2025,1057067,309,WEST   97 STREET,MANHATTAN,107,CLASS - 1,28-302.1,Failure to Maintain Building Walls,OPEN,104,0.0,0.0
35691017J,9/2/2025,1003422,43,EAST BROADWAY,MANHATTAN,103,CLASS - 1,28-302.1,Failure to Maintain Building Walls,OPEN,104,0.0,0.0
35691018L,9/3/2025,1078217,42,HORATIO STREET,MANHATTAN,102,CLASS - 1,28-302.1,Failure to Maintain Building Walls,OPEN,104,0.0,0.0
35693457M,9/25/2025,3057615,302,ST JAMES PLACE,BROOKLYN,302,CLASS - 1,28-302.1,Failure to Maintain Building Walls,OPEN,104,0.0,0.0
35693609M,6/16/2025,1009206,35,EAST   12 STREET,MANHATTAN,102,CLASS - 1,28-302.5,Failure to Protect the Public,OPEN,1E4,0.0,0.0
35693623Z,8/4/2025,1001033,86,TRINITY PLACE,MANHATTAN,101,CLASS - 1,28-302.1,Failure to Maintain Building Walls,OPEN,104,0.0,0.0
35693625M,4/21/2025,2057434,3750,BRONX BOULEVARD,BRONX,212,CLASS - 1,28-302.1,Failure to Maintain Building Walls,OPEN,104,0.0,0.0
35693626Y,4/21/2025,2057332,3650,BRONX BOULEVARD,BRONX,212,CLASS - 1,28-302.1,Failure to Maintain Building Walls,OPEN,104,0.0,0.0
35693627X,4/21/2025,2049733,655,PELHAM PARKWAY,BRONX,211,CLASS - 1,28-302.1,Failure to Maintain Building Walls,OPEN,104,0.0,0.0
35693629J,4/24/2025,1000811,26,BROADWAY,MANHATTAN,101,CLASS - 1,28-302.1,Failure to Maintain Building Walls,OPEN,104,0.0,0.0
35693636H,6/6/2025,2013139,915,EAST  179 STREET,BRONX,206,CLASS - 1,28-302.1,Failure to Maintain Building Walls,OPEN,104,0.0,0.0
35693640K,7/1/2025,1001362,264,WATER STREET,MANHATTAN,101,CLASS - 1,28-302.1,Failure to Maintain Building Walls,OPEN,104,0.0,0.0
35693644H,7/15/2025,2017483,2675,CRESTON AVENUE,BRONX,207,CLASS - 1,28-302.1,Failure to Maintain Building Walls,OPEN,104,0.0,0.0
35693645J,7/15/2025,2013922,58,EAST  190 STREET,BRONX,207,CLASS - 1,28-302.1,Failure to Maintain Building Walls,OPEN,104,0.0,0.0
35693648P,7/17/2025,2017145,2842,GRAND CONCOURSE,BRONX,207,CLASS - 1,28-302.1,Failure to Maintain Building Walls,OPEN,104,0.0,0.0
35693682Z,4/21/2025,2015101,2265,SEDGWICK AVENUE,BRONX,207,CLASS - 1,28-302.1,Failure to Maintain Building Walls,OPEN,104,0.0,0.0
35693685Y,4/22/2025,1054408,114,EAST  122 STREET,MANHATTAN,111,CLASS - 1,28-302.1,Failure to Maintain Building Walls,OPEN,104,0.0,0.0
35693689L,4/30/2025,2093887,2770,DEWEY AVENUE,BRONX,210,CLASS - 1,28-302.5,Failure to Protect the Public,OPEN,1E4,0.0,0.0
35693690Z,4/30/2025,2093890,2751,SAMPSON AVENUE,BRONX,210,CLASS - 1,28-302.5,Failure to Protect the Public,OPEN,1E4,0.0,0.0
35693691K,4/30/2025,1082344,1761,   3 AVENUE,MANHATTAN,111,CLASS - 1,28-302.5,Failure to Protect the Public,OPEN,1E4,0.0,0.0
35693692M,5/7/2025,1066733,199,LAFAYETTE STREET,MANHATTAN,102,CLASS - 1,28-302.5,Failure to Protect the Public,OPEN,1E4,0.0,0.0
35693693Y,5/6/2025,2091483,2790,RANDALL AVENUE,BRONX,210,CLASS - 1,28-302.5,Failure to Protect the Public,OPEN,1E4,0.0,0.0
35693702R,4/16/2025,1083462,220,EAST  102 STREET,MANHATTAN,111,CLASS - 1,28-302.5,Failure to Protect the Public,OPEN,1E4,0.0,0.0
35693706Y,5/1/2025,2008839,1715,NELSON AVENUE,BRONX,205,CLASS - 1,28-302.5,Failure to Protect the Public,OPEN,1E4,0.0,0.0
35693709J,4/16/2025,1083464,1801,   3 AVENUE,MANHATTAN,111,CLASS - 1,28-302.5,Failure to Protect the Public,OPEN,1E4,0.0,0.0
35693710R,4/16/2025,1083456,1945,   2 AVENUE,MANHATTAN,111,CLASS - 1,28-302.5,Failure to Protect the Public,OPEN,1E4,0.0,0.0
35693713M,5/16/2025,2057330,3640,BRONX BOULEVARD,BRONX,212,CLASS - 1,28-302.5,Failure to Protect the Public,OPEN,1E4,0.0,0.0
35693714Y,5/16/2025,2115802,501,EAST  165 STREET,BRONX,203,CLASS - 1,28-302.5,Failure to Protect the Public,OPEN,1E4,0.0,0.0
35693721M,6/9/2025,3064253,200,FRANKLIN STREET,BROOKLYN,301,CLASS - 1,28-302.1,Failure to Maintain Building Walls,OPEN,104,0.0,0.0
35693722Y,5/10/2025,1078024,411,EAST   10 STREET,MANHATTAN,103,CLASS - 1,28-302.5,Failure to Protect the Public,OPEN,1E4,0.0,0.0
35693723X,5/5/2025,1078022,711,EAST   11 STREET,MANHATTAN,103,CLASS - 1,28-302.5,Failure to Protect the Public,OPEN,1E4,0.0,0.0
35693769L,6/11/2025,1001003,72,WALL STREET,MANHATTAN,101,CLASS - 1,28-302.1,Failure to Maintain Building Walls,OPEN,104,0.0,0.0
35693771K,6/12/2025,2017483,2675,CRESTON AVENUE,BRONX,207,CLASS - 1,28-302.1,Failure to Maintain Building Walls,OPEN,104,0.0,0.0
35693772M,6/12/2025,2013433,2330,VALENTINE AVENUE,BRONX,205,CLASS - 1,28-302.1,Failure to Maintain Building Walls,OPEN,104,0.0,0.0
35693774X,6/16/2025,2013436,2340,VALENTINE AVENUE,BRONX,205,CLASS - 1,28-302.1,Failure to Maintain Building Walls,OPEN,104,0.0,0.0
35693775H,4/23/2025,2091960,730,EAST  163 STREET,BRONX,203,CLASS - 1,28-302.5,Failure to Protect the Public,OPEN,1E4,0.0,0.0
35693776J,4/23/2025,2091957,750,EAST  163 STREET,BRONX,203,CLASS - 1,28-302.5,Failure to Protect the Public,OPEN,1E4,0.0,0.0
35693777L,4/23/2025,2091958,751,EAST  161 STREET,BRONX,203,CLASS - 1,28-302.5,Failure to Protect the Public,OPEN,1E4,0.0,0.0
35693778N,4/23/2025,2091958,751,EAST  161 STREET,BRONX,203,CLASS - 1,28-302.5,Failure to Protect the Public,OPEN,1E4,0.0,0.0
35693779P,4/23/2025,2091959,905,TINTON AVENUE,BRONX,203,CLASS - 1,28-302.5,Failure to Protect the Public,OPEN,1E4,0.0,0.0
35693781Y,5/2/2025,4436335,168-40, 127 AVENUE,QUEENS,412,CLASS - 1,28-302.1,Failure to Maintain Building Walls,OPEN,104,0.0,0.0
35693782X,5/2/2025,4436334,168-30, 127 AVENUE,QUEENS,412,CLASS - 1,28-302.1,Failure to Maintain Building Walls,OPEN,104,0.0,0.0
35693792J,5/15/2025,2024145,1210,CROES AVENUE,BRONX,209,CLASS - 1,28-302.1,Failure to Maintain Building Walls,OPEN,104,0.0,0.0
35693795P,7/14/2025,1084206,75,WADSWORTH TERRACE,MANHATTAN,112,CLASS - 1,28-302.1,Failure to Maintain Building Walls,OPEN,104,0.0,0.0
35693800K,5/8/2025,2098785,1177,ANDERSON AVENUE,BRONX,204,CLASS - 1,28-302.1,Failure to Maintain Building Walls,OPEN,104,0.0,0.0
35693801M,5/8/2025,2098786,1185,ANDERSON AVENUE,BRONX,204,CLASS - 1,28-302.1,Failure to Maintain Building Walls,OPEN,104,0.0,0.0
35693804H,4/29/2025,3344549,2940,AVENUE W,BROOKLYN,315,CLASS - 1,28-302.5,Failure to Protect the Public,OPEN,1E4,0.0,0.0
35693805J,5/10/2025,1079987,160,CABRINI BOULEVARD,MANHATTAN,112,CLASS - 1,28-302.1,Failure to Maintain Building Walls,OPEN,104,0.0,0.0
35693806L,5/10/2025,1079988,180,CABRINI BOULEVARD,MANHATTAN,112,CLASS - 1,28-302.1,Failure to Maintain Building Walls,OPEN,104,0.0,0.0
35693820H,6/5/2025,3002108,16,COURT STREET,BROOKLYN,302,CLASS - 1,28-302.5,Failure to Protect the Public,OPEN,1E4,0.0,0.0
35693822L,6/12/2025,1055065,207,WEST  110 STREET,MANHATTAN,110,CLASS - 1,28-302.5,Failure to Protect the Public,OPEN,1E4,0.0,0.0
35693824P,6/12/2025,4436765,37-29,  33 STREET,QUEENS,401,CLASS - 1,28-302.5,Failure to Protect the Public,OPEN,1E4,0.0,0.0
35693828M,6/11/2025,4432071,105-34,  65 AVENUE,QUEENS,406,CLASS - 1,28-302.1,Failure to Maintain Building Walls,OPEN,104,0.0,0.0
35693831N,6/16/2025,2017603,2877,GRAND CONCOURSE,BRONX,207,CLASS - 1,28-302.1,Failure to Maintain Building Walls,OPEN,104,0.0,0.0
35693832P,6/5/2025,3343250,760,ELDERT LANE,BROOKLYN,305,CLASS - 1,28-302.1,Failure to Maintain Building Walls,OPEN,104,0.0,0.0
35693833R,6/17/2025,2017170,2860,GRAND CONCOURSE,BRONX,207,CLASS - 1,28-302.1,Failure to Maintain Building Walls,OPEN,104,0.0,0.0
35693837Y,6/26/2025,1031306,15,WEST   84 STREET,MANHATTAN,107,CLASS - 1,28-302.1,Failure to Maintain Building Walls,OPEN,104,0.0,0.0
35693840P,7/2/2025,1013560,311,WEST   34 STREET,MANHATTAN,104,CLASS - 1,28-302.1,Failure to Maintain Building Walls,OPEN,104,0.0,0.0
35693842Z,7/8/2025,2003497,1055,UNIVERSITY AVENUE,BRONX,204,CLASS - 1,28-302.1,Failure to Maintain Building Walls,OPEN,104,0.0,0.0
35693843K,7/10/2025,3387960,2801,EAST   11 STREET,BROOKLYN,313,CLASS - 1,28-302.1,Failure to Maintain Building Walls,OPEN,104,0.0,0.0
35693844M,7/8/2025,2087948,901,ANDERSON AVENUE,BRONX,204,CLASS - 1,28-302.1,Failure to Maintain Building Walls,OPEN,104,0.0,0.0
35693848J,7/11/2025,1084519,2949,   8 AVENUE,MANHATTAN,110,CLASS - 1,28-302.5,Failure to Protect the Public,OPEN,1E4,0.0,0.0
35693849L,7/18/2025,2010998,2454,TIEBOUT AVENUE,BRONX,205,CLASS - 1,28-302.1,Failure to Maintain Building Walls,OPEN,104,0.0,0.0
35693850Z,5/16/2025,1003211,282,CHERRY STREET,MANHATTAN,103,CLASS - 1,28-302.5,Failure to Protect the Public,OPEN,1E4,0.0,0.0
35693851K,5/13/2025,1061970,547,WEST  147 STREET,MANHATTAN,109,CLASS - 1,28-302.5,Failure to Protect the Public,OPEN,1E4,0.0,0.0
35693852M,5/7/2025,1061758,3440,BROADWAY,MANHATTAN,109,CLASS - 1,28-302.5,Failure to Protect the Public,OPEN,1E4,0.0,0.0
35693853Y,5/16/2025,1083385,280,MADISON STREET,MANHATTAN,103,CLASS - 1,28-302.5,Failure to Protect the Public,OPEN,1E4,0.0,0.0
35693861Y,5/28/2025,1062311,600,WEST  140 STREET,MANHATTAN,109,CLASS - 1,28-302.1,Failure to Maintain Building Walls,OPEN,104,0.0,0.0
35693862X,5/16/2025,1083387,250,CLINTON STREET,MANHATTAN,103,CLASS - 1,28-302.5,Failure to Protect the Public,OPEN,1E4,0.0,0.0
35693863H,5/16/2025,1077518,240,MADISON STREET,MANHATTAN,103,CLASS - 1,28-302.5,Failure to Protect the Public,OPEN,1E4,0.0,0.0
35693864J,5/16/2025,1077517,300,CHERRY STREET,MANHATTAN,103,CLASS - 1,28-302.5,Failure to Protect the Public,OPEN,1E4,0.0,0.0
35693869Z,6/3/2025,2014744,2315,UNIVERSITY AVENUE,BRONX,207,CLASS - 1,28-302.1,Failure to Maintain Building Walls,OPEN,104,0.0,0.0
35693872J,6/4/2025,2010905,1314,WEST FARMS ROAD,BRONX,203,CLASS - 1,28-302.1,Failure to Maintain Building Walls,OPEN,104,0.0,0.0
35693873L,6/4/2025,2017806,3554,ROCHAMBEAU AVENUE,BRONX,207,CLASS - 1,28-302.1,Failure to Maintain Building Walls,OPEN,104,0.0,0.0
35693874N,6/5/2025,2017803,3530,ROCHAMBEAU AVENUE,BRONX,207,CLASS - 1,28-302.1,Failure to Maintain Building Walls,OPEN,104,0.0,0.0
35693876R,5/28/2025,1051846,175,EAST  101 STREET,MANHATTAN,111,CLASS - 1,28-302.1,Failure to Maintain Building Walls,OPEN,104,0.0,0.0
35693882N,6/7/2025,3385303,2930,WEST   25 STREET,BROOKLYN,313,CLASS - 1,28-302.1,Failure to Maintain Building Walls,OPEN,104,0.0,0.0
35693884R,6/7/2025,3326522,341,DUMONT AVENUE,BROOKLYN,316,CLASS - 1,28-302.1,Failure to Maintain Building Walls,OPEN,104,0.0,0.0
35693894K,6/27/2025,1017813,30,IRVING PLACE,MANHATTAN,106,CLASS - 1,28-302.1,Failure to Maintain Building Walls,OPEN,104,0.0,0.0
35693976Y,6/5/2025,2017831,3535,ROCHAMBEAU AVENUE,BRONX,207,CLASS - 1,28-302.1,Failure to Maintain Building Walls,OPEN,104,0.0,0.0
35693978H,6/5/2025,2017805,3540,ROCHAMBEAU AVENUE,BRONX,207,CLASS - 1,28-302.1,Failure to Maintain Building Walls,OPEN,104,0.0,0.0
35693981Z,6/20/2025,1082781,5480,BROADWAY,MANHATTAN,208,CLASS - 1,28-302.1,Failure to Maintain Building Walls,OPEN,104,0.0,0.0
35693983M,7/1/2025,2013776,2320,CRESTON AVENUE,BRONX,205,CLASS - 1,28-302.1,Failure to Maintain Building Walls,OPEN,104,0.0,0.0
35693985X,7/1/2025,2014580,2170,UNIVERSITY AVENUE,BRONX,205,CLASS - 1,28-302.1,Failure to Maintain Building Walls,OPEN,104,0.0,0.0
35693987J,7/1/2025,2017807,3556,ROCHAMBEAU AVENUE,BRONX,207,CLASS - 1,28-302.1,Failure to Maintain Building Walls,OPEN,104,0.0,0.0
35693996L,7/8/2025,2018243,3341,RESERVOIR OVAL,BRONX,207,CLASS - 1,28-302.1,Failure to Maintain Building Walls,OPEN,104,0.0,0.0
35693998P,7/8/2025,2018299,3136,PERRY AVENUE,BRONX,207,CLASS - 1,28-302.1,Failure to Maintain Building Walls,OPEN,104,0.0,0.0
35693999R,7/14/2025,2018348,3250,PERRY AVENUE,BRONX,207,CLASS - 1,28-302.1,Failure to Maintain Building Walls,OPEN,104,0.0,0.0
35694003M,6/12/2025,3163921,2155,  82 STREET,BROOKLYN,311,CLASS - 1,28-302.5,Failure to Protect the Public,OPEN,1E4,0.0,0.0
35694010K,8/15/2025,4457492,92-33, 170 STREET,QUEENS,412,CLASS - 1,28-302.1,Failure to Maintain Building Walls,OPEN,104,0.0,0.0
35694011M,8/15/2025,4430795,2-10,ASTORIA BOULEVARD,QUEENS,401,CLASS - 1,28-302.1,Failure to Maintain Building Walls,OPEN,104,0.0,0.0
35694025N,6/13/2025,2050092,789,ASTOR AVENUE,BRONX,211,CLASS - 1,28-302.1,Failure to Maintain Building Walls,OPEN,104,0.0,0.0
35694026P,6/18/2025,2014737,2280,ANDREWS AVENUE,BRONX,207,CLASS - 1,28-302.1,Failure to Maintain Building Walls,OPEN,104,0.0,0.0
35694028Z,6/18/2025,2002821,185,EAST  163 STREET,BRONX,204,CLASS - 1,28-302.1,Failure to Maintain Building Walls,OPEN,104,0.0,0.0
35694029K,6/25/2025,2093291,2100,WALLACE AVENUE,BRONX,211,CLASS - 1,28-302.1,Failure to Maintain Building Walls,OPEN,104,0.0,0.0
35694030H,6/25/2025,2048793,2095,CRUGER AVENUE,BRONX,211,CLASS - 1,28-302.1,Failure to Maintain Building Walls,OPEN,104,0.0,0.0
35694035R,6/27/2025,2054877,2911,BARNES AVENUE,BRONX,211,CLASS - 1,28-302.1,Failure to Maintain Building Walls,OPEN,104,0.0,0.0
35694036Z,6/27/2025,2050016,2225,HOLLAND AVENUE,BRONX,211,CLASS - 1,28-302.1,Failure to Maintain Building Walls,OPEN,104,0.0,0.0
35694050P,6/13/2025,2049398,2197,CRUGER AVENUE,BRONX,211,CLASS - 1,28-302.1,Failure to Maintain Building Walls,OPEN,104,0.0,0.0
35694052Z,6/18/2025,2050370,1235,PELHAM PARKWAY,BRONX,211,CLASS - 1,28-302.1,Failure to Maintain Building Walls,OPEN,104,0.0,0.0
35694053K,6/18/2025,2049530,2121,PAULDING AVENUE,BRONX,211,CLASS - 1,28-302.1,Failure to Maintain Building Walls,OPEN,104,0.0,0.0
35694056X,6/20/2025,1078038,294,DELANCEY STREET,MANHATTAN,103,CLASS - 1,28-302.1,Failure to Maintain Building Walls,OPEN,104,0.0,0.0
35694059L,6/26/2025,3047981,575,HERKIMER STREET,BROOKLYN,303,CLASS - 1,28-302.1,Failure to Maintain Building Walls,OPEN,104,0.0,0.0
35694063Y,6/27/2025,1062489,938,ST NICHOLAS AVENUE,MANHATTAN,112,CLASS - 1,28-302.1,Failure to Maintain Building Walls,OPEN,104,0.0,0.0
35694065H,6/27/2025,1062678,3750,BROADWAY,MANHATTAN,112,CLASS - 1,28-302.1,Failure to Maintain Building Walls,OPEN,104,0.0,0.0
35694067L,6/27/2025,1060873,310,WEST  153 STREET,MANHATTAN,110,CLASS - 1,28-302.1,Failure to Maintain Building Walls,OPEN,104,0.0,0.0
35694068N,6/27/2025,1061551,408,WEST  150 STREET,MANHATTAN,109,CLASS - 1,28-302.1,Failure to Maintain Building Walls,OPEN,104,0.0,0.0
35694071Y,7/2/2025,2049244,1150,PELHAM PARKWAY,BRONX,211,CLASS - 1,28-302.1,Failure to Maintain Building Walls,OPEN,104,0.0,0.0
35694072X,7/8/2025,2002726,1050,CARROLL PLACE,BRONX,204,CLASS - 1,28-302.1,Failure to Maintain Building Walls,OPEN,104,0.0,0.0
35694075L,6/12/2025,4047304,94-10,  60 AVENUE,QUEENS,404,CLASS - 1,28-302.5,Failure to Protect the Public,OPEN,1E4,0.0,0.0
35694077P,6/24/2025,4430537,327,BEACH   19 STREET,QUEENS,414,CLASS - 1,28-302.1,Failure to Maintain Building Walls,OPEN,104,0.0,0.0
35694078R,7/25/2025,3337030,1240,SUTTER AVENUE,BROOKLYN,305,CLASS - 1,28-302.1,Failure to Maintain Building Walls,OPEN,104,0.0,0.0
35694082J,7/24/2025,4266168,130-12,GUY R BREWER BOULEVARD,QUEENS,412,CLASS - 1,28-302.5,Failure to Protect the Public,OPEN,1E4,0.0,0.0
35694083L,7/24/2025,4430537,327,BEACH   19 STREET,QUEENS,414,CLASS - 1,28-302.1,Failure to Maintain Building Walls,OPEN,104,0.0,0.0
35694084N,7/11/2025,4430795,2-08,ASTORIA BOULEVARD,QUEENS,401,CLASS - 1,28-302.5,Failure to Protect the Public,OPEN,1E4,0.0,0.0
35694088K,7/29/2025,3333397,315,SUTTER AVENUE,BROOKLYN,316,CLASS - 1,28-302.5,Failure to Protect the Public,OPEN,1E4,0.0,0.0
35716620M,3/17/2025,1066406,199,CHAMBERS STREET,MANHATTAN,101,CLASS - 1,28-302.5,Failure to Protect the Public,OPEN,1E4,0.0,0.0
35716623H,4/14/2025,4436333,168-24, 127 AVENUE,QUEENS,412,CLASS - 1,28-302.1,Failure to Maintain Building Walls,OPEN,104,0.0,0.0
35716634N,4/4/2025,1087753,222,EAST   64 STREET,MANHATTAN,108,CLASS - 1,28-302.5,Failure to Protect the Public,OPEN,1E4,0.0,0.0
35716636R,4/5/2025,2117655,3322,DECATUR AVENUE,BRONX,207,CLASS - 1,28-302.5,Failure to Protect the Public,OPEN,1E4,0.0,0.0
35716637Z,3/28/2025,1077552,807,EAST    6 STREET,MANHATTAN,103,CLASS - 1,28-302.5,Failure to Protect the Public,OPEN,1E4,0.0,0.0
35716638K,3/28/2025,1077553,903,EAST    6 STREET,MANHATTAN,103,CLASS - 1,28-302.5,Failure to Protect the Public,OPEN,1E4,0.0,0.0
35716639M,4/5/2025,2092434,2440,SEDGWICK AVENUE,BRONX,207,CLASS - 1,28-302.5,Failure to Protect the Public,OPEN,1E4,0.0,0.0
35716642N,4/21/2025,1063582,2525,AMSTERDAM AVENUE,MANHATTAN,112,CLASS - 1,28-302.1,Failure to Maintain Building Walls,OPEN,104,0.0,0.0
35716643P,4/16/2025,4443446,133-20,ROOSEVELT AVENUE,QUEENS,407,CLASS - 1,28-302.1,Failure to Maintain Building Walls,OPEN,104,0.0,0.0
35716647M,4/21/2025,1018246,119,EAST   29 STREET,MANHATTAN,105,CLASS - 1,28-302.1,Failure to Maintain Building Walls,OPEN,104,0.0,0.0
35716648Y,4/21/2025,1018534,148,EAST   35 STREET,MANHATTAN,106,CLASS - 1,28-302.1,Failure to Maintain Building Walls,OPEN,104,0.0,0.0
35716675J,3/4/2025,1004485,272,EAST    7 STREET,MANHATTAN,103,CLASS - 1,28-302.1,Failure to Maintain Building Walls,OPEN,104,0.0,0.0
35716679R,3/14/2025,2048821,2075,WALLACE AVENUE,BRONX,211,CLASS - 1,28-302.1,Failure to Maintain Building Walls,OPEN,104,0.0,0.0
35716687R,3/26/2025,2054877,2911,BARNES AVENUE,BRONX,211,CLASS - 1,28-302.1,Failure to Maintain Building Walls,OPEN,104,0.0,0.0
35716694P,4/14/2025,2051270,2504,BRONX PARK EAST,BRONX,211,CLASS - 1,28-302.1,Failure to Maintain Building Walls,OPEN,104,0.0,0.0
35716695R,4/14/2025,2051408,789,WARING AVENUE,BRONX,211,CLASS - 1,28-302.1,Failure to Maintain Building Walls,OPEN,104,0.0,0.0
35716696Z,4/15/2025,2041222,2145,STARLING AVENUE,BRONX,209,CLASS - 1,28-302.1,Failure to Maintain Building Walls,OPEN,104,0.0,0.0
35716699Y,4/15/2025,2049414,2180,HOLLAND AVENUE,BRONX,211,CLASS - 1,28-302.1,Failure to Maintain Building Walls,OPEN,104,0.0,0.0
35716753X,3/7/2025,2014993,1920,OSBORNE PLACE,BRONX,205,CLASS - 1,28-302.1,Failure to Maintain Building Walls,OPEN,104,0.0,0.0
35716754H,3/7/2025,2007894,1815,GRAND CONCOURSE,BRONX,205,CLASS - 1,28-302.1,Failure to Maintain Building Walls,OPEN,104,0.0,0.0
35716756L,3/8/2025,2015994,3489,FORT INDEPENDENCE STREET,BRONX,208,CLASS - 1,28-302.1,Failure to Maintain Building Walls,OPEN,104,0.0,0.0
35716758P,3/8/2025,2015260,2685,UNIVERSITY AVENUE,BRONX,208,CLASS - 1,28-302.1,Failure to Maintain Building Walls,OPEN,104,0.0,0.0
35716764L,3/11/2025,1079927,681,WEST  193 STREET,MANHATTAN,112,CLASS - 1,28-302.1,Failure to Maintain Building Walls,OPEN,104,0.0,0.0
35716765N,3/11/2025,2083859,3605,KINGSBRIDGE AVENUE,BRONX,208,CLASS - 1,28-302.1,Failure to Maintain Building Walls,OPEN,104,0.0,0.0
35716769K,3/12/2025,2014424,2461,DAVIDSON AVENUE,BRONX,207,CLASS - 1,28-302.1,Failure to Maintain Building Walls,OPEN,104,0.0,0.0
35716773N,3/17/2025,2014395,2640,DAVIDSON AVENUE,BRONX,207,CLASS - 1,28-302.1,Failure to Maintain Building Walls,OPEN,104,0.0,0.0
35716800J,3/17/2025,2014444,2515,DAVIDSON AVENUE,BRONX,207,CLASS - 1,28-302.1,Failure to Maintain Building Walls,OPEN,104,0.0,0.0
35716802N,3/18/2025,1009238,25,EAST    9 STREET,MANHATTAN,102,CLASS - 1,28-302.1,Failure to Maintain Building Walls,OPEN,104,0.0,0.0
35716811P,3/26/2025,2002409,1114,MORRIS AVENUE,BRONX,204,CLASS - 1,28-302.1,Failure to Maintain Building Walls,OPEN,104,0.0,0.0
35716813Z,3/26/2025,2002408,1106,MORRIS AVENUE,BRONX,204,CLASS - 1,28-302.1,Failure to Maintain Building Walls,OPEN,104,0.0,0.0
35716815M,3/26/2025,2002709,960,SHERIDAN AVENUE,BRONX,204,CLASS - 1,28-302.1,Failure to Maintain Building Walls,OPEN,104,0.0,0.0
35716817X,3/26/2025,2002811,917,SHERIDAN AVENUE,BRONX,204,CLASS - 1,28-302.1,Failure to Maintain Building Walls,OPEN,104,0.0,0.0
35716819J,3/27/2025,2018037,277,VAN CORTLANDT AVENUE EAST,BRONX,207,CLASS - 1,28-302.1,Failure to Maintain Building Walls,OPEN,104,0.0,0.0
35716855R,3/26/2025,1038646,2,TUDOR CITY PLACE,MANHATTAN,106,CLASS - 1,28-302.1,Failure to Maintain Building Walls,OPEN,104,0.0,0.0
35716863R,4/11/2025,1084206,75,WADSWORTH TERRACE,MANHATTAN,112,CLASS - 1,28-302.1,Failure to Maintain Building Walls,OPEN,104,0.0,0.0
35716874M,4/23/2025,1084207,89,WADSWORTH TERRACE,MANHATTAN,112,CLASS - 1,28-302.1,Failure to Maintain Building Walls,OPEN,104,0.0,0.0
35716897P,6/13/2025,2053720,788,ARNOW AVENUE,BRONX,211,CLASS - 1,28-302.1,Failure to Maintain Building Walls,OPEN,104,0.0,0.0
35716898R,6/13/2025,2050014,2251,HOLLAND AVENUE,BRONX,211,CLASS - 1,28-302.1,Failure to Maintain Building Walls,OPEN,104,0.0,0.0
35716927R,4/2/2025,2011753,480,EAST  188 STREET,BRONX,206,CLASS - 1,28-302.1,Failure to Maintain Building Walls,OPEN,104,0.0,0.0
35716928Z,4/3/2025,2017668,19,VAN CORTLANDT AVENUE EAST,BRONX,207,CLASS - 1,28-302.1,Failure to Maintain Building Walls,OPEN,104,0.0,0.0
35716929K,4/3/2025,2094743,3055,VALENTINE AVENUE,BRONX,207,CLASS - 1,28-302.1,Failure to Maintain Building Walls,OPEN,104,0.0,0.0
35716933N,4/8/2025,2017234,3013,VALENTINE AVENUE,BRONX,207,CLASS - 1,28-302.1,Failure to Maintain Building Walls,OPEN,104,0.0,0.0
35716937K,4/11/2025,2017215,3010,VALENTINE AVENUE,BRONX,207,CLASS - 1,28-302.1,Failure to Maintain Building Walls,OPEN,104,0.0,0.0
35716939Y,4/11/2025,2017225,3001,VALENTINE AVENUE,BRONX,207,CLASS - 1,28-302.1,Failure to Maintain Building Walls,OPEN,104,0.0,0.0
35716942P,4/11/2025,2014445,2501,DAVIDSON AVENUE,BRONX,207,CLASS - 1,28-302.1,Failure to Maintain Building Walls,OPEN,104,0.0,0.0
35716947Y,4/16/2025,2018222,3400,TRYON AVENUE,BRONX,207,CLASS - 1,28-302.1,Failure to Maintain Building Walls,OPEN,104,0.0,0.0
35716976N,1/31/2025,2051226,630,MACE AVENUE,BRONX,211,CLASS - 1,AC    28-302.1,Failure to Maintain Building Walls,OPEN,104,0.0,0.0
35717052H,5/15/2025,1061758,3440,BROADWAY,MANHATTAN,109,CLASS - 1,28-302.1,Failure to Maintain Building Walls,OPEN,104,0.0,0.0
35717060H,4/1/2025,1089853,1399,PARK AVENUE,MANHATTAN,111,CLASS - 1,28-302.5,Failure to Protect the Public,OPEN,1E4,0.0,0.0
35717064P,6/26/2025,3155718,125,  96 STREET,BROOKLYN,310,CLASS - 1,28-302.1,Failure to Maintain Building Walls,OPEN,104,0.0,0.0
35717066Z,7/21/2025,2016025,3873,ORLOFF AVENUE,BRONX,208,CLASS - 1,28-302.1,Failure to Maintain Building Walls,OPEN,104,0.0,0.0
35717067K,7/21/2025,2054877,2911,BARNES AVENUE,BRONX,211,CLASS - 1,28-302.1,Failure to Maintain Building Walls,OPEN,104,0.0,0.0
35717073R,7/28/2025,2017700,34-14,KNOX PLACE,BRONX,207,CLASS - 1,28-302.1,Failure to Maintain Building Walls,OPEN,104,0.0,0.0
35717085Y,6/26/2025,2014745,2305,UNIVERSITY AVENUE,BRONX,207,CLASS - 1,28-302.1,Failure to Maintain Building Walls,OPEN,104,0.0,0.0
35717086X,6/27/2025,,68,WEST 128 STREET,BRONX,   ,CLASS - 1,28-302.1,Failure to Maintain Building Walls,OPEN,104,0.0,0.0
35717087H,6/27/2025,2014751,2265,UNIVERSITY AVENUE,BRONX,207,CLASS - 1,28-302.1,Failure to Maintain Building Walls,OPEN,104,0.0,0.0
35717089L,7/2/2025,2008928,1730,POPHAM AVENUE,BRONX,205,CLASS - 1,28-302.1,Failure to Maintain Building Walls,OPEN,104,0.0,0.0
35717091K,7/2/2025,2003173,1180,ANDERSON AVENUE,BRONX,204,CLASS - 1,28-302.1,Failure to Maintain Building Walls,OPEN,104,0.0,0.0
35717092M,7/8/2025,2015734,2899,KINGSBRIDGE TERRACE,BRONX,208,CLASS - 1,28-302.1,Failure to Maintain Building Walls,OPEN,104,0.0,0.0
35717094X,7/8/2025,2015395,165,WEST  197 STREET,BRONX,208,CLASS - 1,28-302.1,Failure to Maintain Building Walls,OPEN,104,0.0,0.0
35717095H,7/10/2025,2049403,2140,CRUGER AVENUE,BRONX,211,CLASS - 1,28-302.1,Failure to Maintain Building Walls,OPEN,104,0.0,0.0
35717096J,7/10/2025,2048779,2041,HOLLAND AVENUE,BRONX,211,CLASS - 1,28-302.1,Failure to Maintain Building Walls,OPEN,104,0.0,0.0
35717098N,7/18/2025,2007689,161,EAST  179 STREET,BRONX,205,CLASS - 1,28-302.1,Failure to Maintain Building Walls,OPEN,104,0.0,0.0
35717625X,8/27/2025,1030996,22,RIVERSIDE DRIVE,MANHATTAN,107,CLASS - 1,28-302.5,Failure to Protect the Public,OPEN,1E4,0.0,0.0
35717627J,9/9/2025,2018396,3339,HULL AVENUE,BRONX,207,CLASS - 1,28-302.1,Failure to Maintain Building Walls,OPEN,104,0.0,0.0
35717629N,9/9/2025,2099991,2928,JEROME AVENUE,BRONX,207,CLASS - 1,28-302.1,Failure to Maintain Building Walls,OPEN,104,0.0,0.0
35717631M,9/9/2025,2017597,2914,JEROME AVENUE,BRONX,207,CLASS - 1,28-302.1,Failure to Maintain Building Walls,OPEN,104,0.0,0.0
35717633X,9/10/2025,2018344,3203,HULL AVENUE,BRONX,207,CLASS - 1,28-302.1,Failure to Maintain Building Walls,OPEN,104,0.0,0.0
35717634H,9/10/2025,2018411,3152,HULL AVENUE,BRONX,207,CLASS - 1,28-302.1,Failure to Maintain Building Walls,OPEN,104,0.0,0.0
35717636L,9/10/2025,2017341,3205,GRAND CONCOURSE,BRONX,207,CLASS - 1,28-302.1,Failure to Maintain Building Walls,OPEN,104,0.0,0.0
35717638P,9/12/2025,1031349,77,WEST   85 STREET,MANHATTAN,107,CLASS - 1,28-302.5,Failure to Protect the Public,OPEN,1E4,0.0,0.0
35717639R,9/10/2025,2017501,2800,JEROME AVENUE,BRONX,207,CLASS - 1,28-302.1,Failure to Maintain Building Walls,OPEN,104,0.0,0.0
35717641X,9/12/2025,2017345,3175,GRAND CONCOURSE,BRONX,207,CLASS - 1,28-302.1,Failure to Maintain Building Walls,OPEN,104,0.0,0.0
35717647R,9/15/2025,2017192,2960,GRAND CONCOURSE,BRONX,207,CLASS - 1,28-302.1,Failure to Maintain Building Walls,OPEN,104,0.0,0.0
35717650H,9/9/2025,1007578,545,BROADWAY,MANHATTAN,102,CLASS - 1,28-302.1,Failure to Maintain Building Walls,OPEN,104,0.0,0.0
35717651J,9/10/2025,2053739,2707,BARNES AVENUE,BRONX,211,CLASS - 1,28-302.1,Failure to Maintain Building Walls,OPEN,104,0.0,0.0
35717653N,9/10/2025,2091186,421,EAST  168 STREET,BRONX,203,CLASS - 1,28-302.5,Failure to Protect the Public,OPEN,1E4,0.0,0.0
35717679L,9/16/2025,3127187,540,OCEAN PARKWAY,BROOKLYN,312,CLASS - 1,28-302.1,Failure to Maintain Building Walls,OPEN,104,0.0,0.0
35718100H,6/16/2025,2013437,2350,VALENTINE AVENUE,BRONX,205,CLASS - 1,28-302.1,Failure to Maintain Building Walls,OPEN,104,0.0,0.0
35718101J,6/16/2025,2009327,1684,CLAY AVENUE,BRONX,204,CLASS - 1,28-302.1,Failure to Maintain Building Walls,OPEN,104,0.0,0.0
35718103N,6/16/2025,2009328,1690,CLAY AVENUE,BRONX,204,CLASS - 1,28-302.1,Failure to Maintain Building Walls,OPEN,104,0.0,0.0
35718107K,6/23/2025,1087213,1829,LEXINGTON AVENUE,MANHATTAN,111,CLASS - 1,28-302.1,Failure to Maintain Building Walls,OPEN,104,0.0,0.0
35718111N,7/18/2025,2014011,2325,MORRIS AVENUE,BRONX,205,CLASS - 1,28-302.1,Failure to Maintain Building Walls,OPEN,104,0.0,0.0
35718114Z,7/15/2025,1001937,5,FRANKLIN PLACE,MANHATTAN,101,CLASS - 1,28-302.5,Failure to Protect the Public,OPEN,1E4,0.0,0.0
35718117Y,7/16/2025,1056586,2724,BROADWAY,MANHATTAN,107,CLASS - 1,28-302.5,Failure to Protect the Public,OPEN,1E4,0.0,0.0
35718155P,7/8/2025,2002971,751,GERARD AVENUE,BRONX,204,CLASS - 1,28-302.1,Failure to Maintain Building Walls,OPEN,104,0.0,0.0
35718158K,7/15/2025,1016132,220,PARK AVENUE SOUTH,MANHATTAN,105,CLASS - 1,28-302.1,Failure to Maintain Building Walls,OPEN,104,0.0,0.0
35718159M,7/17/2025,3388698,47,MC KEEVER PLACE,BROOKLYN,309,CLASS - 1,28-302.1,Failure to Maintain Building Walls,OPEN,104,0.0,0.0
35718162N,7/18/2025,2003065,1110,ANDERSON AVENUE,BRONX,204,CLASS - 1,28-302.1,Failure to Maintain Building Walls,OPEN,104,0.0,0.0
35718165Z,7/18/2025,2002904,835,WALTON AVENUE,BRONX,204,CLASS - 1,28-302.1,Failure to Maintain Building Walls,OPEN,104,0.0,0.0
35718169X,7/18/2025,2015248,61,WEST KINGSBRIDGE ROAD,BRONX,208,CLASS - 1,28-302.1,Failure to Maintain Building Walls,OPEN,104,0.0,0.0
35718176Y,7/11/2025,3398246,3015,BRIGHTON    6 STREET,BROOKLYN,313,CLASS - 1,28-302.1,Failure to Maintain Building Walls,OPEN,104,0.0,0.0
35718181Z,7/15/2025,3335261,68,CUMBERLAND WALK,BROOKLYN,302,CLASS - 1,28-302.1,Failure to Maintain Building Walls,OPEN,104,0.0,0.0
35718184Y,7/21/2025,3425399,323,EAST   19 STREET,BROOKLYN,314,CLASS - 1,28-302.1,Failure to Maintain Building Walls,OPEN,104,0.0,0.0
35718191M,7/31/2025,1013096,335,WEST   18 STREET,MANHATTAN,104,CLASS - 1,28-302.1,Failure to Maintain Building Walls,OPEN,104,0.0,0.0
35718198P,8/4/2025,2091102,383,EAST  143 STREET,BRONX,201,CLASS - 1,28-302.5,Failure to Protect the Public,OPEN,1E4,0.0,0.0
35718199R,8/4/2025,2091099,350,EAST  143 STREET,BRONX,201,CLASS - 1,28-302.5,Failure to Protect the Public,OPEN,1E4,0.0,0.0
35718226N,7/16/2025,2018168,3245,PERRY AVENUE,BRONX,207,CLASS - 1,28-302.1,Failure to Maintain Building Walls,OPEN,104,0.0,0.0
35718228R,7/16/2025,2018380,3318,PERRY AVENUE,BRONX,207,CLASS - 1,28-302.1,Failure to Maintain Building Walls,OPEN,104,0.0,0.0
35718230X,7/16/2025,2018567,3235,PARKSIDE PLACE,BRONX,207,CLASS - 1,28-302.1,Failure to Maintain Building Walls,OPEN,104,0.0,0.0
35718235P,7/17/2025,3343256,735,LINCOLN AVENUE,BROOKLYN,305,CLASS - 1,28-302.5,Failure to Protect the Public,OPEN,1E4,0.0,0.0
35718236R,7/17/2025,3343260,765,LINCOLN AVENUE,BROOKLYN,305,CLASS - 1,28-302.5,Failure to Protect the Public,OPEN,1E4,0.0,0.0
35718237Z,7/18/2025,2018625,3525,PERRY AVENUE,BRONX,207,CLASS - 1,28-302.1,Failure to Maintain Building Walls,OPEN,104,0.0,0.0
35718241L,7/18/2025,2017145,2842,GRAND CONCOURSE,BRONX,207,CLASS - 1,28-302.1,Failure to Maintain Building Walls,OPEN,104,0.0,0.0
35718243P,7/18/2025,2017483,2675,CRESTON AVENUE,BRONX,207,CLASS - 1,28-302.1,Failure to Maintain Building Walls,OPEN,104,0.0,0.0
35718245Z,7/19/2025,2015856,3435,GILES PLACE,BRONX,208,CLASS - 1,28-302.1,Failure to Maintain Building Walls,OPEN,104,0.0,0.0
35718246K,7/19/2025,2015524,2829,SEDGWICK AVENUE,BRONX,208,CLASS - 1,28-302.1,Failure to Maintain Building Walls,OPEN,104,0.0,0.0
35718247M,7/19/2025,2007632,125,MOUNT HOPE PLACE,BRONX,205,CLASS - 1,28-302.1,Failure to Maintain Building Walls,OPEN,104,0.0,0.0
35718251P,7/23/2025,2062854,3990,BRONX BOULEVARD,BRONX,212,CLASS - 1,28-302.1,Failure to Maintain Building Walls,OPEN,104,0.0,0.0
35718253Z,7/29/2025,3117131,612,OCEAN AVENUE,BROOKLYN,314,CLASS - 1,28-302.1,Failure to Maintain Building Walls,OPEN,104,0.0,0.0
35718276L,7/17/2025,2014593,2260,UNIVERSITY AVENUE,BRONX,207,CLASS - 1,28-302.1,Failure to Maintain Building Walls,OPEN,104,0.0,0.0
35718286P,7/23/2025,1030847,252,WEST   76 STREET,MANHATTAN,107,CLASS - 1,28-302.1,Failure to Maintain Building Walls,OPEN,104,0.0,0.0
35718287R,7/21/2025,2071760,4769,WHITE PLAINS ROAD,BRONX,212,CLASS - 1,28-302.1,Failure to Maintain Building Walls,OPEN,104,0.0,0.0
35718291J,7/29/2025,2014186,2185,DAVIDSON AVENUE,BRONX,205,CLASS - 1,28-302.1,Failure to Maintain Building Walls,OPEN,104,0.0,0.0
35718325Z,7/18/2025,2013770,2255,GRAND CONCOURSE,BRONX,205,CLASS - 1,28-302.1,Failure to Maintain Building Walls,OPEN,104,0.0,0.0
35718327M,7/18/2025,2013548,2185,VALENTINE AVENUE,BRONX,205,CLASS - 1,28-302.1,Failure to Maintain Building Walls,OPEN,104,0.0,0.0
35718329X,7/25/2025,1079806,2825,   8 AVENUE,MANHATTAN,110,CLASS - 1,28-302.1,Failure to Maintain Building Walls,OPEN,104,0.0,0.0
35718331P,7/25/2025,1060395,2640,   8 AVENUE,MANHATTAN,110,CLASS - 1,28-302.1,Failure to Maintain Building Walls,OPEN,104,0.0,0.0
35718333Z,7/10/2025,3189543,2945,WEST   23 STREET,BROOKLYN,313,CLASS - 1,28-302.1,Failure to Maintain Building Walls,OPEN,104,0.0,0.0
35718334K,7/11/2025,1084521,2991,   8 AVENUE,MANHATTAN,110,CLASS - 1,28-302.5,Failure to Protect the Public,OPEN,1E4,0.0,0.0
35718336Y,7/29/2025,1058613,2294,   8 AVENUE,MANHATTAN,110,CLASS - 1,28-302.1,Failure to Maintain Building Walls,OPEN,104,0.0,0.0
35718337X,7/11/2025,1084519,2949,   8 AVENUE,MANHATTAN,110,CLASS - 1,28-302.5,Failure to Protect the Public,OPEN,1E4,0.0,0.0
35718341Z,7/29/2025,1087984,58,EAST  132 STREET,MANHATTAN,111,CLASS - 1,28-302.5,Failure to Protect the Public,OPEN,1E4,0.0,0.0
35718350K,7/19/2025,2007314,1660,TOPPING AVENUE,BRONX,204,CLASS - 1,28-302.1,Failure to Maintain Building Walls,OPEN,104,0.0,0.0
35718352Y,7/24/2025,3095889,675,LINCOLN AVENUE,BROOKLYN,305,CLASS - 1,28-302.5,Failure to Protect the Public,OPEN,1E4,0.0,0.0
35718355J,7/28/2025,2017498,2760,JEROME AVENUE,BRONX,207,CLASS - 1,28-302.1,Failure to Maintain Building Walls,OPEN,104,0.0,0.0
35718356L,7/28/2025,2017499,2776,JEROME AVENUE,BRONX,207,CLASS - 1,28-302.1,Failure to Maintain Building Walls,OPEN,104,0.0,0.0
35718357N,7/28/2025,2017500,2786,JEROME AVENUE,BRONX,207,CLASS - 1,28-302.1,Failure to Maintain Building Walls,OPEN,104,0.0,0.0
35718360Y,7/31/2025,2018641,3511,HULL AVENUE,BRONX,207,CLASS - 1,28-302.1,Failure to Maintain Building Walls,OPEN,104,0.0,0.0
35718362H,8/18/2025,3324285,797,SCHENCK AVENUE,BROOKLYN,305,CLASS - 1,28-302.1,Failure to Maintain Building Walls,OPEN,104,0.0,0.0
35718363J,8/12/2025,4013655,48-10,  31 AVENUE,QUEENS,401,CLASS - 1,28-302.1,Failure to Maintain Building Walls,OPEN,104,0.0,0.0
35718364L,8/21/2025,3335884,25,CHAPEL STREET,BROOKLYN,302,CLASS - 1,28-302.1,Failure to Maintain Building Walls,OPEN,104,0.0,0.0
35718366P,8/13/2025,1082781,5470,BROADWAY,MANHATTAN,208,CLASS - 1,28-302.1,Failure to Maintain Building Walls,OPEN,104,0.0,0.0
35718367R,8/13/2025,1059409,443,WEST  135 STREET,MANHATTAN,109,CLASS - 1,28-302.1,Failure to Maintain Building Walls,OPEN,104,0.0,0.0
35718369K,8/27/2025,1063510,701,WEST  176 STREET,MANHATTAN,112,CLASS - 1,28-302.5,Failure to Protect the Public,OPEN,1E4,0.0,0.0
35718370H,8/27/2025,1033968,317,WEST   87 STREET,MANHATTAN,107,CLASS - 1,28-302.5,Failure to Protect the Public,OPEN,1E4,0.0,0.0
35718371J,8/27/2025,1035454,444,MADISON AVENUE,MANHATTAN,105,CLASS - 1,28-302.5,Failure to Protect the Public,OPEN,1E4,0.0,0.0
35718372L,8/15/2025,1086515,462,   1 AVENUE,MANHATTAN,106,CLASS - 1,28-302.1,Failure to Maintain Building Walls,OPEN,104,0.0,0.0
35718373N,8/18/2025,3322146,61,AVENUE W,BROOKLYN,313,CLASS - 1,28-302.1,Failure to Maintain Building Walls,OPEN,104,0.0,0.0
35718374P,8/18/2025,3324613,205,ALBANY AVENUE,BROOKLYN,308,CLASS - 1,28-302.1,Failure to Maintain Building Walls,OPEN,104,0.0,0.0
35718377K,7/29/2025,1013552,315,WEST   33 STREET,MANHATTAN,104,CLASS - 1,28-302.5,Failure to Protect the Public,OPEN,1E4,0.0,0.0
35718386M,8/5/2025,1033224,574,WEST END AVENUE,MANHATTAN,107,CLASS - 1,28-302.1,Failure to Maintain Building Walls,OPEN,104,0.0,0.0
35718387Y,8/5/2025,1032698,450,WEST END AVENUE,MANHATTAN,107,CLASS - 1,28-302.1,Failure to Maintain Building Walls,OPEN,104,0.0,0.0
35718400J,7/28/2025,2083241,2475,PALISADE AVENUE,BRONX,208,CLASS - 1,28-302.1,Failure to Maintain Building Walls,OPEN,104,0.0,0.0
35718401L,7/28/2025,2015182,2695,HEATH AVENUE,BRONX,207,CLASS - 1,28-302.1,Failure to Maintain Building Walls,OPEN,104,0.0,0.0
35718403P,7/28/2025,2013929,75,EAST  190 STREET,BRONX,207,CLASS - 1,28-302.1,Failure to Maintain Building Walls,OPEN,104,0.0,0.0
35718428L,8/4/2025,2017704,3444,KNOX PLACE,BRONX,207,CLASS - 1,28-302.1,Failure to Maintain Building Walls,OPEN,104,0.0,0.0
35718432Y,8/4/2025,2017340,3201,GRAND CONCOURSE,BRONX,207,CLASS - 1,28-302.1,Failure to Maintain Building Walls,OPEN,104,0.0,0.0
35718433X,8/8/2025,1017914,81,IRVING PLACE,MANHATTAN,106,CLASS - 1,28-302.1,Failure to Maintain Building Walls,OPEN,104,0.0,0.0
35718434H,8/12/2025,2120355,830,FOX STREET,BRONX,202,CLASS - 1,28-302.1,Failure to Maintain Building Walls,OPEN,104,0.0,0.0
35718436L,8/12/2025,2093888,461,SWINTON AVENUE,BRONX,210,CLASS - 1,28-302.1,Failure to Maintain Building Walls,OPEN,104,0.0,0.0
35718437N,8/12/2025,1058378,131,ST NICHOLAS AVENUE,MANHATTAN,110,CLASS - 1,28-302.1,Failure to Maintain Building Walls,OPEN,104,0.0,0.0
35718441X,9/4/2025,2049615,1055,ESPLANADE,BRONX,211,CLASS - 1,28-302.1,Failure to Maintain Building Walls,OPEN,104,0.0,0.0
35718442H,9/4/2025,2004587,751,FOREST AVENUE,BRONX,201,CLASS - 1,28-302.1,Failure to Maintain Building Walls,OPEN,104,0.0,0.0
35718444L,9/15/2025,1025144,300,WEST   49 STREET,MANHATTAN,104,CLASS - 1,28-302.1,Failure to Maintain Building Walls,OPEN,104,0.0,0.0
35718450H,7/21/2025,2048793,2095,CRUGER AVENUE,BRONX,211,CLASS - 1,28-302.5,Failure to Protect the Public,OPEN,1E4,0.0,0.0
35718452L,8/14/2025,2049754,610,WARING AVENUE,BRONX,211,CLASS - 1,28-302.5,Failure to Protect the Public,OPEN,1E4,0.0,0.0
35718454P,8/20/2025,1008418,644,BROADWAY,MANHATTAN,102,CLASS - 1,28-302.5,Failure to Protect the Public,OPEN,1E4,0.0,0.0
35718475Y,8/5/2025,2028410,1230,EAST TREMONT AVENUE,BRONX,209,CLASS - 1,28-302.1,Failure to Maintain Building Walls,OPEN,104,0.0,0.0
35718479L,8/6/2025,2016025,3873,ORLOFF AVENUE,BRONX,208,CLASS - 1,28-302.1,Failure to Maintain Building Walls,OPEN,104,0.0,0.0
35718483Y,8/12/2025,3257059,140A,  58 STREET,BROOKLYN,307,CLASS - 1,28-302.1,Failure to Maintain Building Walls,OPEN,104,0.0,0.0
35718484X,8/15/2025,1012827,441,WEST   26 STREET,MANHATTAN,104,CLASS - 1,28-302.1,Failure to Maintain Building Walls,OPEN,104,0.0,0.0
35718487L,8/11/2025,2092649,1700,SEWARD AVENUE,BRONX,209,CLASS - 1,28-302.1,Failure to Maintain Building Walls,OPEN,104,0.0,0.0
35718488N,8/26/2025,1063495,621,WEST  172 STREET,MANHATTAN,112,CLASS - 1,28-302.5,Failure to Protect the Public,OPEN,1E4,0.0,0.0
35718491Y,8/27/2025,1015137,345,   7 AVENUE,MANHATTAN,105,CLASS - 1,28-302.5,Failure to Protect the Public,OPEN,1E4,0.0,0.0
35718495L,9/16/2025,4039159,92-29,LAMONT AVENUE,QUEENS,404,CLASS - 1,28-302.1,Failure to Maintain Building Walls,OPEN,104,0.0,0.0
35718496N,8/26/2025,2002295,1175,FINDLAY AVENUE,BRONX,204,CLASS - 1,28-302.5,Failure to Protect the Public,OPEN,1E4,0.0,0.0
35718551R,8/28/2025,3322045,3002,SURF AVENUE,BROOKLYN,313,CLASS - 1,28-302.1,Failure to Maintain Building Walls,OPEN,104,0.0,0.0
35718552Z,9/4/2025,3421880,911,ERSKINE STREET,BROOKLYN,305,CLASS - 1,28-302.1,Failure to Maintain Building Walls,OPEN,104,0.0,0.0
35718553K,9/11/2025,1058455,188,ST NICHOLAS AVENUE,MANHATTAN,110,CLASS - 1,28-302.1,Failure to Maintain Building Walls,OPEN,104,0.0,0.0
35719180L,8/15/2025,1003422,43,EAST BROADWAY,MANHATTAN,103,CLASS - 1,28-302.1,Failure to Maintain Building Walls,OPEN,104,0.0,0.0
35719230K,8/13/2025,3078230,69,WEIRFIELD STREET,BROOKLYN,304,CLASS - 1,28-302.1,Failure to Maintain Building Walls,OPEN,104,0.0,0.0
35719351R,8/20/2025,2011041,2485,ELM PLACE,BRONX,205,CLASS - 1,28-302.1,Failure to Maintain Building Walls,OPEN,104,0.0,0.0
35721428Z,9/25/2025,1025157,334,WEST   49 STREET,MANHATTAN,104,CLASS - 1,28-302.1,Failure to Maintain Building Walls,OPEN,104,0.0,0.0
37023486L,12/2/2022,3398355,336,FLATBUSH AVENUE EXTENSION,BROOKLYN,302,CLASS - 2,28-302.4,Failure to File Facade Technical Report,OPEN,230,0.0,0.0
37023488P,12/2/2022,1078613,22,READE STREET,MANHATTAN,101,CLASS - 2,28-302.4,Failure to File Facade Technical Report,OPEN,230,0.0,0.0
37023489R,12/2/2022,3338306,300,SKILLMAN AVENUE,BROOKLYN,301,CLASS - 2,28-302.4,Failure to File Facade Technical Report,OPEN,230,0.0,0.0
37023491X,12/2/2022,2109474,1600,HAZEN STREET,BRONX,401,CLASS - 2,28-302.4,Failure to File Facade Technical Report,OPEN,230,0.0,0.0
37023492H,12/2/2022,1022052,400,   1 AVENUE,MANHATTAN,106,CLASS - 2,28-302.4,Failure to File Facade Technical Report,OPEN,230,0.0,0.0
37023494L,12/2/2022,2004526,601,EAST  166 STREET,BRONX,203,CLASS - 2,28-302.4,Failure to File Facade Technical Report,OPEN,230,0.0,0.0
37023495N,12/2/2022,1030341,100,AMSTERDAM AVENUE,MANHATTAN,107,CLASS - 2,28-302.4,Failure to File Facade Technical Report,OPEN,230,0.0,0.0
37023496P,12/2/2022,4467709,14-30,BROADWAY,QUEENS,401,CLASS - 2,28-302.4,Failure to File Facade Technical Report,OPEN,230,0.0,0.0
37023497R,12/2/2022,4436685,45-02,  36 STREET,QUEENS,402,CLASS - 2,28-302.4,Failure to File Facade Technical Report,OPEN,230,0.0,0.0
37023498Z,12/2/2022,4005429,44-24,VERNON BOULEVARD,QUEENS,402,CLASS - 2,28-302.4,Failure to File Facade Technical Report,OPEN,230,0.0,0.0
37023499K,12/2/2022,1006502,331,EAST   12 STREET,MANHATTAN,103,CLASS - 2,28-302.4,Failure to File Facade Technical Report,OPEN,230,0.0,0.0
37023500Z,12/2/2022,1056586,2724,BROADWAY,MANHATTAN,107,CLASS - 2,28-302.4,Failure to File Facade Technical Report,OPEN,230,0.0,0.0
37023502M,12/2/2022,3251702,70,CLYMER STREET,BROOKLYN,301,CLASS - 2,28-302.4,Failure to File Facade Technical Report,OPEN,230,0.0,0.0
37023503Y,12/2/2022,3338599,808,PARK AVENUE,BROOKLYN,303,CLASS - 2,28-302.4,Failure to File Facade Technical Report,OPEN,230,0.0,0.0
37023504X,12/2/2022,3338597,987,MYRTLE AVENUE,BROOKLYN,303,CLASS - 2,28-302.4,Failure to File Facade Technical Report,OPEN,230,0.0,0.0
37023505H,12/2/2022,3338596,231,THROOP AVENUE,BROOKLYN,303,CLASS - 2,28-302.4,Failure to File Facade Technical Report,OPEN,230,0.0,0.0
37023506J,12/2/2022,3338600,44,MARCUS GARVEY BOULEVARD,BROOKLYN,303,CLASS - 2,28-302.4,Failure to File Facade Technical Report,OPEN,230,0.0,0.0
37023507L,12/2/2022,3338598,995,MYRTLE AVENUE,BROOKLYN,303,CLASS - 2,28-302.4,Failure to File Facade Technical Report,OPEN,230,0.0,0.0
37023508N,12/2/2022,3338601,54,MARCUS GARVEY BOULEVARD,BROOKLYN,303,CLASS - 2,28-302.4,Failure to File Facade Technical Report,OPEN,230,0.0,0.0
37023510M,12/2/2022,2093410,948,MACE AVENUE,BRONX,211,CLASS - 2,28-302.4,Failure to File Facade Technical Report,OPEN,230,0.0,0.0
37023512X,12/2/2022,3059903,51,ROSS STREET,BROOKLYN,301,CLASS - 2,28-302.4,Failure to File Facade Technical Report,OPEN,230,0.0,0.0
37023517P,12/2/2022,3044658,150,MALCOLM X BOULEVARD,BROOKLYN,303,CLASS - 2,28-302.4,Failure to File Facade Technical Report,OPEN,230,0.0,0.0
37023522J,12/2/2022,3324697,15,MOTHER GASTON BOULEVARD,BROOKLYN,316,CLASS - 2,28-302.4,Failure to File Facade Technical Report,OPEN,230,0.0,0.0
37023525P,12/2/2022,3326548,305,LIVONIA AVENUE,BROOKLYN,316,CLASS - 2,28-302.4,Failure to File Facade Technical Report,OPEN,230,0.0,0.0
37023526R,12/2/2022,3326542,300,DUMONT AVENUE,BROOKLYN,316,CLASS - 2,28-302.4,Failure to File Facade Technical Report,OPEN,230,0.0,0.0
37023527Z,12/2/2022,3326545,360,DUMONT AVENUE,BROOKLYN,316,CLASS - 2,28-302.4,Failure to File Facade Technical Report,OPEN,230,0.0,0.0
37023528K,12/2/2022,3326547,275,LIVONIA AVENUE,BROOKLYN,316,CLASS - 2,28-302.4,Failure to File Facade Technical Report,OPEN,230,0.0,0.0
37023529M,12/2/2022,3326543,330,DUMONT AVENUE,BROOKLYN,316,CLASS - 2,28-302.4,Failure to File Facade Technical Report,OPEN,230,0.0,0.0
37023530J,12/2/2022,3326546,265,LIVONIA AVENUE,BROOKLYN,316,CLASS - 2,28-302.4,Failure to File Facade Technical Report,OPEN,230,0.0,0.0
37023531L,12/2/2022,3326549,315,LIVONIA AVENUE,BROOKLYN,316,CLASS - 2,28-302.4,Failure to File Facade Technical Report,OPEN,230,0.0,0.0
37023535Z,12/2/2022,3059900,571,WYTHE AVENUE,BROOKLYN,301,CLASS - 2,28-302.4,Failure to File Facade Technical Report,OPEN,230,0.0,0.0
37023537M,12/2/2022,3059901,626,WYTHE PLACE,BROOKLYN,301,CLASS - 2,28-302.4,Failure to File Facade Technical Report,OPEN,230,0.0,0.0
37023538Y,12/2/2022,3075906,120,MENAHAN STREET,BROOKLYN,304,CLASS - 2,28-302.4,Failure to File Facade Technical Report,OPEN,230,0.0,0.0
37023539X,12/2/2022,3394310,140,MENAHAN STREET,BROOKLYN,304,CLASS - 2,28-302.4,Failure to File Facade Technical Report,OPEN,230,0.0,0.0
37023542R,12/2/2022,3071440,50,MANHATTAN AVENUE,BROOKLYN,301,CLASS - 2,28-302.4,Failure to File Facade Technical Report,OPEN,230,0.0,0.0
37023546Y,12/2/2022,3059904,611,WYTHE AVENUE,BROOKLYN,301,CLASS - 2,28-302.4,Failure to File Facade Technical Report,OPEN,230,0.0,0.0
37023547X,12/2/2022,3331195,307,KINGSBOROUGH    3 WALK,BROOKLYN,308,CLASS - 2,28-302.4,Failure to File Facade Technical Report,OPEN,230,0.0,0.0
37023548H,12/2/2022,3080818,2058,UNION STREET,BROOKLYN,316,CLASS - 2,28-302.4,Failure to File Facade Technical Report,OPEN,230,0.0,0.0
37023549J,12/2/2022,2094151,1141,EAST  229 STREET,BRONX,212,CLASS - 2,28-302.4,Failure to File Facade Technical Report,OPEN,230,0.0,0.0
37023550R,12/2/2022,3324696,309,MAC DOUGAL STREET,BROOKLYN,316,CLASS - 2,28-302.4,Failure to File Facade Technical Report,OPEN,230,0.0,0.0
37023554Y,12/2/2022,2094153,1165,EAST  229 STREET,BRONX,212,CLASS - 2,28-302.4,Failure to File Facade Technical Report,OPEN,230,0.0,0.0
37023555X,12/2/2022,2094150,1170, 229 DRIVE SOUTH,BRONX,212,CLASS - 2,28-302.4,Failure to File Facade Technical Report,OPEN,230,0.0,0.0
37023556H,12/2/2022,2094152,1145,EAST  229 STREET,BRONX,212,CLASS - 2,28-302.4,Failure to File Facade Technical Report,OPEN,230,0.0,0.0
37023557J,12/2/2022,2094147,1135,EAST  229 STREET,BRONX,212,CLASS - 2,28-302.4,Failure to File Facade Technical Report,OPEN,230,0.0,0.0
37023558L,12/2/2022,2094169,1160, 229 DRIVE SOUTH,BRONX,212,CLASS - 2,28-302.4,Failure to File Facade Technical Report,OPEN,230,0.0,0.0
37023559N,12/2/2022,2097991,1138, 229 DRIVE SOUTH,BRONX,212,CLASS - 2,28-302.4,Failure to File Facade Technical Report,OPEN,230,0.0,0.0
37023561M,12/2/2022,2094139,1173, 229 DRIVE NORTH,BRONX,212,CLASS - 2,28-302.4,Failure to File Facade Technical Report,OPEN,230,0.0,0.0
37023563X,12/2/2022,2094168,1154, 229 DRIVE SOUTH,BRONX,212,CLASS - 2,28-302.4,Failure to File Facade Technical Report,OPEN,230,0.0,0.0
37023564H,12/2/2022,2093516,735,MAGENTA STREET,BRONX,212,CLASS - 2,28-302.4,Failure to File Facade Technical Report,OPEN,230,0.0,0.0
37023565J,12/2/2022,2093515,740,EAST GUN HILL ROAD,BRONX,212,CLASS - 2,28-302.4,Failure to File Facade Technical Report,OPEN,230,0.0,0.0
37023566L,12/2/2022,2093513,711,MAGENTA STREET,BRONX,212,CLASS - 2,28-302.4,Failure to File Facade Technical Report,OPEN,230,0.0,0.0
37023567N,12/2/2022,2093514,712,EAST GUN HILL ROAD,BRONX,212,CLASS - 2,28-302.4,Failure to File Facade Technical Report,OPEN,230,0.0,0.0
37023568P,12/2/2022,2093517,3445,HOLLAND AVENUE,BRONX,212,CLASS - 2,28-302.4,Failure to File Facade Technical Report,OPEN,230,0.0,0.0
37023569R,12/2/2022,2093518,3444,WHITE PLAINS ROAD,BRONX,212,CLASS - 2,28-302.4,Failure to File Facade Technical Report,OPEN,230,0.0,0.0
37023570Y,12/2/2022,2093412,2430,BRONXWOOD AVENUE,BRONX,211,CLASS - 2,28-302.4,Failure to File Facade Technical Report,OPEN,230,0.0,0.0
37023571X,12/2/2022,2093405,2460,BRONXWOOD AVENUE,BRONX,211,CLASS - 2,28-302.4,Failure to File Facade Technical Report,OPEN,230,0.0,0.0
37023572H,12/2/2022,2094156,1132, 229 DRIVE SOUTH,BRONX,212,CLASS - 2,28-302.4,Failure to File Facade Technical Report,OPEN,230,0.0,0.0
37023573J,12/2/2022,3324599,629,KINGSBOROUGH    6 WALK,BROOKLYN,308,CLASS - 2,28-302.4,Failure to File Facade Technical Report,OPEN,230,0.0,0.0
37023574L,12/2/2022,3326948,108,CHRISTOPHER AVENUE,BROOKLYN,316,CLASS - 2,28-302.4,Failure to File Facade Technical Report,OPEN,230,0.0,0.0
37023575N,12/2/2022,3324598,630,KINGSBOROUGH    6 WALK,BROOKLYN,308,CLASS - 2,28-302.4,Failure to File Facade Technical Report,OPEN,230,0.0,0.0
37023576P,12/2/2022,3324602,207,KINGSBOROUGH    2 WALK,BROOKLYN,308,CLASS - 2,28-302.4,Failure to File Facade Technical Report,OPEN,230,0.0,0.0
37023577R,12/2/2022,3331187,142,KINGSBOROUGH    1 WALK,BROOKLYN,308,CLASS - 2,28-302.4,Failure to File Facade Technical Report,OPEN,230,0.0,0.0
37023578Z,12/2/2022,3324601,127,KINGSBOROUGH    1 WALK,BROOKLYN,308,CLASS - 2,28-302.4,Failure to File Facade Technical Report,OPEN,230,0.0,0.0
37023579K,12/2/2022,3324600,108,KINGSBOROUGH    1 WALK,BROOKLYN,308,CLASS - 2,28-302.4,Failure to File Facade Technical Report,OPEN,230,0.0,0.0
37023580H,12/2/2022,3331197,308,KINGSBOROUGH    3 WALK,BROOKLYN,308,CLASS - 2,28-302.4,Failure to File Facade Technical Report,OPEN,230,0.0,0.0
37023581J,12/2/2022,3331198,342,KINGSBOROUGH    3 WALK,BROOKLYN,308,CLASS - 2,28-302.4,Failure to File Facade Technical Report,OPEN,230,0.0,0.0
37023582L,12/2/2022,3331199,408,KINGSBOROUGH    4 WALK,BROOKLYN,308,CLASS - 2,28-302.4,Failure to File Facade Technical Report,OPEN,230,0.0,0.0
37023583N,12/2/2022,3331188,442,KINGSBOROUGH    4 WALK,BROOKLYN,308,CLASS - 2,28-302.4,Failure to File Facade Technical Report,OPEN,230,0.0,0.0
37023585R,12/2/2022,3331196,341,KINGSBOROUGH    3 WALK,BROOKLYN,308,CLASS - 2,28-302.4,Failure to File Facade Technical Report,OPEN,230,0.0,0.0
37023586Z,12/2/2022,3324603,241,KINGSBOROUGH    2 WALK,BROOKLYN,308,CLASS - 2,28-302.4,Failure to File Facade Technical Report,OPEN,230,0.0,0.0
37023588M,12/2/2022,3336073,426,BALTIC STREET,BROOKLYN,306,CLASS - 2,28-302.4,Failure to File Facade Technical Report,OPEN,230,0.0,0.0
37023590L,12/2/2022,3336072,235,HOYT STREET,BROOKLYN,306,CLASS - 2,28-302.4,Failure to File Facade Technical Report,OPEN,230,0.0,0.0
37023591N,12/2/2022,3336075,244,BOND STREET,BROOKLYN,306,CLASS - 2,28-302.4,Failure to File Facade Technical Report,OPEN,230,0.0,0.0
37023596M,12/2/2022,3331200,529,KINGSBOROUGH    5 WALK,BROOKLYN,308,CLASS - 2,28-302.4,Failure to File Facade Technical Report,OPEN,230,0.0,0.0
37023597Y,12/2/2022,4430707,35-51,  21 STREET,QUEENS,401,CLASS - 2,28-302.4,Failure to File Facade Technical Report,OPEN,230,0.0,0.0
37023599H,12/2/2022,4430875,23-02,  34 AVENUE,QUEENS,401,CLASS - 2,28-302.4,Failure to File Facade Technical Report,OPEN,230,0.0,0.0
37023600X,12/2/2022,4430879,21-15,  35 AVENUE,QUEENS,401,CLASS - 2,28-302.4,Failure to File Facade Technical Report,OPEN,230,0.0,0.0
37023601H,12/2/2022,4430877,21-09,  35 AVENUE,QUEENS,401,CLASS - 2,28-302.4,Failure to File Facade Technical Report,OPEN,230,0.0,0.0
37023602J,12/2/2022,4430852,34-34,  24 STREET,QUEENS,401,CLASS - 2,28-302.4,Failure to File Facade Technical Report,OPEN,230,0.0,0.0
37023603L,12/2/2022,4430872,34-04,  24 STREET,QUEENS,401,CLASS - 2,28-302.4,Failure to File Facade Technical Report,OPEN,230,0.0,0.0
37023604N,12/2/2022,4430881,21-51,  35 AVENUE,QUEENS,401,CLASS - 2,28-302.4,Failure to File Facade Technical Report,OPEN,230,0.0,0.0
37023605P,12/2/2022,4430704,35-05,  21 STREET,QUEENS,401,CLASS - 2,28-302.4,Failure to File Facade Technical Report,OPEN,230,0.0,0.0
37023606R,12/2/2022,4430710,21-40,  35 AVENUE,QUEENS,401,CLASS - 2,28-302.4,Failure to File Facade Technical Report,OPEN,230,0.0,0.0
37023607Z,12/2/2022,4430711,35-06,  24 STREET,QUEENS,401,CLASS - 2,28-302.4,Failure to File Facade Technical Report,OPEN,230,0.0,0.0
37023608K,12/2/2022,4430873,34-03,  21 STREET,QUEENS,401,CLASS - 2,28-302.4,Failure to File Facade Technical Report,OPEN,230,0.0,0.0
37023609M,12/2/2022,4430708,21-20,  35 AVENUE,QUEENS,401,CLASS - 2,28-302.4,Failure to File Facade Technical Report,OPEN,230,0.0,0.0
37023611L,12/2/2022,4430706,22-01,  36 AVENUE,QUEENS,401,CLASS - 2,28-302.4,Failure to File Facade Technical Report,OPEN,230,0.0,0.0
37023612N,12/2/2022,4430716,23-03,  36 AVENUE,QUEENS,401,CLASS - 2,28-302.4,Failure to File Facade Technical Report,OPEN,230,0.0,0.0
37023620N,12/2/2022,3326544,340,DUMONT AVENUE,BROOKLYN,316,CLASS - 2,28-302.4,Failure to File Facade Technical Report,OPEN,230,0.0,0.0
37023621P,12/2/2022,4430713,35-36,  24 STREET,QUEENS,401,CLASS - 2,28-302.4,Failure to File Facade Technical Report,OPEN,230,0.0,0.0
37023622R,12/2/2022,4436309,81-01,BEACH CHANNEL DRIVE,QUEENS,414,CLASS - 2,28-302.4,Failure to File Facade Technical Report,OPEN,230,0.0,0.0
37023624K,12/2/2022,4436319,84-14,ROCKAWAY BEACH BOULEVARD,QUEENS,414,CLASS - 2,28-302.4,Failure to File Facade Technical Report,OPEN,230,0.0,0.0
37023625M,12/2/2022,4463573,82-02,ROCKAWAY BEACH BOULEVARD,QUEENS,414,CLASS - 2,28-302.4,Failure to File Facade Technical Report,OPEN,230,0.0,0.0
37023627X,12/2/2022,4436311,81-03,BEACH CHANNEL DRIVE,QUEENS,414,CLASS - 2,28-302.4,Failure to File Facade Technical Report,OPEN,230,0.0,0.0
37023628H,12/2/2022,4436313,82-03,BEACH CHANNEL DRIVE,QUEENS,414,CLASS - 2,28-302.4,Failure to File Facade Technical Report,OPEN,230,0.0,0.0
37023629J,12/2/2022,4436315,81-10,ROCKAWAY BEACH BOULEVARD,QUEENS,414,CLASS - 2,28-302.4,Failure to File Facade Technical Report,OPEN,230,0.0,0.0
37023630R,12/2/2022,4436320,84-16,ROCKAWAY BEACH BOULEVARD,QUEENS,414,CLASS - 2,28-302.4,Failure to File Facade Technical Report,OPEN,230,0.0,0.0
37023631Z,12/2/2022,4436316,84-18,ROCKAWAY BEACH BOULEVARD,QUEENS,414,CLASS - 2,28-302.4,Failure to File Facade Technical Report,OPEN,230,0.0,0.0
37023632K,12/2/2022,4436321,85-02,ROCKAWAY BEACH BOULEVARD,QUEENS,414,CLASS - 2,28-302.4,Failure to File Facade Technical Report,OPEN,230,0.0,0.0
37023633M,12/2/2022,4430874,21-20,  34 AVENUE,QUEENS,401,CLASS - 2,28-302.4,Failure to File Facade Technical Report,OPEN,230,0.0,0.0
37023634Y,12/2/2022,4436312,81-05,BEACH CHANNEL DRIVE,QUEENS,414,CLASS - 2,28-302.4,Failure to File Facade Technical Report,OPEN,230,0.0,0.0
37023636H,12/2/2022,4436314,81-04,ROCKAWAY BEACH BOULEVARD,QUEENS,414,CLASS - 2,28-302.4,Failure to File Facade Technical Report,OPEN,230,0.0,0.0
37023638L,12/2/2022,4435293,163-11,FOCH BOULEVARD,QUEENS,412,CLASS - 2,28-302.4,Failure to File Facade Technical Report,OPEN,230,0.0,0.0
37023639N,12/2/2022,4435294,164-01,FOCH BOULEVARD,QUEENS,412,CLASS - 2,28-302.4,Failure to File Facade Technical Report,OPEN,230,0.0,0.0
37023641M,12/2/2022,4529903,116-30,GUY R BREWER BOULEVARD,QUEENS,412,CLASS - 2,28-302.4,Failure to File Facade Technical Report,OPEN,230,0.0,0.0
37023642Y,12/2/2022,4435282,116-80,GUY R BREWER BOULEVARD,QUEENS,412,CLASS - 2,28-302.4,Failure to File Facade Technical Report,OPEN,230,0.0,0.0
37023646L,12/2/2022,4436310,82-01,BEACH CHANNEL DRIVE,QUEENS,414,CLASS - 2,28-302.4,Failure to File Facade Technical Report,OPEN,230,0.0,0.0
37023647N,12/2/2022,3324207,2630,LINDEN BOULEVARD,BROOKLYN,305,CLASS - 2,28-302.4,Failure to File Facade Technical Report,OPEN,230,0.0,0.0
37023649R,12/2/2022,3106612,728,EAST NEW YORK AVENUE,BROOKLYN,309,CLASS - 2,28-302.4,Failure to File Facade Technical Report,OPEN,230,0.0,0.0
37023651X,12/2/2022,3324208,2628,LINDEN BOULEVARD,BROOKLYN,305,CLASS - 2,28-302.4,Failure to File Facade Technical Report,OPEN,230,0.0,0.0
37023653J,12/2/2022,3324206,1209,LORING AVENUE,BROOKLYN,305,CLASS - 2,28-302.4,Failure to File Facade Technical Report,OPEN,230,0.0,0.0
37023654L,12/2/2022,3324205,1211,LORING AVENUE,BROOKLYN,305,CLASS - 2,28-302.4,Failure to File Facade Technical Report,OPEN,230,0.0,0.0
37023656P,12/2/2022,3328129,345,LIVONIA AVENUE,BROOKLYN,316,CLASS - 2,28-302.4,Failure to File Facade Technical Report,OPEN,230,0.0,0.0
37023660H,12/2/2022,3084013,365,SACKMAN STREET,BROOKLYN,316,CLASS - 2,28-302.4,Failure to File Facade Technical Report,OPEN,230,0.0,0.0
37023661J,12/2/2022,3326949,89,CHRISTOPHER AVENUE,BROOKLYN,316,CLASS - 2,28-302.4,Failure to File Facade Technical Report,OPEN,230,0.0,0.0
37023662L,12/2/2022,2093404,910,MACE AVENUE,BRONX,211,CLASS - 2,28-302.4,Failure to File Facade Technical Report,OPEN,230,0.0,0.0
37023663N,12/2/2022,3099358,955,RUTLAND ROAD,BROOKLYN,317,CLASS - 2,28-302.4,Failure to File Facade Technical Report,OPEN,230,0.0,0.0
37023669Y,12/2/2022,3321839,2946,WEST   23 STREET,BROOKLYN,313,CLASS - 2,28-302.4,Failure to File Facade Technical Report,OPEN,230,0.0,0.0
37023670L,12/2/2022,3321771,2940,WEST   31 STREET,BROOKLYN,313,CLASS - 2,28-302.4,Failure to File Facade Technical Report,OPEN,230,0.0,0.0
37023671N,12/2/2022,3321769,2950,WEST   31 STREET,BROOKLYN,313,CLASS - 2,28-302.4,Failure to File Facade Technical Report,OPEN,230,0.0,0.0
37023672P,12/2/2022,3321770,2960,WEST   31 STREET,BROOKLYN,313,CLASS - 2,28-302.4,Failure to File Facade Technical Report,OPEN,230,0.0,0.0
37023673R,12/2/2022,3189511,2950,WEST   35 STREET,BROOKLYN,313,CLASS - 2,28-302.4,Failure to File Facade Technical Report,OPEN,230,0.0,0.0
37023676M,12/2/2022,3326947,109,CHRISTOPHER AVENUE,BROOKLYN,316,CLASS - 2,28-302.4,Failure to File Facade Technical Report,OPEN,230,0.0,0.0
37023687H,12/2/2022,3188894,2832,WEST   23 STREET,BROOKLYN,313,CLASS - 2,28-302.4,Failure to File Facade Technical Report,OPEN,230,0.0,0.0
37023688J,12/2/2022,1078868,80,EAST  110 STREET,MANHATTAN,111,CLASS - 2,28-302.4,Failure to File Facade Technical Report,OPEN,230,0.0,0.0
37023689L,12/2/2022,1083457,230,EAST  102 STREET,MANHATTAN,111,CLASS - 2,28-302.4,Failure to File Facade Technical Report,OPEN,230,0.0,0.0
37023691K,12/2/2022,1083456,1955,   2 AVENUE,MANHATTAN,111,CLASS - 2,28-302.4,Failure to File Facade Technical Report,OPEN,230,0.0,0.0
37023699P,12/2/2022,1078911,110,EAST   99 STREET,MANHATTAN,111,CLASS - 2,28-302.4,Failure to File Facade Technical Report,OPEN,230,0.0,0.0
37023700N,12/2/2022,1078867,1641,MADISON AVENUE,MANHATTAN,111,CLASS - 2,28-302.4,Failure to File Facade Technical Report,OPEN,230,0.0,0.0
37023703Z,12/2/2022,1082314,60,EAST  102 STREET,MANHATTAN,111,CLASS - 2,28-302.4,Failure to File Facade Technical Report,OPEN,230,0.0,0.0
37023704K,12/2/2022,1079193,50,EAST  102 STREET,MANHATTAN,111,CLASS - 2,28-302.4,Failure to File Facade Technical Report,OPEN,230,0.0,0.0
37023705M,12/2/2022,1083315,1370,   5 AVENUE,MANHATTAN,110,CLASS - 2,28-302.4,Failure to File Facade Technical Report,OPEN,230,0.0,0.0
37023706Y,12/2/2022,1083313,70,WEST  115 STREET,MANHATTAN,110,CLASS - 2,28-302.4,Failure to File Facade Technical Report,OPEN,230,0.0,0.0
37023707X,12/2/2022,1083318,40,WEST  115 STREET,MANHATTAN,110,CLASS - 2,28-302.4,Failure to File Facade Technical Report,OPEN,230,0.0,0.0
37023708H,12/2/2022,1083317,20,WEST  115 STREET,MANHATTAN,110,CLASS - 2,28-302.4,Failure to File Facade Technical Report,OPEN,230,0.0,0.0
37023709J,12/2/2022,1083312,71,WEST  112 STREET,MANHATTAN,110,CLASS - 2,28-302.4,Failure to File Facade Technical Report,OPEN,230,0.0,0.0
37023712K,12/2/2022,1054003,17,EAST  124 STREET,MANHATTAN,111,CLASS - 2,28-302.4,Failure to File Facade Technical Report,OPEN,230,0.0,0.0
37023713M,12/2/2022,1079369,435,EAST  105 STREET,MANHATTAN,111,CLASS - 2,28-302.4,Failure to File Facade Technical Report,OPEN,230,0.0,0.0
37023714Y,12/2/2022,1079368,425,EAST  105 STREET,MANHATTAN,111,CLASS - 2,28-302.4,Failure to File Facade Technical Report,OPEN,230,0.0,0.0
37023715X,12/2/2022,1079367,405,EAST  105 STREET,MANHATTAN,111,CLASS - 2,28-302.4,Failure to File Facade Technical Report,OPEN,230,0.0,0.0
37023721M,12/2/2022,1083464,1809,   3 AVENUE,MANHATTAN,111,CLASS - 2,28-302.4,Failure to File Facade Technical Report,OPEN,230,0.0,0.0
37023722Y,12/2/2022,1081088,320,EAST  115 STREET,MANHATTAN,111,CLASS - 2,28-302.4,Failure to File Facade Technical Report,OPEN,230,0.0,0.0
37023724H,12/2/2022,1081095,310,EAST  113 STREET,MANHATTAN,111,CLASS - 2,28-302.4,Failure to File Facade Technical Report,OPEN,230,0.0,0.0
37023726L,12/2/2022,1081094,325,EAST  112 STREET,MANHATTAN,111,CLASS - 2,28-302.4,Failure to File Facade Technical Report,OPEN,230,0.0,0.0
37023727N,12/2/2022,1081090,2225,   1 AVENUE,MANHATTAN,111,CLASS - 2,28-302.4,Failure to File Facade Technical Report,OPEN,230,0.0,0.0
37023728P,12/2/2022,1081096,2215,   1 AVENUE,MANHATTAN,111,CLASS - 2,28-302.4,Failure to File Facade Technical Report,OPEN,230,0.0,0.0
37023730Y,12/2/2022,1081092,2175,   1 AVENUE,MANHATTAN,111,CLASS - 2,28-302.4,Failure to File Facade Technical Report,OPEN,230,0.0,0.0
37023732H,12/2/2022,1083314,70,LENOX AVENUE,MANHATTAN,110,CLASS - 2,28-302.4,Failure to File Facade Technical Report,OPEN,230,0.0,0.0
37023733J,12/2/2022,1081089,330,EAST  115 STREET,MANHATTAN,111,CLASS - 2,28-302.4,Failure to File Facade Technical Report,OPEN,230,0.0,0.0
37023734L,12/2/2022,1078047,20,AVENUE D,MANHATTAN,103,CLASS - 2,28-302.4,Failure to File Facade Technical Report,OPEN,230,0.0,0.0
37023735N,12/2/2022,1083311,41,WEST  112 STREET,MANHATTAN,110,CLASS - 2,28-302.4,Failure to File Facade Technical Report,OPEN,230,0.0,0.0
37023736P,12/2/2022,1078056,950,EAST    4 WALK,MANHATTAN,103,CLASS - 2,28-302.4,Failure to File Facade Technical Report,OPEN,230,0.0,0.0
37023737R,12/2/2022,1078057,930,EAST    4 WALK,MANHATTAN,103,CLASS - 2,28-302.4,Failure to File Facade Technical Report,OPEN,230,0.0,0.0
37023738Z,12/2/2022,1078048,30,AVENUE D,MANHATTAN,103,CLASS - 2,28-302.4,Failure to File Facade Technical Report,OPEN,230,0.0,0.0
37023739K,12/2/2022,1078058,40,AVENUE D,MANHATTAN,103,CLASS - 2,28-302.4,Failure to File Facade Technical Report,OPEN,230,0.0,0.0
37023740H,12/2/2022,1078053,725,FRANKLIN D ROOSEVELT DRIVE,MANHATTAN,103,CLASS - 2,28-302.4,Failure to File Facade Technical Report,OPEN,230,0.0,0.0
37023741J,12/2/2022,1078059,711,FRANKLIN D ROOSEVELT DRIVE,MANHATTAN,103,CLASS - 2,28-302.4,Failure to File Facade Technical Report,OPEN,230,0.0,0.0
37023742L,12/2/2022,1078054,709,FRANKLIN D ROOSEVELT DRIVE,MANHATTAN,103,CLASS - 2,28-302.4,Failure to File Facade Technical Report,OPEN,230,0.0,0.0
37023743N,12/2/2022,1078055,691,FRANKLIN D ROOSEVELT DRIVE,MANHATTAN,103,CLASS - 2,28-302.4,Failure to File Facade Technical Report,OPEN,230,0.0,0.0
37023744P,12/2/2022,1078049,50,AVENUE D,MANHATTAN,103,CLASS - 2,28-302.4,Failure to File Facade Technical Report,OPEN,230,0.0,0.0
37023745R,12/2/2022,1078050,60,AVENUE D,MANHATTAN,103,CLASS - 2,28-302.4,Failure to File Facade Technical Report,OPEN,230,0.0,0.0
37023746Z,12/2/2022,1078052,920,EAST    6 STREET,MANHATTAN,103,CLASS - 2,28-302.4,Failure to File Facade Technical Report,OPEN,230,0.0,0.0
37023747K,12/2/2022,1077502,612,EAST   14 STREET,MANHATTAN,103,CLASS - 2,28-302.4,Failure to File Facade Technical Report,OPEN,230,0.0,0.0
37023748M,12/2/2022,1078045,10,AVENUE D,MANHATTAN,103,CLASS - 2,28-302.4,Failure to File Facade Technical Report,OPEN,230,0.0,0.0
37023749Y,12/2/2022,1078046,500,EAST HOUSTON STREET,MANHATTAN,103,CLASS - 2,28-302.4,Failure to File Facade Technical Report,OPEN,230,0.0,0.0
37023750L,12/2/2022,1077594,126,BARUCH PLACE,MANHATTAN,103,CLASS - 2,28-302.4,Failure to File Facade Technical Report,OPEN,230,0.0,0.0
37023751N,12/2/2022,1003211,282,CHERRY STREET,MANHATTAN,103,CLASS - 2,28-302.4,Failure to File Facade Technical Report,OPEN,230,0.0,0.0
37023752P,12/2/2022,1077515,55,RUTGERS STREET,MANHATTAN,103,CLASS - 2,28-302.4,Failure to File Facade Technical Report,OPEN,230,0.0,0.0
37023753R,12/2/2022,1077514,45,RUTGERS STREET,MANHATTAN,103,CLASS - 2,28-302.4,Failure to File Facade Technical Report,OPEN,230,0.0,0.0
37023754Z,12/2/2022,1077516,65,JEFFERSON STREET,MANHATTAN,103,CLASS - 2,28-302.4,Failure to File Facade Technical Report,OPEN,230,0.0,0.0
37023755K,12/2/2022,1077518,240,MADISON STREET,MANHATTAN,103,CLASS - 2,28-302.4,Failure to File Facade Technical Report,OPEN,230,0.0,0.0
37023756M,12/2/2022,1077517,300,CHERRY STREET,MANHATTAN,103,CLASS - 2,28-302.4,Failure to File Facade Technical Report,OPEN,230,0.0,0.0
37023758X,12/2/2022,1078051,890,EAST    6 STREET,MANHATTAN,103,CLASS - 2,28-302.4,Failure to File Facade Technical Report,OPEN,230,0.0,0.0
37023759H,12/2/2022,1083582,288,  10 AVENUE,MANHATTAN,104,CLASS - 2,28-302.4,Failure to File Facade Technical Report,OPEN,230,0.0,0.0
37023761R,12/2/2022,1083309,1350,   5 AVENUE,MANHATTAN,110,CLASS - 2,28-302.4,Failure to File Facade Technical Report,OPEN,230,0.0,0.0
37023762Z,12/2/2022,1083316,1390,   5 AVENUE,MANHATTAN,110,CLASS - 2,28-302.4,Failure to File Facade Technical Report,OPEN,230,0.0,0.0
37023764M,12/2/2022,1032540,120,WEST   94 STREET,MANHATTAN,107,CLASS - 2,28-302.4,Failure to File Facade Technical Report,OPEN,230,0.0,0.0
37023766X,12/2/2022,1084672,154,WEST   84 STREET,MANHATTAN,107,CLASS - 2,28-302.4,Failure to File Facade Technical Report,OPEN,230,0.0,0.0
37023769L,12/2/2022,1077896,484,EAST HOUSTON STREET,MANHATTAN,103,CLASS - 2,28-302.4,Failure to File Facade Technical Report,OPEN,230,0.0,0.0
37023770Z,12/2/2022,1012828,427,WEST   26 STREET,MANHATTAN,104,CLASS - 2,28-302.4,Failure to File Facade Technical Report,OPEN,230,0.0,0.0
37023771K,12/2/2022,1083310,21,WEST  112 STREET,MANHATTAN,110,CLASS - 2,28-302.4,Failure to File Facade Technical Report,OPEN,230,0.0,0.0
37023772M,12/2/2022,1078443,401,WEST   18 STREET,MANHATTAN,104,CLASS - 2,28-302.4,Failure to File Facade Technical Report,OPEN,230,0.0,0.0
37023773Y,12/2/2022,1078445,420,WEST   19 STREET,MANHATTAN,104,CLASS - 2,28-302.4,Failure to File Facade Technical Report,OPEN,230,0.0,0.0
37023774X,12/2/2022,1078444,400,WEST   19 STREET,MANHATTAN,104,CLASS - 2,28-302.4,Failure to File Facade Technical Report,OPEN,230,0.0,0.0
37023775H,12/2/2022,1078419,419,WEST   17 STREET,MANHATTAN,104,CLASS - 2,28-302.4,Failure to File Facade Technical Report,OPEN,230,0.0,0.0
37023776J,12/2/2022,1078418,117,   9 AVENUE,MANHATTAN,104,CLASS - 2,28-302.4,Failure to File Facade Technical Report,OPEN,230,0.0,0.0
37023777L,12/2/2022,1078420,427,WEST   17 STREET,MANHATTAN,104,CLASS - 2,28-302.4,Failure to File Facade Technical Report,OPEN,230,0.0,0.0
37023778N,12/2/2022,1078411,418,WEST   17 STREET,MANHATTAN,104,CLASS - 2,28-302.4,Failure to File Facade Technical Report,OPEN,230,0.0,0.0
37023779P,12/2/2022,1005743,94,EAST    1 STREET,MANHATTAN,103,CLASS - 2,28-302.4,Failure to File Facade Technical Report,OPEN,230,0.0,0.0
37023780M,12/2/2022,1077503,641,EAST   13 STREET,MANHATTAN,103,CLASS - 2,28-302.4,Failure to File Facade Technical Report,OPEN,230,0.0,0.0
37023782X,12/2/2022,2008603,1886,HARRISON AVENUE,BRONX,205,CLASS - 2,28-302.4,Failure to File Facade Technical Report,OPEN,230,0.0,0.0
37023791H,12/2/2022,2092073,1348,WEBSTER AVENUE,BRONX,203,CLASS - 2,28-302.4,Failure to File Facade Technical Report,OPEN,230,0.0,0.0
37023792J,12/2/2022,2092074,1330,WEBSTER AVENUE,BRONX,203,CLASS - 2,28-302.4,Failure to File Facade Technical Report,OPEN,230,0.0,0.0
37023803X,12/2/2022,2093361,840,ASTOR AVENUE,BRONX,211,CLASS - 2,28-302.4,Failure to File Facade Technical Report,OPEN,230,0.0,0.0
37023804H,12/2/2022,2093357,810,ASTOR AVENUE,BRONX,211,CLASS - 2,28-302.4,Failure to File Facade Technical Report,OPEN,230,0.0,0.0
37023805J,12/2/2022,2093356,780,ASTOR AVENUE,BRONX,211,CLASS - 2,28-302.4,Failure to File Facade Technical Report,OPEN,230,0.0,0.0
37023806L,12/2/2022,2093364,2220,WALLACE AVENUE,BRONX,211,CLASS - 2,28-302.4,Failure to File Facade Technical Report,OPEN,230,0.0,0.0
37023807N,12/2/2022,2092903,1420,BRONX RIVER AVENUE,BRONX,209,CLASS - 2,28-302.4,Failure to File Facade Technical Report,OPEN,230,0.0,0.0
37023808P,12/2/2022,2092906,1575,EAST  174 STREET,BRONX,209,CLASS - 2,28-302.4,Failure to File Facade Technical Report,OPEN,230,0.0,0.0
37023809R,12/2/2022,2092072,1368,WEBSTER AVENUE,BRONX,203,CLASS - 2,28-302.4,Failure to File Facade Technical Report,OPEN,230,0.0,0.0
37023810Y,12/2/2022,2092908,1609,EAST  174 STREET,BRONX,209,CLASS - 2,28-302.4,Failure to File Facade Technical Report,OPEN,230,0.0,0.0
37023812H,12/2/2022,2021985,710,NOBLE AVENUE,BRONX,209,CLASS - 2,28-302.4,Failure to File Facade Technical Report,OPEN,230,0.0,0.0
37023818Z,12/2/2022,2092077,1430,WEBSTER AVENUE,BRONX,203,CLASS - 2,28-302.4,Failure to File Facade Technical Report,OPEN,230,0.0,0.0
37023819K,12/2/2022,2092907,1595,EAST  174 STREET,BRONX,209,CLASS - 2,28-302.4,Failure to File Facade Technical Report,OPEN,230,0.0,0.0
37023820H,12/2/2022,1084521,2991,   8 AVENUE,MANHATTAN,110,CLASS - 2,28-302.4,Failure to File Facade Technical Report,OPEN,230,0.0,0.0
37023831N,12/2/2022,1084519,2949,   8 AVENUE,MANHATTAN,110,CLASS - 2,28-302.4,Failure to File Facade Technical Report,OPEN,230,0.0,0.0
37023833R,12/2/2022,1084520,2979,   8 AVENUE,MANHATTAN,110,CLASS - 2,28-302.4,Failure to File Facade Technical Report,OPEN,230,0.0,0.0
37023835K,12/2/2022,1084093,1295,AMSTERDAM AVENUE,MANHATTAN,109,CLASS - 2,28-302.4,Failure to File Facade Technical Report,OPEN,230,0.0,0.0
37023836M,12/2/2022,1084094,430,WEST  125 STREET,MANHATTAN,109,CLASS - 2,28-302.4,Failure to File Facade Technical Report,OPEN,230,0.0,0.0
37023837Y,12/2/2022,1084096,1315,AMSTERDAM AVENUE,MANHATTAN,109,CLASS - 2,28-302.4,Failure to File Facade Technical Report,OPEN,230,0.0,0.0
37023840P,12/2/2022,5095813,820,HENDERSON AVENUE,STATEN ISLAND,501,CLASS - 2,28-302.4,Failure to File Facade Technical Report,OPEN,230,0.0,0.0
37023842Z,12/2/2022,2118429,353,EAST  141 STREET,BRONX,201,CLASS - 2,28-302.4,Failure to File Facade Technical Report,OPEN,230,0.0,0.0
37023845Y,12/2/2022,2088143,370,EAST  153 STREET,BRONX,201,CLASS - 2,28-302.4,Failure to File Facade Technical Report,OPEN,230,0.0,0.0
37023847H,12/2/2022,2091187,1230,WEBSTER AVENUE,BRONX,203,CLASS - 2,28-302.4,Failure to File Facade Technical Report,OPEN,230,0.0,0.0
37023851K,12/2/2022,2091102,383,EAST  143 STREET,BRONX,201,CLASS - 2,28-302.4,Failure to File Facade Technical Report,OPEN,230,0.0,0.0
37023852M,12/2/2022,2091100,383,EAST  141 STREET,BRONX,201,CLASS - 2,28-302.4,Failure to File Facade Technical Report,OPEN,230,0.0,0.0
37023854X,12/2/2022,2091099,350,EAST  143 STREET,BRONX,201,CLASS - 2,28-302.4,Failure to File Facade Technical Report,OPEN,230,0.0,0.0
37023855H,12/2/2022,2091098,340,ALEXANDER AVENUE,BRONX,201,CLASS - 2,28-302.4,Failure to File Facade Technical Report,OPEN,230,0.0,0.0
37023856J,12/2/2022,2118428,380,EAST  143 STREET,BRONX,201,CLASS - 2,28-302.4,Failure to File Facade Technical Report,OPEN,230,0.0,0.0
37023864J,12/2/2022,2091103,355,EAST  143 STREET,BRONX,201,CLASS - 2,28-302.4,Failure to File Facade Technical Report,OPEN,230,0.0,0.0
37023865L,12/2/2022,5095815,780,HENDERSON AVENUE,STATEN ISLAND,501,CLASS - 2,28-302.4,Failure to File Facade Technical Report,OPEN,230,0.0,0.0
37023869Z,12/2/2022,1076742,1970,AMSTERDAM AVENUE,MANHATTAN,112,CLASS - 2,28-302.4,Failure to File Facade Technical Report,OPEN,230,0.0,0.0
37023870X,12/2/2022,3035751,447,KINGSBOROUGH    4 WALK,BROOKLYN,308,CLASS - 2,28-302.4,Failure to File Facade Technical Report,OPEN,230,0.0,0.0
37023871H,12/2/2022,5109120,139,BRABANT STREET,STATEN ISLAND,501,CLASS - 2,28-302.4,Failure to File Facade Technical Report,OPEN,230,0.0,0.0
37023872J,12/2/2022,5110121,14,ROXBURY STREET,STATEN ISLAND,501,CLASS - 2,28-302.4,Failure to File Facade Technical Report,OPEN,230,0.0,0.0
37023873L,12/2/2022,5109118,178,LOCKMAN AVENUE,STATEN ISLAND,501,CLASS - 2,28-302.4,Failure to File Facade Technical Report,OPEN,230,0.0,0.0
37023874N,12/2/2022,5109122,173,BRABANT STREET,STATEN ISLAND,501,CLASS - 2,28-302.4,Failure to File Facade Technical Report,OPEN,230,0.0,0.0
37023875P,12/2/2022,5109114,20,ROXBURY STREET,STATEN ISLAND,501,CLASS - 2,28-302.4,Failure to File Facade Technical Report,OPEN,230,0.0,0.0
37023877Z,12/2/2022,5109119,208,LOCKMAN AVENUE,STATEN ISLAND,501,CLASS - 2,28-302.4,Failure to File Facade Technical Report,OPEN,230,0.0,0.0
37023880J,12/2/2022,5108962,231,WESTWOOD AVENUE,STATEN ISLAND,502,CLASS - 2,28-302.4,Failure to File Facade Technical Report,OPEN,230,0.0,0.0
37023881L,12/2/2022,5108965,247,WESTWOOD AVENUE,STATEN ISLAND,502,CLASS - 2,28-302.4,Failure to File Facade Technical Report,OPEN,230,0.0,0.0
37023883P,12/2/2022,5095819,1077,CASTLETON AVENUE,STATEN ISLAND,501,CLASS - 2,28-302.4,Failure to File Facade Technical Report,OPEN,230,0.0,0.0
37023884R,12/2/2022,5095816,778,HENDERSON AVENUE,STATEN ISLAND,501,CLASS - 2,28-302.4,Failure to File Facade Technical Report,OPEN,230,0.0,0.0
37023885Z,12/2/2022,5095814,806,HENDERSON AVENUE,STATEN ISLAND,501,CLASS - 2,28-302.4,Failure to File Facade Technical Report,OPEN,230,0.0,0.0
37023886K,12/2/2022,5095817,810,HENDERSON AVENUE,STATEN ISLAND,501,CLASS - 2,28-302.4,Failure to File Facade Technical Report,OPEN,230,0.0,0.0
37023887M,12/2/2022,5109121,153,BRABANT STREET,STATEN ISLAND,501,CLASS - 2,28-302.4,Failure to File Facade Technical Report,OPEN,230,0.0,0.0
37023888Y,12/2/2022,1084095,1305,AMSTERDAM AVENUE,MANHATTAN,109,CLASS - 2,28-302.4,Failure to File Facade Technical Report,OPEN,230,0.0,0.0
37023890N,12/2/2022,1078410,434,WEST   17 STREET,MANHATTAN,104,CLASS - 2,28-302.4,Failure to File Facade Technical Report,OPEN,230,0.0,0.0
37023891P,12/2/2022,4430712,35-20,  24 STREET,QUEENS,401,CLASS - 2,28-302.4,Failure to File Facade Technical Report,OPEN,230,0.0,0.0
37023892R,12/2/2022,1078409,412,WEST   17 STREET,MANHATTAN,104,CLASS - 2,28-302.4,Failure to File Facade Technical Report,OPEN,230,0.0,0.0
37023893Z,12/2/2022,1012827,436,WEST   27 STREET,MANHATTAN,104,CLASS - 2,28-302.4,Failure to File Facade Technical Report,OPEN,230,0.0,0.0
37023894K,12/2/2022,1078408,413,WEST   16 STREET,MANHATTAN,104,CLASS - 2,28-302.4,Failure to File Facade Technical Report,OPEN,230,0.0,0.0
37023895M,12/2/2022,5095820,1075,CASTLETON AVENUE,STATEN ISLAND,501,CLASS - 2,28-302.4,Failure to File Facade Technical Report,OPEN,230,0.0,0.0
37023896Y,12/2/2022,2125035,350,MARCONI STREET,BRONX,211,CLASS - 2,28-302.4,Failure to File Facade Technical Report,OPEN,230,0.0,0.0
37023897X,12/2/2022,3858778,9,BRIDGE PARK DRIVE,BROOKLYN,302,CLASS - 2,28-302.4,Failure to File Facade Technical Report,OPEN,230,0.0,0.0
37023898H,12/2/2022,3378188,4112,   1 AVENUE,BROOKLYN,307,CLASS - 2,28-302.4,Failure to File Facade Technical Report,OPEN,230,0.0,0.0
37023899J,12/2/2022,3345662,1,  43 STREET,BROOKLYN,307,CLASS - 2,28-302.4,Failure to File Facade Technical Report,OPEN,230,0.0,0.0
37023900H,12/2/2022,3345662,1,  43 STREET,BROOKLYN,307,CLASS - 2,28-302.4,Failure to File Facade Technical Report,OPEN,230,0.0,0.0
37023901J,12/2/2022,3345662,1,  43 STREET,BROOKLYN,307,CLASS - 2,28-302.4,Failure to File Facade Technical Report,OPEN,230,0.0,0.0
37023902L,12/2/2022,3345662,1,  43 STREET,BROOKLYN,307,CLASS - 2,28-302.4,Failure to File Facade Technical Report,OPEN,230,0.0,0.0
37023903N,12/2/2022,3251647,39,AUBURN PLACE,BROOKLYN,302,CLASS - 2,28-302.4,Failure to File Facade Technical Report,OPEN,230,0.0,0.0
37023904P,12/2/2022,3327712,471,CLARKSON AVENUE,BROOKLYN,309,CLASS - 2,28-302.4,Failure to File Facade Technical Report,OPEN,230,0.0,0.0
37023914Z,12/2/2022,2102972,1860,SEMINOLE AVENUE,BRONX,211,CLASS - 2,28-302.4,Failure to File Facade Technical Report,OPEN,230,0.0,0.0
37023920P,12/2/2022,2097551,1920,SEMINOLE AVENUE,BRONX,211,CLASS - 2,28-302.4,Failure to File Facade Technical Report,OPEN,230,0.0,0.0
37023922Z,12/2/2022,1060062,161,WEST  140 STREET,MANHATTAN,110,CLASS - 2,28-302.4,Failure to File Facade Technical Report,OPEN,230,0.0,0.0
37023925Y,12/2/2022,1079143,1,POLICE PLAZA,MANHATTAN,101,CLASS - 2,28-302.4,Failure to File Facade Technical Report,OPEN,230,0.0,0.0
37023929L,12/2/2022,5000039,90,BAY STREET,STATEN ISLAND,501,CLASS - 2,28-302.4,Failure to File Facade Technical Report,OPEN,230,0.0,0.0
37023930Z,12/2/2022,4030042,61-07,WOODSIDE AVENUE,QUEENS,402,CLASS - 2,28-302.4,Failure to File Facade Technical Report,OPEN,230,0.0,0.0
37023933Y,12/2/2022,1060064,143,WEST  140 STREET,MANHATTAN,110,CLASS - 2,28-302.4,Failure to File Facade Technical Report,OPEN,230,0.0,0.0
37023935H,12/2/2022,1090067,322,WEST   44 STREET,MANHATTAN,104,CLASS - 2,28-302.4,Failure to File Facade Technical Report,OPEN,230,0.0,0.0
37023936J,12/2/2022,3330082,60,WEST STREET,BROOKLYN,301,CLASS - 2,28-302.4,Failure to File Facade Technical Report,OPEN,230,0.0,0.0
37023938N,12/2/2022,3230126,1555,ROCKAWAY PARKWAY,BROOKLYN,318,CLASS - 2,28-302.4,Failure to File Facade Technical Report,OPEN,230,0.0,0.0
37023941Y,12/2/2022,4540132,85-23,BROADWAY,QUEENS,404,CLASS - 2,28-302.4,Failure to File Facade Technical Report,OPEN,230,0.0,0.0
37023943H,12/2/2022,4540139,31-38, 137 STREET,QUEENS,407,CLASS - 2,28-302.4,Failure to File Facade Technical Report,OPEN,230,0.0,0.0
37023944J,12/2/2022,2110145,3535,KINGS COLLEGE PLACE,BRONX,207,CLASS - 2,28-302.4,Failure to File Facade Technical Report,OPEN,230,0.0,0.0
37023948R,12/2/2022,1040156,422,EAST   53 STREET,MANHATTAN,106,CLASS - 2,28-302.4,Failure to File Facade Technical Report,OPEN,230,0.0,0.0
37023949Z,12/2/2022,3230163,1177,EAST   98 STREET,BROOKLYN,318,CLASS - 2,28-302.4,Failure to File Facade Technical Report,OPEN,230,0.0,0.0
37023950X,12/2/2022,1090165,104,HAVEN AVENUE,MANHATTAN,112,CLASS - 2,28-302.4,Failure to File Facade Technical Report,OPEN,230,0.0,0.0
37023951H,12/2/2022,3110168,282,EAST   35 STREET,BROOKLYN,317,CLASS - 2,28-302.4,Failure to File Facade Technical Report,OPEN,230,0.0,0.0
37023952J,12/2/2022,1060176,167,WEST  145 STREET,MANHATTAN,110,CLASS - 2,28-302.4,Failure to File Facade Technical Report,OPEN,230,0.0,0.0
37023953L,12/2/2022,1060177,2505,   7 AVENUE,MANHATTAN,110,CLASS - 2,28-302.4,Failure to File Facade Technical Report,OPEN,230,0.0,0.0
37023954N,12/2/2022,1060179,159,WEST  145 STREET,MANHATTAN,110,CLASS - 2,28-302.4,Failure to File Facade Technical Report,OPEN,230,0.0,0.0
37023956R,12/2/2022,1090197,532,WEST   48 STREET,MANHATTAN,104,CLASS - 2,28-302.4,Failure to File Facade Technical Report,OPEN,230,0.0,0.0
37023966K,12/2/2022,1088839,471,WASHINGTON STREET,MANHATTAN,101,CLASS - 2,28-302.4,Failure to File Facade Technical Report,OPEN,230,0.0,0.0
37023967M,12/2/2022,1030331,245,WEST   63 STREET,MANHATTAN,107,CLASS - 2,28-302.4,Failure to File Facade Technical Report,OPEN,230,0.0,0.0
37023971P,12/2/2022,1030334,233,WEST   63 STREET,MANHATTAN,107,CLASS - 2,28-302.4,Failure to File Facade Technical Report,OPEN,230,0.0,0.0
37023972R,12/2/2022,1010340,479,WASHINGTON STREET,MANHATTAN,102,CLASS - 2,28-302.4,Failure to File Facade Technical Report,OPEN,230,0.0,0.0
37023974K,12/2/2022,3060354,186,HOOPER STREET,BROOKLYN,301,CLASS - 2,28-302.4,Failure to File Facade Technical Report,OPEN,230,0.0,0.0
37023975M,12/2/2022,1040356,415,EAST   54 STREET,MANHATTAN,106,CLASS - 2,28-302.4,Failure to File Facade Technical Report,OPEN,230,0.0,0.0
37023977X,12/2/2022,1060372,2394,   7 AVENUE,MANHATTAN,110,CLASS - 2,28-302.4,Failure to File Facade Technical Report,OPEN,230,0.0,0.0
37023981Z,12/2/2022,4540403,30-46,NORTHERN BOULEVARD,QUEENS,401,CLASS - 2,28-302.4,Failure to File Facade Technical Report,OPEN,230,0.0,0.0
37023982K,12/2/2022,4210407,87-40, 165 STREET,QUEENS,408,CLASS - 2,28-302.4,Failure to File Facade Technical Report,OPEN,230,0.0,0.0
37023986H,12/2/2022,1010417,180,CHRISTOPHER STREET,MANHATTAN,102,CLASS - 2,28-302.4,Failure to File Facade Technical Report,OPEN,230,0.0,0.0
37023987J,12/2/2022,4050421,62-60,  99 STREET,QUEENS,406,CLASS - 2,28-302.4,Failure to File Facade Technical Report,OPEN,230,0.0,0.0
37023990K,12/2/2022,4050443,97-11,  63 DRIVE,QUEENS,406,CLASS - 2,28-302.4,Failure to File Facade Technical Report,OPEN,230,0.0,0.0
37023996L,12/2/2022,4540506,27-18,HOYT AVENUE,QUEENS,401,CLASS - 2,28-302.4,Failure to File Facade Technical Report,OPEN,230,0.0,0.0
37023997N,12/2/2022,1030507,253,WEST   72 STREET,MANHATTAN,107,CLASS - 2,28-302.4,Failure to File Facade Technical Report,OPEN,230,0.0,0.0
37024001Z,12/2/2022,4430537,19-19,BROOKHAVEN AVENUE,QUEENS,414,CLASS - 2,28-302.4,Failure to File Facade Technical Report,OPEN,230,0.0,0.0
37024004Y,12/2/2022,1030550,242,WEST   74 STREET,MANHATTAN,107,CLASS - 2,28-302.4,Failure to File Facade Technical Report,OPEN,230,0.0,0.0
37024005X,12/2/2022,1040555,1058,   1 AVENUE,MANHATTAN,106,CLASS - 2,28-302.4,Failure to File Facade Technical Report,OPEN,230,0.0,0.0
37024007J,12/2/2022,4210598,175-27,WEXFORD TERRACE,QUEENS,408,CLASS - 2,28-302.4,Failure to File Facade Technical Report,OPEN,230,0.0,0.0
37024008L,12/2/2022,1000000,52,CONVENT AVENUE,MANHATTAN,   ,CLASS - 2,28-302.4,Failure to File Facade Technical Report,OPEN,230,0.0,0.0
37024010K,12/2/2022,1010638,132,WEST   14 STREET,MANHATTAN,102,CLASS - 2,28-302.4,Failure to File Facade Technical Report,OPEN,230,0.0,0.0
37024013X,12/2/2022,3210674,2016,AVENUE N,BROOKLYN,314,CLASS - 2,28-302.4,Failure to File Facade Technical Report,OPEN,230,0.0,0.0
37024017N,12/2/2022,1030719,251,WEST   74 STREET,MANHATTAN,107,CLASS - 2,28-302.4,Failure to File Facade Technical Report,OPEN,230,0.0,0.0
37024019R,12/2/2022,1080734,5,WEST   37 STREET,MANHATTAN,105,CLASS - 2,28-302.4,Failure to File Facade Technical Report,OPEN,230,0.0,0.0
37024021X,12/2/2022,1040756,502,PARK AVENUE,MANHATTAN,108,CLASS - 2,28-302.4,Failure to File Facade Technical Report,OPEN,230,0.0,0.0
37024024L,12/2/2022,4610805,136-44,  41 AVENUE,QUEENS,407,CLASS - 2,28-302.4,Failure to File Facade Technical Report,OPEN,230,0.0,0.0
37024027R,12/2/2022,1040809,797,   5 AVENUE,MANHATTAN,108,CLASS - 2,28-302.4,Failure to File Facade Technical Report,OPEN,230,0.0,0.0
37024030H,12/2/2022,1040855,540,PARK AVENUE,MANHATTAN,108,CLASS - 2,28-302.4,Failure to File Facade Technical Report,OPEN,230,0.0,0.0
37024031J,12/2/2022,4050857,64-34, 102 STREET,QUEENS,406,CLASS - 2,28-302.4,Failure to File Facade Technical Report,OPEN,230,0.0,0.0
37024035R,12/2/2022,2010900,1000,FREEMAN STREET,BRONX,203,CLASS - 2,28-302.4,Failure to File Facade Technical Report,OPEN,230,0.0,0.0
37024040L,12/2/2022,3230968,1625,ROCKAWAY PARKWAY,BROOKLYN,318,CLASS - 2,28-302.4,Failure to File Facade Technical Report,OPEN,230,0.0,0.0
37024041N,12/2/2022,1001029,111,BROADWAY,MANHATTAN,101,CLASS - 2,28-302.4,Failure to File Facade Technical Report,OPEN,230,0.0,0.0
37024042P,12/2/2022,2011053,355,EAST  184 STREET,BRONX,205,CLASS - 2,28-302.4,Failure to File Facade Technical Report,OPEN,230,0.0,0.0
37024045K,12/2/2022,1001099,174,BROADWAY,MANHATTAN,101,CLASS - 2,28-302.4,Failure to File Facade Technical Report,OPEN,230,0.0,0.0
37024048X,12/2/2022,1001127,90,JOHN STREET,MANHATTAN,101,CLASS - 2,28-302.4,Failure to File Facade Technical Report,OPEN,230,0.0,0.0
37024049H,12/2/2022,4001141,41-46,  50 STREET,QUEENS,402,CLASS - 2,28-302.4,Failure to File Facade Technical Report,OPEN,230,0.0,0.0
37024058J,12/2/2022,2051220,2440,BRONX PARK EAST,BRONX,211,CLASS - 2,28-302.4,Failure to File Facade Technical Report,OPEN,230,0.0,0.0
37024064X,12/2/2022,2051264,2440,OLINVILLE AVENUE,BRONX,211,CLASS - 2,28-302.4,Failure to File Facade Technical Report,OPEN,230,0.0,0.0
37024068N,12/2/2022,3031283,919,PARK PLACE,BROOKLYN,308,CLASS - 2,28-302.4,Failure to File Facade Technical Report,OPEN,230,0.0,0.0
37024072X,12/2/2022,1041297,850,MADISON AVENUE,MANHATTAN,108,CLASS - 2,28-302.4,Failure to File Facade Technical Report,OPEN,230,0.0,0.0
37024075L,12/2/2022,4431335,61-17,WOODSIDE AVENUE,QUEENS,402,CLASS - 2,28-302.4,Failure to File Facade Technical Report,OPEN,230,0.0,0.0
37024076N,12/2/2022,4431336,61-25,WOODSIDE AVENUE,QUEENS,402,CLASS - 2,28-302.4,Failure to File Facade Technical Report,OPEN,230,0.0,0.0
37024077P,12/2/2022,2051338,725,MACE AVENUE,BRONX,211,CLASS - 2,28-302.4,Failure to File Facade Technical Report,OPEN,230,0.0,0.0
37024079Z,12/2/2022,1031371,257,CENTRAL PARK WEST,MANHATTAN,107,CLASS - 2,28-302.4,Failure to File Facade Technical Report,OPEN,230,0.0,0.0
37024082J,12/2/2022,4541376,132-29,BLOSSOM AVENUE,QUEENS,407,CLASS - 2,28-302.4,Failure to File Facade Technical Report,OPEN,230,0.0,0.0
37024084N,12/2/2022,1011381,300,WEST   12 STREET,MANHATTAN,102,CLASS - 2,28-302.4,Failure to File Facade Technical Report,OPEN,230,0.0,0.0
37024086R,12/2/2022,4031399,58-28,  44 AVENUE,QUEENS,402,CLASS - 2,28-302.4,Failure to File Facade Technical Report,OPEN,230,0.0,0.0
37024088K,12/2/2022,1051411,50,WEST  112 STREET,MANHATTAN,110,CLASS - 2,28-302.4,Failure to File Facade Technical Report,OPEN,230,0.0,0.0
37024089M,12/2/2022,1051413,83,WEST  115 STREET,MANHATTAN,110,CLASS - 2,28-302.4,Failure to File Facade Technical Report,OPEN,230,0.0,0.0
37024091L,12/2/2022,3061416,605,FLUSHING AVENUE,BROOKLYN,301,CLASS - 2,28-302.4,Failure to File Facade Technical Report,OPEN,230,0.0,0.0
37024093P,12/2/2022,2011445,495,EAST  178 STREET,BRONX,206,CLASS - 2,28-302.4,Failure to File Facade Technical Report,OPEN,230,0.0,0.0
37024095Z,12/2/2022,1001480,60,WARREN STREET,MANHATTAN,101,CLASS - 2,28-302.4,Failure to File Facade Technical Report,OPEN,230,0.0,0.0
37024096K,12/2/2022,4541483,61-27, 186 STREET,QUEENS,408,CLASS - 2,28-302.4,Failure to File Facade Technical Report,OPEN,230,0.0,0.0
37024103J,12/2/2022,1051600,19,EAST  109 STREET,MANHATTAN,111,CLASS - 2,28-302.4,Failure to File Facade Technical Report,OPEN,230,0.0,0.0
37024104L,12/2/2022,3001617,97,COLUMBIA HEIGHTS,BROOKLYN,302,CLASS - 2,28-302.4,Failure to File Facade Technical Report,OPEN,230,0.0,0.0
37024105N,12/2/2022,1071617,242,EAST   46 STREET,MANHATTAN,106,CLASS - 2,28-302.4,Failure to File Facade Technical Report,OPEN,230,0.0,0.0
37024107R,12/2/2022,1001635,273,BROADWAY,MANHATTAN,101,CLASS - 2,28-302.4,Failure to File Facade Technical Report,OPEN,230,0.0,0.0
37024108Z,12/2/2022,3391660,2518,TILDEN AVENUE,BROOKLYN,317,CLASS - 2,28-302.4,Failure to File Facade Technical Report,OPEN,230,0.0,0.0
37024109K,12/2/2022,1001673,52,DUANE STREET,MANHATTAN,101,CLASS - 2,28-302.4,Failure to File Facade Technical Report,OPEN,230,0.0,0.0
37024110H,12/2/2022,4541683,45-06,  64 STREET,QUEENS,402,CLASS - 2,28-302.4,Failure to File Facade Technical Report,OPEN,230,0.0,0.0
37024111J,12/2/2022,1061700,75,ST NICHOLAS PLACE,MANHATTAN,109,CLASS - 2,28-302.4,Failure to File Facade Technical Report,OPEN,230,0.0,0.0
37024117K,12/2/2022,3321762,3601,SURF AVENUE,BROOKLYN,313,CLASS - 2,28-302.4,Failure to File Facade Technical Report,OPEN,230,0.0,0.0
37024118M,12/2/2022,4001778,41-22,  43 STREET,QUEENS,402,CLASS - 2,28-302.4,Failure to File Facade Technical Report,OPEN,230,0.0,0.0
37024120L,12/2/2022,3001825,55,PIERREPONT STREET,BROOKLYN,302,CLASS - 2,28-302.4,Failure to File Facade Technical Report,OPEN,230,0.0,0.0
37024121N,12/2/2022,3321825,3090,VOORHIES AVENUE,BROOKLYN,315,CLASS - 2,28-302.4,Failure to File Facade Technical Report,OPEN,230,0.0,0.0
37024123R,12/2/2022,4531846,75-25, 153 STREET,QUEENS,408,CLASS - 2,28-302.4,Failure to File Facade Technical Report,OPEN,230,0.0,0.0
37024124Z,12/2/2022,1051847,177,EAST  101 STREET,MANHATTAN,111,CLASS - 2,28-302.4,Failure to File Facade Technical Report,OPEN,230,0.0,0.0
37024125K,12/2/2022,1061858,110,HAMILTON PLACE,MANHATTAN,109,CLASS - 2,28-302.4,Failure to File Facade Technical Report,OPEN,230,0.0,0.0
37024126M,12/2/2022,3001859,52,CLARK STREET,BROOKLYN,302,CLASS - 2,28-302.4,Failure to File Facade Technical Report,OPEN,230,0.0,0.0
37024127Y,12/2/2022,1061859,115,HAMILTON PLACE,MANHATTAN,109,CLASS - 2,28-302.4,Failure to File Facade Technical Report,OPEN,230,0.0,0.0
37024129H,12/2/2022,1061861,135,HAMILTON PLACE,MANHATTAN,109,CLASS - 2,28-302.4,Failure to File Facade Technical Report,OPEN,230,0.0,0.0
37024130P,12/2/2022,2041865,1400,BENSON STREET,BRONX,210,CLASS - 2,28-302.4,Failure to File Facade Technical Report,OPEN,230,0.0,0.0
37024134M,12/2/2022,5141912,1100,SOUTH AVENUE,STATEN ISLAND,502,CLASS - 2,28-302.4,Failure to File Facade Technical Report,OPEN,230,0.0,0.0
37024138J,12/2/2022,1021933,311,EAST   38 STREET,MANHATTAN,106,CLASS - 2,28-302.4,Failure to File Facade Technical Report,OPEN,230,0.0,0.0
37024139L,12/2/2022,1001935,55,WHITE STREET,MANHATTAN,101,CLASS - 2,28-302.4,Failure to File Facade Technical Report,OPEN,230,0.0,0.0
37024140Z,12/2/2022,4071943,92-40,QUEENS BOULEVARD,QUEENS,406,CLASS - 2,28-302.4,Failure to File Facade Technical Report,OPEN,230,0.0,0.0
37024141K,12/2/2022,4071946,61-41,SAUNDERS STREET,QUEENS,406,CLASS - 2,28-302.4,Failure to File Facade Technical Report,OPEN,230,0.0,0.0
37024143Y,12/2/2022,1041965,115,EAST   61 STREET,MANHATTAN,108,CLASS - 2,28-302.4,Failure to File Facade Technical Report,OPEN,230,0.0,0.0
37024147L,12/2/2022,4432005,98-51,QUEENS BOULEVARD,QUEENS,406,CLASS - 2,28-302.4,Failure to File Facade Technical Report,OPEN,230,0.0,0.0
37024149P,12/2/2022,4432006,65-36,  99 STREET,QUEENS,406,CLASS - 2,28-302.4,Failure to File Facade Technical Report,OPEN,230,0.0,0.0
37024150M,12/2/2022,4432007,98-41,QUEENS BOULEVARD,QUEENS,406,CLASS - 2,28-302.4,Failure to File Facade Technical Report,OPEN,230,0.0,0.0
37024152X,12/2/2022,3332010,52,  39 STREET,BROOKLYN,307,CLASS - 2,28-302.4,Failure to File Facade Technical Report,OPEN,230,0.0,0.0
37024155L,12/2/2022,4432041,102-32,  65 AVENUE,QUEENS,406,CLASS - 2,28-302.4,Failure to File Facade Technical Report,OPEN,230,0.0,0.0
37024157P,12/2/2022,4112061,32-26,UNION STREET,QUEENS,407,CLASS - 2,28-302.4,Failure to File Facade Technical Report,OPEN,230,0.0,0.0
37024158R,12/2/2022,1082091,255,CABRINI BOULEVARD,MANHATTAN,112,CLASS - 2,28-302.4,Failure to File Facade Technical Report,OPEN,230,0.0,0.0
37024159Z,12/2/2022,3002093,166,MONTAGUE STREET,BROOKLYN,302,CLASS - 2,28-302.4,Failure to File Facade Technical Report,OPEN,230,0.0,0.0
37024162J,12/2/2022,4432098,66-37,YELLOWSTONE BOULEVARD,QUEENS,406,CLASS - 2,28-302.4,Failure to File Facade Technical Report,OPEN,230,0.0,0.0
37024165P,12/2/2022,4432102,105-25,  67 ROAD,QUEENS,406,CLASS - 2,28-302.4,Failure to File Facade Technical Report,OPEN,230,0.0,0.0
37024167Z,12/2/2022,4432105,67-14, 108 STREET,QUEENS,406,CLASS - 2,28-302.4,Failure to File Facade Technical Report,OPEN,230,0.0,0.0
37024168K,12/2/2022,4432109,62-27, 108 STREET,QUEENS,406,CLASS - 2,28-302.4,Failure to File Facade Technical Report,OPEN,230,0.0,0.0
37024170J,12/2/2022,4432113,108-53,  62 DRIVE,QUEENS,406,CLASS - 2,28-302.4,Failure to File Facade Technical Report,OPEN,230,0.0,0.0
37024174R,12/2/2022,4192159,86-10, 109 STREET,QUEENS,409,CLASS - 2,28-302.4,Failure to File Facade Technical Report,OPEN,230,0.0,0.0
37024175Z,12/2/2022,1032170,140,WEST   86 STREET,MANHATTAN,107,CLASS - 2,28-302.4,Failure to File Facade Technical Report,OPEN,230,0.0,0.0
37024176K,12/2/2022,1032176,120,WEST   86 STREET,MANHATTAN,107,CLASS - 2,28-302.4,Failure to File Facade Technical Report,OPEN,230,0.0,0.0
37024177M,12/2/2022,4432202,47-30,  59 STREET,QUEENS,402,CLASS - 2,28-302.4,Failure to File Facade Technical Report,OPEN,230,0.0,0.0
37024178Y,12/2/2022,5112220,55,AUSTIN PLACE,STATEN ISLAND,501,CLASS - 2,28-302.4,Failure to File Facade Technical Report,OPEN,230,0.0,0.0
37024179X,12/2/2022,1072227,233,EAST   70 STREET,MANHATTAN,108,CLASS - 2,28-302.4,Failure to File Facade Technical Report,OPEN,230,0.0,0.0
37024181P,12/2/2022,3002242,44,COURT STREET,BROOKLYN,302,CLASS - 2,28-302.4,Failure to File Facade Technical Report,OPEN,230,0.0,0.0
37024183Z,12/2/2022,1062252,3694,BROADWAY,MANHATTAN,109,CLASS - 2,28-302.4,Failure to File Facade Technical Report,OPEN,230,0.0,0.0
37024184K,12/2/2022,1062264,611,WEST  137 STREET,MANHATTAN,109,CLASS - 2,28-302.4,Failure to File Facade Technical Report,OPEN,230,0.0,0.0
37024186Y,12/2/2022,2002295,1175,FINDLAY AVENUE,BRONX,204,CLASS - 2,28-302.4,Failure to File Facade Technical Report,OPEN,230,0.0,0.0
37024188H,12/2/2022,4192308,83-84, 116 STREET,QUEENS,409,CLASS - 2,28-302.4,Failure to File Facade Technical Report,OPEN,230,0.0,0.0
37024192K,12/2/2022,1062346,3485,BROADWAY,MANHATTAN,109,CLASS - 2,28-302.4,Failure to File Facade Technical Report,OPEN,230,0.0,0.0
37024195X,12/2/2022,1002372,214,CANAL STREET,MANHATTAN,103,CLASS - 2,28-302.4,Failure to File Facade Technical Report,OPEN,230,0.0,0.0
37024197J,12/2/2022,1052375,1865,   2 AVENUE,MANHATTAN,111,CLASS - 2,28-302.4,Failure to File Facade Technical Report,OPEN,230,0.0,0.0
37024200L,12/2/2022,4252407,115-60, 132 STREET,QUEENS,410,CLASS - 2,28-302.4,Failure to File Facade Technical Report,OPEN,230,0.0,0.0
37024201N,12/2/2022,2002413,1220,MORRIS AVENUE,BRONX,204,CLASS - 2,28-302.4,Failure to File Facade Technical Report,OPEN,230,0.0,0.0
37024204Z,12/2/2022,1062427,706,RIVERSIDE DRIVE,MANHATTAN,109,CLASS - 2,28-302.4,Failure to File Facade Technical Report,OPEN,230,0.0,0.0
37024205K,12/2/2022,3392430,24,LYNCH STREET,BROOKLYN,301,CLASS - 2,28-302.4,Failure to File Facade Technical Report,OPEN,230,0.0,0.0
37024206M,12/2/2022,3392431,28,LYNCH STREET,BROOKLYN,301,CLASS - 2,28-302.4,Failure to File Facade Technical Report,OPEN,230,0.0,0.0
37024207Y,12/2/2022,3392432,14,LYNCH STREET,BROOKLYN,301,CLASS - 2,28-302.4,Failure to File Facade Technical Report,OPEN,230,0.0,0.0
37024209H,12/2/2022,1062439,3609,BROADWAY,MANHATTAN,109,CLASS - 2,28-302.4,Failure to File Facade Technical Report,OPEN,230,0.0,0.0
37024210P,12/2/2022,2002440,1205,COLLEGE AVENUE,BRONX,204,CLASS - 2,28-302.4,Failure to File Facade Technical Report,OPEN,230,0.0,0.0
37024211R,12/2/2022,1062472,640,WEST  153 STREET,MANHATTAN,109,CLASS - 2,28-302.4,Failure to File Facade Technical Report,OPEN,230,0.0,0.0
37024213K,12/2/2022,4072484,63-93,AUSTIN STREET,QUEENS,406,CLASS - 2,28-302.4,Failure to File Facade Technical Report,OPEN,230,0.0,0.0
37024215Y,12/2/2022,1012515,522,WEST   38 STREET,MANHATTAN,104,CLASS - 2,28-302.4,Failure to File Facade Technical Report,OPEN,230,0.0,0.0
37024216X,12/2/2022,2012518,2350,CAMBRELENG AVENUE,BRONX,206,CLASS - 2,28-302.4,Failure to File Facade Technical Report,OPEN,230,0.0,0.0
37024217H,12/2/2022,2092536,3555,KINGS COLLEGE PLACE,BRONX,207,CLASS - 2,28-302.4,Failure to File Facade Technical Report,OPEN,230,0.0,0.0
37024218J,12/2/2022,3322544,9255,SHORE ROAD,BROOKLYN,310,CLASS - 2,28-302.4,Failure to File Facade Technical Report,OPEN,230,0.0,0.0
37024219L,12/2/2022,1062545,555,EDGECOMBE AVENUE,MANHATTAN,112,CLASS - 2,28-302.4,Failure to File Facade Technical Report,OPEN,230,0.0,0.0
37024229P,12/2/2022,1022610,1500,BROADWAY,MANHATTAN,105,CLASS - 2,28-302.4,Failure to File Facade Technical Report,OPEN,230,0.0,0.0
37024231Y,12/2/2022,1012626,429,WEST   21 STREET,MANHATTAN,104,CLASS - 2,28-302.4,Failure to File Facade Technical Report,OPEN,230,0.0,0.0
37024232X,12/2/2022,2112632,5500,FIELDSTON ROAD,BRONX,208,CLASS - 2,28-302.4,Failure to File Facade Technical Report,OPEN,230,0.0,0.0
37024238R,12/2/2022,1022668,128,WEST   47 STREET,MANHATTAN,105,CLASS - 2,28-302.4,Failure to File Facade Technical Report,OPEN,230,0.0,0.0
37024239Z,12/2/2022,1022669,132,WEST   47 STREET,MANHATTAN,105,CLASS - 2,28-302.4,Failure to File Facade Technical Report,OPEN,230,0.0,0.0
37024240X,12/2/2022,1032677,440,WEST END AVENUE,MANHATTAN,107,CLASS - 2,28-302.4,Failure to File Facade Technical Report,OPEN,230,0.0,0.0
37024242J,12/2/2022,2002705,910,SHERIDAN AVENUE,BRONX,204,CLASS - 2,28-302.4,Failure to File Facade Technical Report,OPEN,230,0.0,0.0
37024249M,12/2/2022,2002794,835,SHERIDAN AVENUE,BRONX,204,CLASS - 2,28-302.4,Failure to File Facade Technical Report,OPEN,230,0.0,0.0
37024253P,12/2/2022,1042822,164,EAST   72 STREET,MANHATTAN,108,CLASS - 2,28-302.4,Failure to File Facade Technical Report,OPEN,230,0.0,0.0
37024254R,12/2/2022,2062826,3929,CARPENTER AVENUE,BRONX,212,CLASS - 2,28-302.4,Failure to File Facade Technical Report,OPEN,230,0.0,0.0
37024257M,12/2/2022,2002849,1235,GRAND CONCOURSE,BRONX,204,CLASS - 2,28-302.4,Failure to File Facade Technical Report,OPEN,230,0.0,0.0
37024258Y,12/2/2022,3392865,880,BERGEN STREET,BROOKLYN,308,CLASS - 2,28-302.4,Failure to File Facade Technical Report,OPEN,230,0.0,0.0
37024260N,12/2/2022,4192903,84-25, 118 STREET,QUEENS,409,CLASS - 2,28-302.4,Failure to File Facade Technical Report,OPEN,230,0.0,0.0
37024262R,12/2/2022,2002917,923,WALTON AVENUE,BRONX,204,CLASS - 2,28-302.4,Failure to File Facade Technical Report,OPEN,230,0.0,0.0
37024263Z,12/2/2022,2122918,3050,CORLEAR AVENUE,BRONX,208,CLASS - 2,28-302.4,Failure to File Facade Technical Report,OPEN,230,0.0,0.0
37024264K,12/2/2022,1002920,449,WASHINGTON STREET,MANHATTAN,101,CLASS - 2,28-302.4,Failure to File Facade Technical Report,OPEN,230,0.0,0.0
37024267X,12/2/2022,2102974,1935,EASTCHESTER ROAD,BRONX,211,CLASS - 2,28-302.4,Failure to File Facade Technical Report,OPEN,230,0.0,0.0
37024268H,12/2/2022,2102975,1945,EASTCHESTER ROAD,BRONX,211,CLASS - 2,28-302.4,Failure to File Facade Technical Report,OPEN,230,0.0,0.0
37024270R,12/2/2022,4002997,50-21,  39 PLACE,QUEENS,402,CLASS - 2,28-302.4,Failure to File Facade Technical Report,OPEN,230,0.0,0.0
37024273M,12/2/2022,4113027,34-15,PARSONS BOULEVARD,QUEENS,407,CLASS - 2,28-302.4,Failure to File Facade Technical Report,OPEN,230,0.0,0.0
37024274Y,12/2/2022,1083034,3595,BROADWAY,MANHATTAN,109,CLASS - 2,28-302.4,Failure to File Facade Technical Report,OPEN,230,0.0,0.0
37024276H,12/2/2022,4113042,144-63,  35 AVENUE,QUEENS,407,CLASS - 2,28-302.4,Failure to File Facade Technical Report,OPEN,230,0.0,0.0
37024277J,12/2/2022,2003052,1038,ANDERSON AVENUE,BRONX,204,CLASS - 2,28-302.4,Failure to File Facade Technical Report,OPEN,230,0.0,0.0
37024279N,12/2/2022,2003054,1001,JEROME AVENUE,BRONX,204,CLASS - 2,28-302.4,Failure to File Facade Technical Report,OPEN,230,0.0,0.0
37024281M,12/2/2022,2003056,1080,ANDERSON AVENUE,BRONX,204,CLASS - 2,28-302.4,Failure to File Facade Technical Report,OPEN,230,0.0,0.0
37024288P,12/2/2022,2003093,1275,EDWARD L GRANT HIGHWAY,BRONX,204,CLASS - 2,28-302.4,Failure to File Facade Technical Report,OPEN,230,0.0,0.0
37024290Y,12/2/2022,2003109,1307,EDWARD L GRANT HIGHWAY,BRONX,204,CLASS - 2,28-302.4,Failure to File Facade Technical Report,OPEN,230,0.0,0.0
37024293J,12/2/2022,1088435,505,WEST   47 STREET,MANHATTAN,104,CLASS - 2,28-302.4,Failure to File Facade Technical Report,OPEN,230,0.0,0.0
37024295N,12/2/2022,1003136,90,BOWERY,MANHATTAN,102,CLASS - 2,28-302.4,Failure to File Facade Technical Report,OPEN,230,0.0,0.0
37024296P,12/2/2022,1083136,66,WEST   12 STREET,MANHATTAN,102,CLASS - 2,28-302.4,Failure to File Facade Technical Report,OPEN,230,0.0,0.0
37024297R,12/2/2022,1003141,605,WATER STREET,MANHATTAN,103,CLASS - 2,28-302.4,Failure to File Facade Technical Report,OPEN,230,0.0,0.0
37024301K,12/2/2022,1033206,2381,BROADWAY,MANHATTAN,107,CLASS - 2,28-302.4,Failure to File Facade Technical Report,OPEN,230,0.0,0.0
37024303Y,12/2/2022,2003253,10-70,OGDEN AVENUE,BRONX,204,CLASS - 2,28-302.4,Failure to File Facade Technical Report,OPEN,230,0.0,0.0
37024304X,12/2/2022,1063259,625,WEST  156 STREET,MANHATTAN,112,CLASS - 2,28-302.4,Failure to File Facade Technical Report,OPEN,230,0.0,0.0
37024305H,12/2/2022,2003262,1075,NELSON AVENUE,BRONX,204,CLASS - 2,28-302.4,Failure to File Facade Technical Report,OPEN,230,0.0,0.0
37024306J,12/2/2022,1063274,801,RIVERSIDE DRIVE,MANHATTAN,112,CLASS - 2,28-302.4,Failure to File Facade Technical Report,OPEN,230,0.0,0.0
37024313H,12/2/2022,1063291,853,RIVERSIDE DRIVE,MANHATTAN,112,CLASS - 2,28-302.4,Failure to File Facade Technical Report,OPEN,230,0.0,0.0
37024314J,12/2/2022,1033301,216,WEST   89 STREET,MANHATTAN,107,CLASS - 2,28-302.4,Failure to File Facade Technical Report,OPEN,230,0.0,0.0
37024315L,12/2/2022,1063304,611,WEST  158 STREET,MANHATTAN,112,CLASS - 2,28-302.4,Failure to File Facade Technical Report,OPEN,230,0.0,0.0
37024319Z,12/2/2022,1063320,31,FORT WASHINGTON AVENUE,MANHATTAN,112,CLASS - 2,28-302.4,Failure to File Facade Technical Report,OPEN,230,0.0,0.0
37024321H,12/2/2022,1063326,884,RIVERSIDE DRIVE,MANHATTAN,112,CLASS - 2,28-302.4,Failure to File Facade Technical Report,OPEN,230,0.0,0.0
37024322J,12/2/2022,1063336,906,RIVERSIDE DRIVE,MANHATTAN,112,CLASS - 2,28-302.4,Failure to File Facade Technical Report,OPEN,230,0.0,0.0
37024326R,12/2/2022,1083350,333,PEARL STREET,MANHATTAN,101,CLASS - 2,28-302.4,Failure to File Facade Technical Report,OPEN,230,0.0,0.0
37024327Z,12/2/2022,1090791,77,FULTON STREET,MANHATTAN,101,CLASS - 2,28-302.4,Failure to File Facade Technical Report,OPEN,230,0.0,0.0
37024331L,12/2/2022,2013375,2162,VALENTINE AVENUE,BRONX,205,CLASS - 2,28-302.4,Failure to File Facade Technical Report,OPEN,230,0.0,0.0
37024332N,12/2/2022,1063423,50,HAVEN AVENUE,MANHATTAN,112,CLASS - 2,28-302.4,Failure to File Facade Technical Report,OPEN,230,0.0,0.0
37024335Z,12/2/2022,3003451,115,KANE STREET,BROOKLYN,306,CLASS - 2,28-302.4,Failure to File Facade Technical Report,OPEN,230,0.0,0.0
37024336K,12/2/2022,2003453,151,WEST  162 STREET,BRONX,204,CLASS - 2,28-302.4,Failure to File Facade Technical Report,OPEN,230,0.0,0.0
37024337M,12/2/2022,1083455,527,EAST   12 STREET,MANHATTAN,103,CLASS - 2,28-302.4,Failure to File Facade Technical Report,OPEN,230,0.0,0.0
37024338Y,12/2/2022,1023456,100,WEST   57 STREET,MANHATTAN,105,CLASS - 2,28-302.4,Failure to File Facade Technical Report,OPEN,230,0.0,0.0
37024341P,12/2/2022,2023482,1020,BOYNTON AVENUE,BRONX,209,CLASS - 2,28-302.4,Failure to File Facade Technical Report,OPEN,230,0.0,0.0
37024342R,12/2/2022,2023483,1030,BOYNTON AVENUE,BRONX,209,CLASS - 2,28-302.4,Failure to File Facade Technical Report,OPEN,230,0.0,0.0
37024345M,12/2/2022,4003517,30-20,THOMSON AVENUE,QUEENS,402,CLASS - 2,28-302.4,Failure to File Facade Technical Report,OPEN,230,0.0,0.0
37024351Z,12/2/2022,1063546,81,WADSWORTH AVENUE,MANHATTAN,112,CLASS - 2,28-302.4,Failure to File Facade Technical Report,OPEN,230,0.0,0.0
37024354Y,12/2/2022,1053573,14,WEST  127 STREET,MANHATTAN,110,CLASS - 2,28-302.4,Failure to File Facade Technical Report,OPEN,230,0.0,0.0
37024355X,12/2/2022,1063575,497,WEST  182 STREET,MANHATTAN,112,CLASS - 2,28-302.4,Failure to File Facade Technical Report,OPEN,230,0.0,0.0
37024356H,12/2/2022,4113575,136-39,  41 AVENUE,QUEENS,407,CLASS - 2,28-302.4,Failure to File Facade Technical Report,OPEN,230,0.0,0.0
37024358L,12/2/2022,1063583,90,LAUREL HILL TERRACE,MANHATTAN,112,CLASS - 2,28-302.4,Failure to File Facade Technical Report,OPEN,230,0.0,0.0
37024359N,12/2/2022,1063586,480,WEST  187 STREET,MANHATTAN,112,CLASS - 2,28-302.4,Failure to File Facade Technical Report,OPEN,230,0.0,0.0
37024360K,12/2/2022,1063587,475,WEST  186 STREET,MANHATTAN,112,CLASS - 2,28-302.4,Failure to File Facade Technical Report,OPEN,230,0.0,0.0
37024364H,12/2/2022,4053627,44-20,  64 STREET,QUEENS,402,CLASS - 2,28-302.4,Failure to File Facade Technical Report,OPEN,230,0.0,0.0
37024365J,12/2/2022,1083638,31,WEST   34 STREET,MANHATTAN,105,CLASS - 2,28-302.4,Failure to File Facade Technical Report,OPEN,230,0.0,0.0
37024366L,12/2/2022,2063646,711,EAST  230 STREET,BRONX,212,CLASS - 2,28-302.4,Failure to File Facade Technical Report,OPEN,230,0.0,0.0
37024367N,12/2/2022,1053651,40,WEST  128 STREET,MANHATTAN,110,CLASS - 2,28-302.4,Failure to File Facade Technical Report,OPEN,230,0.0,0.0
37024368P,12/2/2022,1053657,60,WEST  128 STREET,MANHATTAN,110,CLASS - 2,28-302.4,Failure to File Facade Technical Report,OPEN,230,0.0,0.0
37024369R,12/2/2022,1053658,62,WEST  128 STREET,MANHATTAN,110,CLASS - 2,28-302.4,Failure to File Facade Technical Report,OPEN,230,0.0,0.0
37024372H,12/2/2022,2083672,3217,IRWIN AVENUE,BRONX,208,CLASS - 2,28-302.4,Failure to File Facade Technical Report,OPEN,230,0.0,0.0
37024374L,12/2/2022,2013677,265,EAST BURNSIDE AVENUE,BRONX,205,CLASS - 2,28-302.4,Failure to File Facade Technical Report,OPEN,230,0.0,0.0
37024378Z,12/2/2022,2093696,745,EAST  231 STREET,BRONX,212,CLASS - 2,28-302.4,Failure to File Facade Technical Report,OPEN,230,0.0,0.0
37024379K,12/2/2022,2093697,730,EAST  232 STREET,BRONX,212,CLASS - 2,28-302.4,Failure to File Facade Technical Report,OPEN,230,0.0,0.0
37024380H,12/2/2022,1053698,2,WEST  129 STREET,MANHATTAN,110,CLASS - 2,28-302.4,Failure to File Facade Technical Report,OPEN,230,0.0,0.0
37024381J,12/2/2022,1063701,507,WEST  181 STREET,MANHATTAN,112,CLASS - 2,28-302.4,Failure to File Facade Technical Report,OPEN,230,0.0,0.0
37024383N,12/2/2022,1063704,520,WEST  183 STREET,MANHATTAN,112,CLASS - 2,28-302.4,Failure to File Facade Technical Report,OPEN,230,0.0,0.0
37024384P,12/2/2022,1053710,46,WEST  129 STREET,MANHATTAN,110,CLASS - 2,28-302.4,Failure to File Facade Technical Report,OPEN,230,0.0,0.0
37024385R,12/2/2022,1013711,80,   8 AVENUE,MANHATTAN,104,CLASS - 2,28-302.4,Failure to File Facade Technical Report,OPEN,230,0.0,0.0
37024387K,12/2/2022,3413736,265,WORTMAN AVENUE,BROOKLYN,305,CLASS - 2,28-302.4,Failure to File Facade Technical Report,OPEN,230,0.0,0.0
37024391N,12/2/2022,1083762,420,WEST   45 STREET,MANHATTAN,104,CLASS - 2,28-302.4,Failure to File Facade Technical Report,OPEN,230,0.0,0.0
37024393R,12/2/2022,1083768,432,WEST   45 STREET,MANHATTAN,104,CLASS - 2,28-302.4,Failure to File Facade Technical Report,OPEN,230,0.0,0.0
37024395K,12/2/2022,1083800,747,  10 AVENUE,MANHATTAN,104,CLASS - 2,28-302.4,Failure to File Facade Technical Report,OPEN,230,0.0,0.0
37024396M,12/2/2022,3113812,585,EAST   32 STREET,BROOKLYN,317,CLASS - 2,28-302.4,Failure to File Facade Technical Report,OPEN,230,0.0,0.0
37024397Y,12/2/2022,1013820,230,WEST   17 STREET,MANHATTAN,104,CLASS - 2,28-302.4,Failure to File Facade Technical Report,OPEN,230,0.0,0.0
37024398X,12/2/2022,1033826,324,WEST   84 STREET,MANHATTAN,107,CLASS - 2,28-302.4,Failure to File Facade Technical Report,OPEN,230,0.0,0.0
37024399H,12/2/2022,4113846,144-56,ROOSEVELT AVENUE,QUEENS,407,CLASS - 2,28-302.4,Failure to File Facade Technical Report,OPEN,230,0.0,0.0
37024404N,12/2/2022,4303901,140,BEACH  114 STREET,QUEENS,414,CLASS - 2,28-302.4,Failure to File Facade Technical Report,OPEN,230,0.0,0.0
37024408K,12/2/2022,3163921,2155,  82 STREET,BROOKLYN,311,CLASS - 2,28-302.4,Failure to File Facade Technical Report,OPEN,230,0.0,0.0
37024410J,12/2/2022,3053934,1231,ATLANTIC AVENUE,BROOKLYN,303,CLASS - 2,28-302.4,Failure to File Facade Technical Report,OPEN,230,0.0,0.0
37024411L,12/2/2022,1003935,249,GRAND STREET,MANHATTAN,103,CLASS - 2,28-302.4,Failure to File Facade Technical Report,OPEN,230,0.0,0.0
37024412N,12/2/2022,2083943,3636,WALDO AVENUE,BRONX,208,CLASS - 2,28-302.4,Failure to File Facade Technical Report,OPEN,230,0.0,0.0
37024413P,12/2/2022,1043948,242,EAST   72 STREET,MANHATTAN,108,CLASS - 2,28-302.4,Failure to File Facade Technical Report,OPEN,230,0.0,0.0
37024414R,12/2/2022,1063963,601,WEST  184 STREET,MANHATTAN,112,CLASS - 2,28-302.4,Failure to File Facade Technical Report,OPEN,230,0.0,0.0
37024415Z,12/2/2022,1033975,575,WEST END AVENUE,MANHATTAN,107,CLASS - 2,28-302.4,Failure to File Facade Technical Report,OPEN,230,0.0,0.0
37024416K,12/2/2022,1083987,560,LENOX AVENUE,MANHATTAN,110,CLASS - 2,28-302.4,Failure to File Facade Technical Report,OPEN,230,0.0,0.0
37024417M,12/2/2022,1013993,226,WEST   20 STREET,MANHATTAN,104,CLASS - 2,28-302.4,Failure to File Facade Technical Report,OPEN,230,0.0,0.0
37024421P,12/2/2022,1004016,49,LUDLOW STREET,MANHATTAN,103,CLASS - 2,28-302.4,Failure to File Facade Technical Report,OPEN,230,0.0,0.0
37024426Y,12/9/2022,1002619,53,ELIZABETH STREET,MANHATTAN,102,CLASS - 2,28-302.4,Failure to File Facade Technical Report,OPEN,230,0.0,0.0
37024427X,12/9/2022,1003379,11,EAST BROADWAY,MANHATTAN,103,CLASS - 2,28-302.4,Failure to File Facade Technical Report,OPEN,230,0.0,0.0
37024428H,12/9/2022,2084039,3840,GREYSTONE AVENUE,BRONX,208,CLASS - 2,28-302.4,Failure to File Facade Technical Report,OPEN,230,0.0,0.0
37024429J,12/9/2022,1044047,203,EAST   74 STREET,MANHATTAN,108,CLASS - 2,28-302.4,Failure to File Facade Technical Report,OPEN,230,0.0,0.0
37024431Z,12/9/2022,1084065,301,WEST  129 STREET,MANHATTAN,110,CLASS - 2,28-302.4,Failure to File Facade Technical Report,OPEN,230,0.0,0.0
37024432K,12/9/2022,1084066,380,ST NICHOLAS AVENUE,MANHATTAN,110,CLASS - 2,28-302.4,Failure to File Facade Technical Report,OPEN,230,0.0,0.0
37024433M,12/9/2022,2114119,201,WEST KINGSBRIDGE ROAD,BRONX,208,CLASS - 2,28-302.4,Failure to File Facade Technical Report,OPEN,230,0.0,0.0
37024437J,12/9/2022,2024145,1210,CROES AVENUE,BRONX,209,CLASS - 2,28-302.4,Failure to File Facade Technical Report,OPEN,230,0.0,0.0
37024439N,12/9/2022,2084165,525,WEST  236 STREET,BRONX,208,CLASS - 2,28-302.4,Failure to File Facade Technical Report,OPEN,230,0.0,0.0
37024440K,12/9/2022,3034169,377,MONTGOMERY STREET,BROOKLYN,309,CLASS - 2,28-302.4,Failure to File Facade Technical Report,OPEN,230,0.0,0.0
37024441M,12/9/2022,3144194,350,  65 STREET,BROOKLYN,310,CLASS - 2,28-302.4,Failure to File Facade Technical Report,OPEN,230,0.0,0.0
37024443X,12/9/2022,2014203,2200,GRAND AVENUE,BRONX,205,CLASS - 2,28-302.4,Failure to File Facade Technical Report,OPEN,230,0.0,0.0
37024444H,12/9/2022,2014205,2205,DAVIDSON AVENUE,BRONX,205,CLASS - 2,28-302.4,Failure to File Facade Technical Report,OPEN,230,0.0,0.0
37024447N,12/9/2022,1034207,15,WEST   43 STREET,MANHATTAN,105,CLASS - 2,28-302.4,Failure to File Facade Technical Report,OPEN,230,0.0,0.0
37024457R,12/9/2022,1014290,350,   7 AVENUE,MANHATTAN,105,CLASS - 2,28-302.4,Failure to File Facade Technical Report,OPEN,230,0.0,0.0
37024458Z,12/9/2022,1014295,208,WEST   30 STREET,MANHATTAN,105,CLASS - 2,28-302.4,Failure to File Facade Technical Report,OPEN,230,0.0,0.0
37024459K,12/9/2022,1014303,242,WEST   30 STREET,MANHATTAN,105,CLASS - 2,28-302.4,Failure to File Facade Technical Report,OPEN,230,0.0,0.0
37024460H,12/9/2022,3394321,4,LYNCH STREET,BROOKLYN,301,CLASS - 2,28-302.4,Failure to File Facade Technical Report,OPEN,230,0.0,0.0
37024461J,12/9/2022,1064331,875,WEST  181 STREET,MANHATTAN,112,CLASS - 2,28-302.4,Failure to File Facade Technical Report,OPEN,230,0.0,0.0
37024462L,12/9/2022,1064335,867,WEST  181 STREET,MANHATTAN,112,CLASS - 2,28-302.4,Failure to File Facade Technical Report,OPEN,230,0.0,0.0
37024463N,12/9/2022,2084347,210,WEST  251 STREET,BRONX,208,CLASS - 2,28-302.4,Failure to File Facade Technical Report,OPEN,230,0.0,0.0
37024464P,12/9/2022,1064369,220,CABRINI BOULEVARD,MANHATTAN,112,CLASS - 2,28-302.4,Failure to File Facade Technical Report,OPEN,230,0.0,0.0
37024468M,12/9/2022,1014417,254,WEST   35 STREET,MANHATTAN,105,CLASS - 2,28-302.4,Failure to File Facade Technical Report,OPEN,230,0.0,0.0
37024471N,12/9/2022,1004423,309,EAST    4 STREET,MANHATTAN,103,CLASS - 2,28-302.4,Failure to File Facade Technical Report,OPEN,230,0.0,0.0
37024473R,12/9/2022,2124437,3620,OXFORD AVENUE,BRONX,208,CLASS - 2,28-302.4,Failure to File Facade Technical Report,OPEN,230,0.0,0.0
37024475K,12/9/2022,1014442,225,WEST   36 STREET,MANHATTAN,105,CLASS - 2,28-302.4,Failure to File Facade Technical Report,OPEN,230,0.0,0.0
37024480P,12/9/2022,1014498,251,WEST   39 STREET,MANHATTAN,105,CLASS - 2,28-302.4,Failure to File Facade Technical Report,OPEN,230,0.0,0.0
37024488J,12/9/2022,4014554,45-02,DITMARS BOULEVARD,QUEENS,401,CLASS - 2,28-302.4,Failure to File Facade Technical Report,OPEN,230,0.0,0.0
37024489L,12/9/2022,1064559,63,ADRIAN AVENUE,MANHATTAN,208,CLASS - 2,28-302.4,Failure to File Facade Technical Report,OPEN,230,0.0,0.0
37024490Z,12/9/2022,1004570,15,AVENUE B,MANHATTAN,103,CLASS - 2,28-302.4,Failure to File Facade Technical Report,OPEN,230,0.0,0.0
37024492M,12/9/2022,1064584,99,MARBLE HILL AVENUE,MANHATTAN,208,CLASS - 2,28-302.4,Failure to File Facade Technical Report,OPEN,230,0.0,0.0
37024493Y,12/9/2022,3394741,134,WEST END AVENUE,BROOKLYN,315,CLASS - 2,28-302.4,Failure to File Facade Technical Report,OPEN,230,0.0,0.0
37024494X,12/9/2022,4534599,140-31,CHERRY AVENUE,QUEENS,407,CLASS - 2,28-302.4,Failure to File Facade Technical Report,OPEN,230,0.0,0.0
37024495H,12/9/2022,1084603,148,MADISON STREET,MANHATTAN,103,CLASS - 2,28-302.4,Failure to File Facade Technical Report,OPEN,230,0.0,0.0
37024496J,12/9/2022,1004619,43,AVENUE C,MANHATTAN,103,CLASS - 2,28-302.4,Failure to File Facade Technical Report,OPEN,230,0.0,0.0
37024497L,12/9/2022,1064632,108,WEST  227 STREET,MANHATTAN,208,CLASS - 2,28-302.4,Failure to File Facade Technical Report,OPEN,230,0.0,0.0
37024498N,12/9/2022,3114643,2121,WESTBURY COURT,BROOKLYN,309,CLASS - 2,28-302.4,Failure to File Facade Technical Report,OPEN,230,0.0,0.0
37024499P,12/9/2022,1064644,135,WEST  225 STREET,MANHATTAN,208,CLASS - 2,28-302.4,Failure to File Facade Technical Report,OPEN,230,0.0,0.0
37024500N,12/9/2022,4074646,66-23,AUSTIN STREET,QUEENS,406,CLASS - 2,28-302.4,Failure to File Facade Technical Report,OPEN,230,0.0,0.0
37024502R,12/9/2022,4114652,142-20,  41 AVENUE,QUEENS,407,CLASS - 2,28-302.4,Failure to File Facade Technical Report,OPEN,230,0.0,0.0
37024503Z,12/9/2022,1084652,37,WEST   24 STREET,MANHATTAN,105,CLASS - 2,28-302.4,Failure to File Facade Technical Report,OPEN,230,0.0,0.0
37024504K,12/9/2022,4114655,142-19,BARCLAY AVENUE,QUEENS,407,CLASS - 2,28-302.4,Failure to File Facade Technical Report,OPEN,230,0.0,0.0
37024506Y,12/9/2022,3184662,3165,NOSTRAND AVENUE,BROOKLYN,315,CLASS - 2,28-302.4,Failure to File Facade Technical Report,OPEN,230,0.0,0.0
37024507X,12/9/2022,2014666,2533,AQUEDUCT AVENUE,BRONX,207,CLASS - 2,28-302.4,Failure to File Facade Technical Report,OPEN,230,0.0,0.0
37024508H,12/9/2022,1064670,2,MARBLE HILL AVENUE,MANHATTAN,208,CLASS - 2,28-302.4,Failure to File Facade Technical Report,OPEN,230,0.0,0.0
37024510R,12/9/2022,1004678,204,EAST    7 STREET,MANHATTAN,103,CLASS - 2,28-302.4,Failure to File Facade Technical Report,OPEN,230,0.0,0.0
37024511Z,12/9/2022,1004679,206,EAST    7 STREET,MANHATTAN,103,CLASS - 2,28-302.4,Failure to File Facade Technical Report,OPEN,230,0.0,0.0
37024513M,12/9/2022,1064686,120,WEST  228 STREET,MANHATTAN,208,CLASS - 2,28-302.4,Failure to File Facade Technical Report,OPEN,230,0.0,0.0
37024517J,12/9/2022,4114712,143-45,SANFORD AVENUE,QUEENS,407,CLASS - 2,28-302.4,Failure to File Facade Technical Report,OPEN,230,0.0,0.0
37024519N,12/9/2022,2084740,5400,FIELDSTON ROAD,BRONX,208,CLASS - 2,28-302.4,Failure to File Facade Technical Report,OPEN,230,0.0,0.0
37024520K,12/9/2022,1014743,147,WEST   20 STREET,MANHATTAN,104,CLASS - 2,28-302.4,Failure to File Facade Technical Report,OPEN,230,0.0,0.0
37024522Y,12/9/2022,1014753,120,WEST   21 STREET,MANHATTAN,104,CLASS - 2,28-302.4,Failure to File Facade Technical Report,OPEN,230,0.0,0.0
37024524H,12/9/2022,1014760,150,WEST   21 STREET,MANHATTAN,104,CLASS - 2,28-302.4,Failure to File Facade Technical Report,OPEN,230,0.0,0.0
37024525J,12/9/2022,1024764,234,WEST   48 STREET,MANHATTAN,105,CLASS - 2,28-302.4,Failure to File Facade Technical Report,OPEN,230,0.0,0.0
37024526L,12/9/2022,3154819,9040,FORT HAMILTON PARKWAY,BROOKLYN,310,CLASS - 2,28-302.4,Failure to File Facade Technical Report,OPEN,230,0.0,0.0
37024528P,12/9/2022,1024857,204,WEST   55 STREET,MANHATTAN,105,CLASS - 2,28-302.4,Failure to File Facade Technical Report,OPEN,230,0.0,0.0
37024530Y,12/9/2022,3204886,2626,HOMECREST AVENUE,BROOKLYN,315,CLASS - 2,28-302.4,Failure to File Facade Technical Report,OPEN,230,0.0,0.0
37024531X,12/9/2022,1024903,205,WEST   57 STREET,MANHATTAN,105,CLASS - 2,28-302.4,Failure to File Facade Technical Report,OPEN,230,0.0,0.0
37024534L,12/9/2022,1004922,611,EAST   11 STREET,MANHATTAN,103,CLASS - 2,28-302.4,Failure to File Facade Technical Report,OPEN,230,0.0,0.0
37024535N,12/9/2022,1044925,300,EAST   75 STREET,MANHATTAN,108,CLASS - 2,28-302.4,Failure to File Facade Technical Report,OPEN,230,0.0,0.0
37024538Z,12/9/2022,2014941,2300,LORING PLACE,BRONX,207,CLASS - 2,28-302.4,Failure to File Facade Technical Report,OPEN,230,0.0,0.0
37024539K,12/9/2022,1014949,135,WEST   23 STREET,MANHATTAN,104,CLASS - 2,28-302.4,Failure to File Facade Technical Report,OPEN,230,0.0,0.0
37024541J,12/9/2022,3334963,190,WILLOUGHBY STREET,BROOKLYN,302,CLASS - 2,28-302.4,Failure to File Facade Technical Report,OPEN,230,0.0,0.0
37024542L,12/9/2022,1014966,148,WEST   24 STREET,MANHATTAN,104,CLASS - 2,28-302.4,Failure to File Facade Technical Report,OPEN,230,0.0,0.0
37024544P,12/9/2022,1011070,343,WEST    4 STREET,MANHATTAN,102,CLASS - 2,28-302.4,Failure to File Facade Technical Report,OPEN,230,0.0,0.0
37024549Y,12/9/2022,1055040,100,ST NICHOLAS AVENUE,MANHATTAN,110,CLASS - 2,28-302.4,Failure to File Facade Technical Report,OPEN,230,0.0,0.0
37024552P,12/9/2022,1055057,1917,   7 AVENUE,MANHATTAN,110,CLASS - 2,28-302.4,Failure to File Facade Technical Report,OPEN,230,0.0,0.0
37024554Z,12/9/2022,3395077,555,PROSPECT PLACE,BROOKLYN,308,CLASS - 2,28-302.4,Failure to File Facade Technical Report,OPEN,230,0.0,0.0
37024555K,12/9/2022,4075092,99-06,  67 ROAD,QUEENS,406,CLASS - 2,28-302.4,Failure to File Facade Technical Report,OPEN,230,0.0,0.0
37024556M,12/9/2022,4075093,99-22,  67 ROAD,QUEENS,406,CLASS - 2,28-302.4,Failure to File Facade Technical Report,OPEN,230,0.0,0.0
37024557Y,12/9/2022,1085096,250,WEST   43 STREET,MANHATTAN,105,CLASS - 2,28-302.4,Failure to File Facade Technical Report,OPEN,230,0.0,0.0
37024559H,12/9/2022,1015107,127,WEST   28 STREET,MANHATTAN,105,CLASS - 2,28-302.4,Failure to File Facade Technical Report,OPEN,230,0.0,0.0
37024560P,12/9/2022,4535114,43-43,KISSENA BOULEVARD,QUEENS,407,CLASS - 2,28-302.4,Failure to File Facade Technical Report,OPEN,230,0.0,0.0
37024561R,12/9/2022,1015125,104,WEST   29 STREET,MANHATTAN,105,CLASS - 2,28-302.4,Failure to File Facade Technical Report,OPEN,230,0.0,0.0
37024562Z,12/9/2022,1015128,130,WEST   29 STREET,MANHATTAN,105,CLASS - 2,28-302.4,Failure to File Facade Technical Report,OPEN,230,0.0,0.0
37024563K,12/9/2022,1015129,134,WEST   29 STREET,MANHATTAN,105,CLASS - 2,28-302.4,Failure to File Facade Technical Report,OPEN,230,0.0,0.0
37024566X,12/9/2022,1025133,349,WEST   48 STREET,MANHATTAN,104,CLASS - 2,28-302.4,Failure to File Facade Technical Report,OPEN,230,0.0,0.0
37024569L,12/9/2022,1015145,115,WEST   29 STREET,MANHATTAN,105,CLASS - 2,28-302.4,Failure to File Facade Technical Report,OPEN,230,0.0,0.0
37024572M,12/9/2022,3155177,9302,RIDGE BOULEVARD,BROOKLYN,310,CLASS - 2,28-302.4,Failure to File Facade Technical Report,OPEN,230,0.0,0.0
37024573Y,12/9/2022,3035184,580,EMPIRE BOULEVARD,BROOKLYN,309,CLASS - 2,28-302.4,Failure to File Facade Technical Report,OPEN,230,0.0,0.0
37024575H,12/9/2022,1015199,1311,BROADWAY,MANHATTAN,105,CLASS - 2,28-302.4,Failure to File Facade Technical Report,OPEN,230,0.0,0.0
37024578N,12/9/2022,3345247,248,WALLABOUT STREET,BROOKLYN,301,CLASS - 2,28-302.4,Failure to File Facade Technical Report,OPEN,230,0.0,0.0
37024582X,12/9/2022,1015273,108,WEST   39 STREET,MANHATTAN,105,CLASS - 2,28-302.4,Failure to File Facade Technical Report,OPEN,230,0.0,0.0
37024584J,12/9/2022,1045286,1143,YORK AVENUE,MANHATTAN,108,CLASS - 2,28-302.4,Failure to File Facade Technical Report,OPEN,230,0.0,0.0
37024586N,12/9/2022,1015297,34,WEST   15 STREET,MANHATTAN,105,CLASS - 2,28-302.4,Failure to File Facade Technical Report,OPEN,230,0.0,0.0
37024587P,12/9/2022,1055306,10,MANHATTAN AVENUE,MANHATTAN,107,CLASS - 2,28-302.4,Failure to File Facade Technical Report,OPEN,230,0.0,0.0
37024588R,12/9/2022,3195307,20,OCEAN COURT,BROOKLYN,315,CLASS - 2,28-302.4,Failure to File Facade Technical Report,OPEN,230,0.0,0.0
37024590X,12/9/2022,2015315,85,STRONG STREET,BRONX,208,CLASS - 2,28-302.4,Failure to File Facade Technical Report,OPEN,230,0.0,0.0
37024591H,12/9/2022,1035316,284,MADISON AVENUE,MANHATTAN,105,CLASS - 2,28-302.4,Failure to File Facade Technical Report,OPEN,230,0.0,0.0
37024592J,12/9/2022,1035317,290,MADISON AVENUE,MANHATTAN,105,CLASS - 2,28-302.4,Failure to File Facade Technical Report,OPEN,230,0.0,0.0
37024593L,12/9/2022,3385341,225,AVENUE T,BROOKLYN,311,CLASS - 2,28-302.4,Failure to File Facade Technical Report,OPEN,230,0.0,0.0
37024594N,12/9/2022,2015342,2751,UNIVERSITY AVENUE,BRONX,208,CLASS - 2,28-302.4,Failure to File Facade Technical Report,OPEN,230,0.0,0.0
37024597Z,12/9/2022,1035369,7,EAST   44 STREET,MANHATTAN,105,CLASS - 2,28-302.4,Failure to File Facade Technical Report,OPEN,230,0.0,0.0
37024598K,12/9/2022,1035370,346,MADISON AVENUE,MANHATTAN,105,CLASS - 2,28-302.4,Failure to File Facade Technical Report,OPEN,230,0.0,0.0
37024606L,12/9/2022,1025424,347,WEST   55 STREET,MANHATTAN,104,CLASS - 2,28-302.4,Failure to File Facade Technical Report,OPEN,230,0.0,0.0
37024607N,12/9/2022,1015429,12,WEST   18 STREET,MANHATTAN,105,CLASS - 2,28-302.4,Failure to File Facade Technical Report,OPEN,230,0.0,0.0
37024612H,12/9/2022,4115474,43-18,MAIN STREET,QUEENS,407,CLASS - 2,28-302.4,Failure to File Facade Technical Report,OPEN,230,0.0,0.0
37024613J,12/9/2022,3425477,60,MONITOR STREET,BROOKLYN,301,CLASS - 2,28-302.4,Failure to File Facade Technical Report,OPEN,230,0.0,0.0
37024617R,12/9/2022,1015585,18,WEST   24 STREET,MANHATTAN,105,CLASS - 2,28-302.4,Failure to File Facade Technical Report,OPEN,230,0.0,0.0
37024619K,12/9/2022,1045589,400,EAST   70 STREET,MANHATTAN,108,CLASS - 2,28-302.4,Failure to File Facade Technical Report,OPEN,230,0.0,0.0
37024620H,12/9/2022,3025610,501,   6 STREET,BROOKLYN,306,CLASS - 2,28-302.4,Failure to File Facade Technical Report,OPEN,230,0.0,0.0
37024621J,12/9/2022,1075639,750,LEXINGTON AVENUE,MANHATTAN,108,CLASS - 2,28-302.4,Failure to File Facade Technical Report,OPEN,230,0.0,0.0
37024624P,12/9/2022,1005660,169,BOWERY,MANHATTAN,103,CLASS - 2,28-302.4,Failure to File Facade Technical Report,OPEN,230,0.0,0.0
37024625R,12/9/2022,2015661,3363,SEDGWICK AVENUE,BRONX,208,CLASS - 2,28-302.4,Failure to File Facade Technical Report,OPEN,230,0.0,0.0
37024628M,12/9/2022,2015687,235,WEST KINGSBRIDGE ROAD,BRONX,208,CLASS - 2,28-302.4,Failure to File Facade Technical Report,OPEN,230,0.0,0.0
37024630L,12/9/2022,3245696,65,ORIENTAL BOULEVARD,BROOKLYN,315,CLASS - 2,28-302.4,Failure to File Facade Technical Report,OPEN,230,0.0,0.0
37024631N,12/9/2022,3115699,150,HAWTHORNE STREET,BROOKLYN,309,CLASS - 2,28-302.4,Failure to File Facade Technical Report,OPEN,230,0.0,0.0
37024632P,12/9/2022,3245719,161,CORBIN PLACE,BROOKLYN,315,CLASS - 2,28-302.4,Failure to File Facade Technical Report,OPEN,230,0.0,0.0
37024634Z,12/9/2022,3245784,102,SHORE BOULEVARD,BROOKLYN,315,CLASS - 2,28-302.4,Failure to File Facade Technical Report,OPEN,230,0.0,0.0
37024636M,12/9/2022,4115789,138-15,FRANKLIN AVENUE,QUEENS,407,CLASS - 2,28-302.4,Failure to File Facade Technical Report,OPEN,230,0.0,0.0
37024637Y,12/9/2022,4115799,136-24,MAPLE AVENUE,QUEENS,407,CLASS - 2,28-302.4,Failure to File Facade Technical Report,OPEN,230,0.0,0.0
37024640P,12/9/2022,4035816,82-11,  37 AVENUE,QUEENS,403,CLASS - 2,28-302.4,Failure to File Facade Technical Report,OPEN,230,0.0,0.0
37024643K,12/9/2022,1015849,17,WEST   32 STREET,MANHATTAN,105,CLASS - 2,28-302.4,Failure to File Facade Technical Report,OPEN,230,0.0,0.0
37024645Y,12/9/2022,1015850,11,WEST   32 STREET,MANHATTAN,105,CLASS - 2,28-302.4,Failure to File Facade Technical Report,OPEN,230,0.0,0.0
37024646X,12/9/2022,2015864,2805,HEATH AVENUE,BRONX,208,CLASS - 2,28-302.4,Failure to File Facade Technical Report,OPEN,230,0.0,0.0
37024648J,12/9/2022,1005887,109,ST MARKS PLACE,MANHATTAN,103,CLASS - 2,28-302.4,Failure to File Facade Technical Report,OPEN,230,0.0,0.0
37024650Z,12/9/2022,2025914,1236,VIRGINIA AVENUE,BRONX,209,CLASS - 2,28-302.4,Failure to File Facade Technical Report,OPEN,230,0.0,0.0
37024652M,12/9/2022,3105968,5455,KINGS HIGHWAY,BROOKLYN,317,CLASS - 2,28-302.4,Failure to File Facade Technical Report,OPEN,230,0.0,0.0
37024656J,12/9/2022,1016082,9,EAST   16 STREET,MANHATTAN,105,CLASS - 2,28-302.4,Failure to File Facade Technical Report,OPEN,230,0.0,0.0
37024657L,12/9/2022,4596086,42-05,PARSONS BOULEVARD,QUEENS,407,CLASS - 2,28-302.4,Failure to File Facade Technical Report,OPEN,230,0.0,0.0
37024658N,12/9/2022,1016110,99,   5 AVENUE,MANHATTAN,105,CLASS - 2,28-302.4,Failure to File Facade Technical Report,OPEN,230,0.0,0.0
37024659P,12/9/2022,1016132,220,PARK AVENUE SOUTH,MANHATTAN,105,CLASS - 2,28-302.4,Failure to File Facade Technical Report,OPEN,230,0.0,0.0
37024663H,12/9/2022,1086195,48,MULBERRY STREET,MANHATTAN,103,CLASS - 2,28-302.4,Failure to File Facade Technical Report,OPEN,230,0.0,0.0
37024664J,12/9/2022,2046199,3427,BRUCKNER BOULEVARD,BRONX,210,CLASS - 2,28-302.4,Failure to File Facade Technical Report,OPEN,230,0.0,0.0
37024665L,12/9/2022,3086211,200,HIGHLAND BOULEVARD,BROOKLYN,305,CLASS - 2,28-302.4,Failure to File Facade Technical Report,OPEN,230,0.0,0.0
37024668R,12/9/2022,3086212,210,HIGHLAND BOULEVARD,BROOKLYN,305,CLASS - 2,28-302.4,Failure to File Facade Technical Report,OPEN,230,0.0,0.0
37024669Z,12/9/2022,3126218,399,OCEAN PARKWAY,BROOKLYN,312,CLASS - 2,28-302.4,Failure to File Facade Technical Report,OPEN,230,0.0,0.0
37024670X,12/9/2022,1016219,38,EAST   21 STREET,MANHATTAN,105,CLASS - 2,28-302.4,Failure to File Facade Technical Report,OPEN,230,0.0,0.0
37024673L,12/9/2022,3126248,430,EAST    8 STREET,BROOKLYN,312,CLASS - 2,28-302.4,Failure to File Facade Technical Report,OPEN,230,0.0,0.0
37024674N,12/9/2022,1090711,504,EAST   63 STREET,MANHATTAN,108,CLASS - 2,28-302.4,Failure to File Facade Technical Report,OPEN,230,0.0,0.0
37024675P,12/9/2022,1046253,500,EAST   63 STREET,MANHATTAN,108,CLASS - 2,28-302.4,Failure to File Facade Technical Report,OPEN,230,0.0,0.0
37024676R,12/9/2022,3126254,515,EAST    7 STREET,BROOKLYN,312,CLASS - 2,28-302.4,Failure to File Facade Technical Report,OPEN,230,0.0,0.0
37024679M,12/9/2022,4036262,87-10,  37 AVENUE,QUEENS,403,CLASS - 2,28-302.4,Failure to File Facade Technical Report,OPEN,230,0.0,0.0
37024680J,12/9/2022,1076266,489,   5 AVENUE,MANHATTAN,105,CLASS - 2,28-302.4,Failure to File Facade Technical Report,OPEN,230,0.0,0.0
37024681L,12/9/2022,2026272,1265,OLMSTEAD AVENUE,BRONX,209,CLASS - 2,28-302.4,Failure to File Facade Technical Report,OPEN,230,0.0,0.0
37024683P,12/9/2022,1046293,1394,YORK AVENUE,MANHATTAN,108,CLASS - 2,28-302.4,Failure to File Facade Technical Report,OPEN,230,0.0,0.0
37024685Z,12/9/2022,4436332,168-10, 127 AVENUE,QUEENS,412,CLASS - 2,28-302.4,Failure to File Facade Technical Report,OPEN,230,0.0,0.0
37024686K,12/9/2022,4436333,168-20, 127 AVENUE,QUEENS,412,CLASS - 2,28-302.4,Failure to File Facade Technical Report,OPEN,230,0.0,0.0
37024687M,12/9/2022,4436334,168-30, 127 AVENUE,QUEENS,412,CLASS - 2,28-302.4,Failure to File Facade Technical Report,OPEN,230,0.0,0.0
37024688Y,12/9/2022,4436335,168-40, 127 AVENUE,QUEENS,412,CLASS - 2,28-302.4,Failure to File Facade Technical Report,OPEN,230,0.0,0.0
37024689X,12/9/2022,4436336,163-25, 130 AVENUE,QUEENS,412,CLASS - 2,28-302.4,Failure to File Facade Technical Report,OPEN,230,0.0,0.0
37024690N,12/9/2022,4436337,163-35, 130 AVENUE,QUEENS,412,CLASS - 2,28-302.4,Failure to File Facade Technical Report,OPEN,230,0.0,0.0
37024691P,12/9/2022,4436338,163-45, 130 AVENUE,QUEENS,412,CLASS - 2,28-302.4,Failure to File Facade Technical Report,OPEN,230,0.0,0.0
37024692R,12/9/2022,4436339,170-10, 130 AVENUE,QUEENS,412,CLASS - 2,28-302.4,Failure to File Facade Technical Report,OPEN,230,0.0,0.0
37024693Z,12/9/2022,4436340,170-20, 130 AVENUE,QUEENS,412,CLASS - 2,28-302.4,Failure to File Facade Technical Report,OPEN,230,0.0,0.0
37024694K,12/9/2022,4436341,170-30, 130 AVENUE,QUEENS,412,CLASS - 2,28-302.4,Failure to File Facade Technical Report,OPEN,230,0.0,0.0
37024695M,12/9/2022,4436342,170-40, 130 AVENUE,QUEENS,412,CLASS - 2,28-302.4,Failure to File Facade Technical Report,OPEN,230,0.0,0.0
37024697X,12/9/2022,4436343,172-10, 133 AVENUE,QUEENS,412,CLASS - 2,28-302.4,Failure to File Facade Technical Report,OPEN,230,0.0,0.0
37024698H,12/9/2022,4436344,172-20, 133 AVENUE,QUEENS,412,CLASS - 2,28-302.4,Failure to File Facade Technical Report,OPEN,230,0.0,0.0
37024699J,12/9/2022,4436345,172-30, 133 AVENUE,QUEENS,412,CLASS - 2,28-302.4,Failure to File Facade Technical Report,OPEN,230,0.0,0.0
37024700H,12/9/2022,4436346,172-40, 133 AVENUE,QUEENS,412,CLASS - 2,28-302.4,Failure to File Facade Technical Report,OPEN,230,0.0,0.0
37024701J,12/9/2022,4436350,134-15, 166 PLACE,QUEENS,412,CLASS - 2,28-302.4,Failure to File Facade Technical Report,OPEN,230,0.0,0.0
37024702L,12/9/2022,4436351,134-25, 166 PLACE,QUEENS,412,CLASS - 2,28-302.4,Failure to File Facade Technical Report,OPEN,230,0.0,0.0
37024703N,12/9/2022,4436352,134-35, 166 PLACE,QUEENS,412,CLASS - 2,28-302.4,Failure to File Facade Technical Report,OPEN,230,0.0,0.0
37024704P,12/9/2022,4436353,134-45, 166 PLACE,QUEENS,412,CLASS - 2,28-302.4,Failure to File Facade Technical Report,OPEN,230,0.0,0.0
37024705R,12/9/2022,4436357,163-15, 130 AVENUE,QUEENS,412,CLASS - 2,28-302.4,Failure to File Facade Technical Report,OPEN,230,0.0,0.0
37024707K,12/9/2022,4116412,138-70,ELDER AVENUE,QUEENS,407,CLASS - 2,28-302.4,Failure to File Facade Technical Report,OPEN,230,0.0,0.0
37024709Y,12/9/2022,4116426,137-40,  45 AVENUE,QUEENS,407,CLASS - 2,28-302.4,Failure to File Facade Technical Report,OPEN,230,0.0,0.0
37024711N,12/9/2022,3206459,1655,FLATBUSH AVENUE,BROOKLYN,318,CLASS - 2,28-302.4,Failure to File Facade Technical Report,OPEN,230,0.0,0.0
37024718X,12/9/2022,1006500,345,EAST   12 STREET,MANHATTAN,103,CLASS - 2,28-302.4,Failure to File Facade Technical Report,OPEN,230,0.0,0.0
37024719H,12/9/2022,1006511,310,EAST   14 STREET,MANHATTAN,103,CLASS - 2,28-302.4,Failure to File Facade Technical Report,OPEN,230,0.0,0.0
37024723K,12/9/2022,1006576,57,   2 AVENUE,MANHATTAN,103,CLASS - 2,28-302.4,Failure to File Facade Technical Report,OPEN,230,0.0,0.0
37024725Y,12/9/2022,2016582,2965,DECATUR AVENUE,BRONX,207,CLASS - 2,28-302.4,Failure to File Facade Technical Report,OPEN,230,0.0,0.0
37024726X,12/9/2022,3056589,277,GATES AVENUE,BROOKLYN,303,CLASS - 2,28-302.4,Failure to File Facade Technical Report,OPEN,230,0.0,0.0
37024727H,12/9/2022,1056590,902,AMSTERDAM AVENUE,MANHATTAN,107,CLASS - 2,28-302.4,Failure to File Facade Technical Report,OPEN,230,0.0,0.0
37024729L,12/9/2022,2006595,1202,SPOFFORD AVENUE,BRONX,202,CLASS - 2,28-302.4,Failure to File Facade Technical Report,OPEN,230,0.0,0.0
37024734X,12/9/2022,3206621,1401,OCEAN AVENUE,BROOKLYN,314,CLASS - 2,28-302.4,Failure to File Facade Technical Report,OPEN,230,0.0,0.0
37024740M,12/9/2022,1056656,203,WEST  107 STREET,MANHATTAN,107,CLASS - 2,28-302.4,Failure to File Facade Technical Report,OPEN,230,0.0,0.0
37024741Y,12/9/2022,1056657,960,AMSTERDAM AVENUE,MANHATTAN,107,CLASS - 2,28-302.4,Failure to File Facade Technical Report,OPEN,230,0.0,0.0
37024742X,12/9/2022,1056660,204,WEST  108 STREET,MANHATTAN,107,CLASS - 2,28-302.4,Failure to File Facade Technical Report,OPEN,230,0.0,0.0
37024743H,12/9/2022,3116661,123,LINDEN BOULEVARD,BROOKLYN,317,CLASS - 2,28-302.4,Failure to File Facade Technical Report,OPEN,230,0.0,0.0
37024745L,12/9/2022,2086691,1876,BELMONT AVENUE,BRONX,206,CLASS - 2,28-302.4,Failure to File Facade Technical Report,OPEN,230,0.0,0.0
37024746N,12/9/2022,3116695,171,LINDEN BOULEVARD,BROOKLYN,317,CLASS - 2,28-302.4,Failure to File Facade Technical Report,OPEN,230,0.0,0.0
37024747P,12/9/2022,3116719,61,MARTENSE STREET,BROOKLYN,314,CLASS - 2,28-302.4,Failure to File Facade Technical Report,OPEN,230,0.0,0.0
37024748R,12/9/2022,1016745,352,PARK AVENUE SOUTH,MANHATTAN,105,CLASS - 2,28-302.4,Failure to File Facade Technical Report,OPEN,230,0.0,0.0
37024749Z,12/9/2022,1016749,35,MADISON AVENUE,MANHATTAN,105,CLASS - 2,28-302.4,Failure to File Facade Technical Report,OPEN,230,0.0,0.0
37024755P,12/9/2022,1026799,424,WEST   55 STREET,MANHATTAN,104,CLASS - 2,28-302.4,Failure to File Facade Technical Report,OPEN,230,0.0,0.0
37024760J,12/9/2022,2016875,2830,BRIGGS AVENUE,BRONX,207,CLASS - 2,28-302.4,Failure to File Facade Technical Report,OPEN,230,0.0,0.0
37024761L,12/9/2022,1016876,11,EAST   26 STREET,MANHATTAN,105,CLASS - 2,28-302.4,Failure to File Facade Technical Report,OPEN,230,0.0,0.0
37024763P,12/9/2022,3396896,25,MONTROSE AVENUE,BROOKLYN,301,CLASS - 2,28-302.4,Failure to File Facade Technical Report,OPEN,230,0.0,0.0
37024764R,12/9/2022,5156898,4401,VICTORY BOULEVARD,STATEN ISLAND,502,CLASS - 2,28-302.4,Failure to File Facade Technical Report,OPEN,230,0.0,0.0
37024767M,12/9/2022,4536915,21-24,  30 AVENUE,QUEENS,401,CLASS - 2,28-302.4,Failure to File Facade Technical Report,OPEN,230,0.0,0.0
37024769X,12/9/2022,4596916,123-28,  82 AVENUE,QUEENS,409,CLASS - 2,28-302.4,Failure to File Facade Technical Report,OPEN,230,0.0,0.0
37024771P,12/9/2022,1016935,434,PARK AVENUE SOUTH,MANHATTAN,105,CLASS - 2,28-302.4,Failure to File Facade Technical Report,OPEN,230,0.0,0.0
37024772R,12/9/2022,4036976,41-44,  76 STREET,QUEENS,404,CLASS - 2,28-302.4,Failure to File Facade Technical Report,OPEN,230,0.0,0.0
37024773Z,12/9/2022,2016980,306,EAST MOSHOLU PARKWAY SOUTH,BRONX,207,CLASS - 2,28-302.4,Failure to File Facade Technical Report,OPEN,230,0.0,0.0
37024774K,12/9/2022,1057000,502,WEST  113 STREET,MANHATTAN,109,CLASS - 2,28-302.4,Failure to File Facade Technical Report,OPEN,230,0.0,0.0
37024775M,12/9/2022,1057001,506,WEST  113 STREET,MANHATTAN,109,CLASS - 2,28-302.4,Failure to File Facade Technical Report,OPEN,230,0.0,0.0
37024777X,12/9/2022,1057004,530,WEST  113 STREET,MANHATTAN,109,CLASS - 2,28-302.4,Failure to File Facade Technical Report,OPEN,230,0.0,0.0
37024778H,12/9/2022,1057005,536,WEST  113 STREET,MANHATTAN,109,CLASS - 2,28-302.4,Failure to File Facade Technical Report,OPEN,230,0.0,0.0
37024779J,12/9/2022,4037020,41-41,  76 STREET,QUEENS,404,CLASS - 2,28-302.4,Failure to File Facade Technical Report,OPEN,230,0.0,0.0
37024780R,12/9/2022,1057030,507,WEST  113 STREET,MANHATTAN,109,CLASS - 2,28-302.4,Failure to File Facade Technical Report,OPEN,230,0.0,0.0
37024783M,12/9/2022,3397070,1,MIDDLETON STREET,BROOKLYN,301,CLASS - 2,28-302.4,Failure to File Facade Technical Report,OPEN,230,0.0,0.0
37024784Y,12/9/2022,1007074,62,GRAND STREET,MANHATTAN,102,CLASS - 2,28-302.4,Failure to File Facade Technical Report,OPEN,230,0.0,0.0
37024785X,12/9/2022,3197094,2421,OCEAN AVENUE,BROOKLYN,315,CLASS - 2,28-302.4,Failure to File Facade Technical Report,OPEN,230,0.0,0.0
37024786H,12/9/2022,1017098,185,MADISON AVENUE,MANHATTAN,106,CLASS - 2,28-302.4,Failure to File Facade Technical Report,OPEN,230,0.0,0.0
37024787J,12/9/2022,1087100,50,MADISON AVENUE,MANHATTAN,105,CLASS - 2,28-302.4,Failure to File Facade Technical Report,OPEN,230,0.0,0.0
37024788L,12/9/2022,1017104,55,EAST   34 STREET,MANHATTAN,106,CLASS - 2,28-302.4,Failure to File Facade Technical Report,OPEN,230,0.0,0.0
37024792Y,12/9/2022,1017120,1,EAST   35 STREET,MANHATTAN,105,CLASS - 2,28-302.4,Failure to File Facade Technical Report,OPEN,230,0.0,0.0
37024795J,12/9/2022,1017134,385,   5 AVENUE,MANHATTAN,105,CLASS - 2,28-302.4,Failure to File Facade Technical Report,OPEN,230,0.0,0.0
37024796L,12/9/2022,2017135,2720,GRAND CONCOURSE,BRONX,207,CLASS - 2,28-302.4,Failure to File Facade Technical Report,OPEN,230,0.0,0.0
37024798P,12/9/2022,2017136,2701,VALENTINE AVENUE,BRONX,207,CLASS - 2,28-302.4,Failure to File Facade Technical Report,OPEN,230,0.0,0.0
37024799R,12/9/2022,4117141,140-70,ASH AVENUE,QUEENS,407,CLASS - 2,28-302.4,Failure to File Facade Technical Report,OPEN,230,0.0,0.0
37024800P,12/9/2022,4117142,42-40,BOWNE STREET,QUEENS,407,CLASS - 2,28-302.4,Failure to File Facade Technical Report,OPEN,230,0.0,0.0
37024802Z,12/9/2022,2017145,2842,GRAND CONCOURSE,BRONX,207,CLASS - 2,28-302.4,Failure to File Facade Technical Report,OPEN,230,0.0,0.0
37024803K,12/9/2022,2117147,681,ELTON AVENUE,BRONX,201,CLASS - 2,28-302.4,Failure to File Facade Technical Report,OPEN,230,0.0,0.0
37024805Y,12/9/2022,1087150,2101,LEXINGTON AVENUE,MANHATTAN,111,CLASS - 2,28-302.4,Failure to File Facade Technical Report,OPEN,230,0.0,0.0
37024811K,12/9/2022,1087212,138,EAST  112 STREET,MANHATTAN,111,CLASS - 2,28-302.4,Failure to File Facade Technical Report,OPEN,230,0.0,0.0
37024813Y,12/9/2022,4037224,41-67,JUDGE STREET,QUEENS,404,CLASS - 2,28-302.4,Failure to File Facade Technical Report,OPEN,230,0.0,0.0
37024815H,12/9/2022,1007247,96,MERCER STREET,MANHATTAN,102,CLASS - 2,28-302.4,Failure to File Facade Technical Report,OPEN,230,0.0,0.0
37024816J,12/9/2022,1007248,525,BROADWAY,MANHATTAN,102,CLASS - 2,28-302.4,Failure to File Facade Technical Report,OPEN,230,0.0,0.0
37024824J,12/9/2022,4037308,42-02,LAYTON STREET,QUEENS,404,CLASS - 2,28-302.4,Failure to File Facade Technical Report,OPEN,230,0.0,0.0
37024827P,12/9/2022,1087318,228,EAST    3 STREET,MANHATTAN,103,CLASS - 2,28-302.4,Failure to File Facade Technical Report,OPEN,230,0.0,0.0
37024829Z,12/9/2022,2127321,1925,EASTCHESTER ROAD,BRONX,211,CLASS - 2,28-302.4,Failure to File Facade Technical Report,OPEN,230,0.0,0.0
37024831H,12/9/2022,1057337,2891,BROADWAY,MANHATTAN,109,CLASS - 2,28-302.4,Failure to File Facade Technical Report,OPEN,230,0.0,0.0
37024832J,12/9/2022,1087340,240,EAST   39 STREET,MANHATTAN,106,CLASS - 2,28-302.4,Failure to File Facade Technical Report,OPEN,230,0.0,0.0
37024833L,12/9/2022,1057340,610,WEST  113 STREET,MANHATTAN,109,CLASS - 2,28-302.4,Failure to File Facade Technical Report,OPEN,230,0.0,0.0
37024835P,12/9/2022,1057348,615,WEST  113 STREET,MANHATTAN,109,CLASS - 2,28-302.4,Failure to File Facade Technical Report,OPEN,230,0.0,0.0
37024839M,12/9/2022,1057350,601,WEST  113 STREET,MANHATTAN,109,CLASS - 2,28-302.4,Failure to File Facade Technical Report,OPEN,230,0.0,0.0
37024840J,12/9/2022,1087353,242,EAST    2 STREET,MANHATTAN,103,CLASS - 2,28-302.4,Failure to File Facade Technical Report,OPEN,230,0.0,0.0
37024841L,12/9/2022,1007361,75,THOMPSON STREET,MANHATTAN,102,CLASS - 2,28-302.4,Failure to File Facade Technical Report,OPEN,230,0.0,0.0
37024843P,12/9/2022,2057363,3604,OLINVILLE AVENUE,BRONX,212,CLASS - 2,28-302.4,Failure to File Facade Technical Report,OPEN,230,0.0,0.0
37024845Z,12/9/2022,1057370,610,WEST  115 STREET,MANHATTAN,109,CLASS - 2,28-302.4,Failure to File Facade Technical Report,OPEN,230,0.0,0.0
37024846K,12/9/2022,1057371,612,WEST  115 STREET,MANHATTAN,109,CLASS - 2,28-302.4,Failure to File Facade Technical Report,OPEN,230,0.0,0.0
37024847M,12/9/2022,1057378,617,WEST  115 STREET,MANHATTAN,109,CLASS - 2,28-302.4,Failure to File Facade Technical Report,OPEN,230,0.0,0.0
37024849X,12/9/2022,2007388,201,EAST MOUNT EDEN AVENUE,BRONX,204,CLASS - 2,28-302.4,Failure to File Facade Technical Report,OPEN,230,0.0,0.0
37024850N,12/9/2022,2127408,1342,CLINTON AVENUE,BRONX,203,CLASS - 2,28-302.4,Failure to File Facade Technical Report,OPEN,230,0.0,0.0
37024851P,12/9/2022,2017427,2701,GRAND CONCOURSE,BRONX,207,CLASS - 2,28-302.4,Failure to File Facade Technical Report,OPEN,230,0.0,0.0
37024852R,12/9/2022,2017428,2685,GRAND CONCOURSE,BRONX,207,CLASS - 2,28-302.4,Failure to File Facade Technical Report,OPEN,230,0.0,0.0
37024853Z,12/9/2022,2017429,2675,GRAND CONCOURSE,BRONX,207,CLASS - 2,28-302.4,Failure to File Facade Technical Report,OPEN,230,0.0,0.0
37024854K,12/9/2022,2127430,2026,WESTCHESTER AVENUE,BRONX,209,CLASS - 2,28-302.4,Failure to File Facade Technical Report,OPEN,230,0.0,0.0
37024857X,12/9/2022,1087432,227,EAST    3 STREET,MANHATTAN,103,CLASS - 2,28-302.4,Failure to File Facade Technical Report,OPEN,230,0.0,0.0
37024861Z,12/9/2022,2017465,2805,GRAND CONCOURSE,BRONX,207,CLASS - 2,28-302.4,Failure to File Facade Technical Report,OPEN,230,0.0,0.0
37024862K,12/9/2022,1027465,1889,BROADWAY,MANHATTAN,107,CLASS - 2,28-302.4,Failure to File Facade Technical Report,OPEN,230,0.0,0.0
37024864Y,12/9/2022,1027468,3,WEST   63 STREET,MANHATTAN,107,CLASS - 2,28-302.4,Failure to File Facade Technical Report,OPEN,230,0.0,0.0
37024865X,12/9/2022,4037472,42-29,JUDGE STREET,QUEENS,404,CLASS - 2,28-302.4,Failure to File Facade Technical Report,OPEN,230,0.0,0.0
37024866H,12/9/2022,1087475,2785,   8 AVENUE,MANHATTAN,110,CLASS - 2,28-302.4,Failure to File Facade Technical Report,OPEN,230,0.0,0.0
37024867J,12/9/2022,2027476,1349,STRATFORD AVENUE,BRONX,209,CLASS - 2,28-302.4,Failure to File Facade Technical Report,OPEN,230,0.0,0.0
37024868L,12/9/2022,3397489,212,SOUTH OXFORD STREET,BROOKLYN,302,CLASS - 2,28-302.4,Failure to File Facade Technical Report,OPEN,230,0.0,0.0
37024869N,12/9/2022,1087489,44,MARKET STREET,MANHATTAN,103,CLASS - 2,28-302.4,Failure to File Facade Technical Report,OPEN,230,0.0,0.0
37024870K,12/9/2022,2007497,1776,TOPPING AVENUE,BRONX,205,CLASS - 2,28-302.4,Failure to File Facade Technical Report,OPEN,230,0.0,0.0
37024877N,12/9/2022,1087555,325,WEST   13 STREET,MANHATTAN,102,CLASS - 2,28-302.4,Failure to File Facade Technical Report,OPEN,230,0.0,0.0
37024879R,12/9/2022,1087557,92,GREENE STREET,MANHATTAN,102,CLASS - 2,28-302.4,Failure to File Facade Technical Report,OPEN,230,0.0,0.0
37024880Y,12/9/2022,3807577,47,BROADWAY,BROOKLYN,301,CLASS - 2,28-302.4,Failure to File Facade Technical Report,OPEN,230,0.0,0.0
37024882H,12/9/2022,1017589,271,MADISON AVENUE,MANHATTAN,106,CLASS - 2,28-302.4,Failure to File Facade Technical Report,OPEN,230,0.0,0.0
37024889K,12/9/2022,4467618,28-21,ASTORIA BOULEVARD,QUEENS,401,CLASS - 2,28-302.4,Failure to File Facade Technical Report,OPEN,230,0.0,0.0
37024895R,12/9/2022,3017631,266,  22 STREET,BROOKLYN,307,CLASS - 2,28-302.4,Failure to File Facade Technical Report,OPEN,230,0.0,0.0
37024898M,12/9/2022,2117673,3435,BRUCKNER BOULEVARD,BRONX,210,CLASS - 2,28-302.4,Failure to File Facade Technical Report,OPEN,230,0.0,0.0
37024899Y,12/9/2022,2017681,31,WEST MOSHOLU PARKWAY NORTH,BRONX,207,CLASS - 2,28-302.4,Failure to File Facade Technical Report,OPEN,230,0.0,0.0
37024900M,12/9/2022,2017687,3450,GATES PLACE,BRONX,207,CLASS - 2,28-302.4,Failure to File Facade Technical Report,OPEN,230,0.0,0.0
37024902X,12/9/2022,1067716,302,WEST   12 STREET,MANHATTAN,102,CLASS - 2,28-302.4,Failure to File Facade Technical Report,OPEN,230,0.0,0.0
37024905L,12/9/2022,4457744,116-11, 157 STREET,QUEENS,412,CLASS - 2,28-302.4,Failure to File Facade Technical Report,OPEN,230,0.0,0.0
37024906N,12/9/2022,4457745,116-31, 157 STREET,QUEENS,412,CLASS - 2,28-302.4,Failure to File Facade Technical Report,OPEN,230,0.0,0.0
37024907P,12/9/2022,4457746,116-51, 157 STREET,QUEENS,412,CLASS - 2,28-302.4,Failure to File Facade Technical Report,OPEN,230,0.0,0.0
37024910X,12/9/2022,1077762,192,AVENUE OF THE AMERICAS,MANHATTAN,102,CLASS - 2,28-302.4,Failure to File Facade Technical Report,OPEN,230,0.0,0.0
37024911H,12/9/2022,3387768,284,WALLABOUT STREET,BROOKLYN,301,CLASS - 2,28-302.4,Failure to File Facade Technical Report,OPEN,230,0.0,0.0
37024912J,12/9/2022,1087790,263,WEST  153 STREET,MANHATTAN,110,CLASS - 2,28-302.4,Failure to File Facade Technical Report,OPEN,230,0.0,0.0
37024914N,12/9/2022,3337808,506,   6 STREET,BROOKLYN,306,CLASS - 2,28-302.4,Failure to File Facade Technical Report,OPEN,230,0.0,0.0
37024915P,12/9/2022,1007814,96,SULLIVAN STREET,MANHATTAN,102,CLASS - 2,28-302.4,Failure to File Facade Technical Report,OPEN,230,0.0,0.0
37024916R,12/9/2022,2117814,245,EAST MOSHOLU PARKWAY NORTH,BRONX,207,CLASS - 2,28-302.4,Failure to File Facade Technical Report,OPEN,230,0.0,0.0
37024918K,12/9/2022,3397828,143,SKILLMAN AVENUE,BROOKLYN,301,CLASS - 2,28-302.4,Failure to File Facade Technical Report,OPEN,230,0.0,0.0
37024919M,12/9/2022,3027840,491,BERGEN STREET,BROOKLYN,308,CLASS - 2,28-302.4,Failure to File Facade Technical Report,OPEN,230,0.0,0.0
37024920J,12/9/2022,1087857,114,WEST   40 STREET,MANHATTAN,105,CLASS - 2,28-302.4,Failure to File Facade Technical Report,OPEN,230,0.0,0.0
37024921L,12/9/2022,3397860,431,GRAND STREET,BROOKLYN,301,CLASS - 2,28-302.4,Failure to File Facade Technical Report,OPEN,230,0.0,0.0
37024924R,12/9/2022,4207877,84-35,LANDER STREET,QUEENS,408,CLASS - 2,28-302.4,Failure to File Facade Technical Report,OPEN,230,0.0,0.0
37024925Z,12/9/2022,3247881,2800,COYLE STREET,BROOKLYN,315,CLASS - 2,28-302.4,Failure to File Facade Technical Report,OPEN,230,0.0,0.0
37024926K,12/9/2022,1012223,450,WEST   14 STREET,MANHATTAN,102,CLASS - 2,28-302.4,Failure to File Facade Technical Report,OPEN,230,0.0,0.0
37024927M,12/9/2022,1013566,335,WEST   35 STREET,MANHATTAN,104,CLASS - 2,28-302.4,Failure to File Facade Technical Report,OPEN,230,0.0,0.0
37024930N,12/9/2022,2007884,1815,MORRIS AVENUE,BRONX,205,CLASS - 2,28-302.4,Failure to File Facade Technical Report,OPEN,230,0.0,0.0
37024931P,12/9/2022,4137890,42-41, 201 STREET,QUEENS,411,CLASS - 2,28-302.4,Failure to File Facade Technical Report,OPEN,230,0.0,0.0
37024934K,12/9/2022,3247918,3845,BELT PARKWAY,BROOKLYN,315,CLASS - 2,28-302.4,Failure to File Facade Technical Report,OPEN,230,0.0,0.0
37024935M,12/9/2022,4537924,170-06,BAISLEY BOULEVARD,QUEENS,412,CLASS - 2,28-302.4,Failure to File Facade Technical Report,OPEN,230,0.0,0.0
37024937X,12/9/2022,4047929,59-21,CALLOWAY STREET,QUEENS,404,CLASS - 2,28-302.4,Failure to File Facade Technical Report,OPEN,230,0.0,0.0
37024939J,12/9/2022,1087931,44,CONVENT AVENUE,MANHATTAN,109,CLASS - 2,28-302.4,Failure to File Facade Technical Report,OPEN,230,0.0,0.0
37024942K,12/9/2022,1087984,58,EAST  132 STREET,MANHATTAN,111,CLASS - 2,28-302.4,Failure to File Facade Technical Report,OPEN,230,0.0,0.0
37024943M,12/9/2022,2018006,3191,ROCHAMBEAU AVENUE,BRONX,207,CLASS - 2,28-302.4,Failure to File Facade Technical Report,OPEN,230,0.0,0.0
37024946H,12/9/2022,2008010,1505,GRAND CONCOURSE,BRONX,204,CLASS - 2,28-302.4,Failure to File Facade Technical Report,OPEN,230,0.0,0.0
37024947J,12/9/2022,3398010,1495,EAST   28 STREET,BROOKLYN,315,CLASS - 2,28-302.4,Failure to File Facade Technical Report,OPEN,230,0.0,0.0
37024948L,12/9/2022,1008012,155,WOOSTER STREET,MANHATTAN,102,CLASS - 2,28-302.4,Failure to File Facade Technical Report,OPEN,230,0.0,0.0
37024949N,12/9/2022,2008012,1555,GRAND CONCOURSE,BRONX,204,CLASS - 2,28-302.4,Failure to File Facade Technical Report,OPEN,230,0.0,0.0
37024951M,12/9/2022,3328017,331,ALABAMA AVENUE,BROOKLYN,305,CLASS - 2,28-302.4,Failure to File Facade Technical Report,OPEN,230,0.0,0.0
37024952Y,12/9/2022,3328018,585,BLAKE AVENUE,BROOKLYN,305,CLASS - 2,28-302.4,Failure to File Facade Technical Report,OPEN,230,0.0,0.0
37024955J,12/9/2022,2008037,1295,GRAND CONCOURSE,BRONX,204,CLASS - 2,28-302.4,Failure to File Facade Technical Report,OPEN,230,0.0,0.0
37024957N,12/9/2022,4538066,136-16,  31 ROAD,QUEENS,407,CLASS - 2,28-302.4,Failure to File Facade Technical Report,OPEN,230,0.0,0.0
37024959R,12/9/2022,2008110,1465,TOWNSEND AVENUE,BRONX,204,CLASS - 2,28-302.4,Failure to File Facade Technical Report,OPEN,230,0.0,0.0
37024960Y,12/9/2022,1078112,30,GREENWICH AVENUE,MANHATTAN,102,CLASS - 2,28-302.4,Failure to File Facade Technical Report,OPEN,230,0.0,0.0
37024961X,12/9/2022,2008123,1550,TOWNSEND AVENUE,BRONX,204,CLASS - 2,28-302.4,Failure to File Facade Technical Report,OPEN,230,0.0,0.0
37024962H,12/9/2022,2008124,1560,TOWNSEND AVENUE,BRONX,204,CLASS - 2,28-302.4,Failure to File Facade Technical Report,OPEN,230,0.0,0.0
37024964L,12/9/2022,2008130,1525,WALTON AVENUE,BRONX,204,CLASS - 2,28-302.4,Failure to File Facade Technical Report,OPEN,230,0.0,0.0
37024965N,12/9/2022,1088132,620,WEST  143 STREET,MANHATTAN,109,CLASS - 2,28-302.4,Failure to File Facade Technical Report,OPEN,230,0.0,0.0
37024966P,12/9/2022,3398137,168,KOSCIUSZKO STREET,BROOKLYN,303,CLASS - 2,28-302.4,Failure to File Facade Technical Report,OPEN,230,0.0,0.0
37024967R,12/9/2022,2008143,1525,TOWNSEND AVENUE,BRONX,204,CLASS - 2,28-302.4,Failure to File Facade Technical Report,OPEN,230,0.0,0.0
37024968Z,12/9/2022,2008144,1501,TOWNSEND AVENUE,BRONX,204,CLASS - 2,28-302.4,Failure to File Facade Technical Report,OPEN,230,0.0,0.0
37024970H,12/9/2022,4028174,55-05,WOODSIDE AVENUE,QUEENS,402,CLASS - 2,28-302.4,Failure to File Facade Technical Report,OPEN,230,0.0,0.0
37024971J,12/9/2022,2098174,1050,ANDERSON AVENUE,BRONX,204,CLASS - 2,28-302.4,Failure to File Facade Technical Report,OPEN,230,0.0,0.0
37024972L,12/9/2022,2118175,150,FEATHERBED LANE,BRONX,205,CLASS - 2,28-302.4,Failure to File Facade Technical Report,OPEN,230,0.0,0.0
37024973N,12/9/2022,1088207,2,COOPER SQUARE,MANHATTAN,102,CLASS - 2,28-302.4,Failure to File Facade Technical Report,OPEN,230,0.0,0.0
37024974P,12/9/2022,1088211,229,EAST   13 STREET,MANHATTAN,103,CLASS - 2,28-302.4,Failure to File Facade Technical Report,OPEN,230,0.0,0.0
37024975R,12/9/2022,1088213,533,EAST   12 STREET,MANHATTAN,103,CLASS - 2,28-302.4,Failure to File Facade Technical Report,OPEN,230,0.0,0.0
37024976Z,12/9/2022,2088218,280,EAST  170 STREET,BRONX,204,CLASS - 2,28-302.4,Failure to File Facade Technical Report,OPEN,230,0.0,0.0
37024977K,12/9/2022,1088223,62,MULBERRY STREET,MANHATTAN,103,CLASS - 2,28-302.4,Failure to File Facade Technical Report,OPEN,230,0.0,0.0
37024978M,12/9/2022,1028234,50,WEST   67 STREET,MANHATTAN,107,CLASS - 2,28-302.4,Failure to File Facade Technical Report,OPEN,230,0.0,0.0
37024981N,12/9/2022,3398246,3015,BRIGHTON    6 STREET,BROOKLYN,313,CLASS - 2,28-302.4,Failure to File Facade Technical Report,OPEN,230,0.0,0.0
37024982P,12/9/2022,1058250,174,WEST  135 STREET,MANHATTAN,110,CLASS - 2,28-302.4,Failure to File Facade Technical Report,OPEN,230,0.0,0.0
37024983R,12/9/2022,2018258,3530,BAINBRIDGE AVENUE,BRONX,207,CLASS - 2,28-302.4,Failure to File Facade Technical Report,OPEN,230,0.0,0.0
37024986M,12/9/2022,1088270,2223,   3 AVENUE,MANHATTAN,111,CLASS - 2,28-302.4,Failure to File Facade Technical Report,OPEN,230,0.0,0.0
37024994M,12/9/2022,4048317,108-25,LONG ISLAND EXPRESSWAY,QUEENS,404,CLASS - 2,28-302.4,Failure to File Facade Technical Report,OPEN,230,0.0,0.0
37024996X,12/9/2022,1088323,52,MULBERRY STREET,MANHATTAN,103,CLASS - 2,28-302.4,Failure to File Facade Technical Report,OPEN,230,0.0,0.0
37024998J,12/9/2022,1018330,175,LEXINGTON AVENUE,MANHATTAN,106,CLASS - 2,28-302.4,Failure to File Facade Technical Report,OPEN,230,0.0,0.0
37025001N,12/9/2022,2008337,11,WEST  172 STREET,BRONX,204,CLASS - 2,28-302.4,Failure to File Facade Technical Report,OPEN,230,0.0,0.0
37025002P,12/9/2022,2028349,1110,WYATT STREET,BRONX,206,CLASS - 2,28-302.4,Failure to File Facade Technical Report,OPEN,230,0.0,0.0
37025003R,12/9/2022,2028350,1120,WYATT STREET,BRONX,206,CLASS - 2,28-302.4,Failure to File Facade Technical Report,OPEN,230,0.0,0.0
37025004Z,12/9/2022,2128360,1000,FOX STREET,BRONX,202,CLASS - 2,28-302.4,Failure to File Facade Technical Report,OPEN,230,0.0,0.0
37025005K,12/9/2022,3378371,270,WALLABOUT STREET,BROOKLYN,301,CLASS - 2,28-302.4,Failure to File Facade Technical Report,OPEN,230,0.0,0.0
37025006M,12/9/2022,3378372,274,WALLABOUT STREET,BROOKLYN,301,CLASS - 2,28-302.4,Failure to File Facade Technical Report,OPEN,230,0.0,0.0
37025007Y,12/9/2022,3378374,282,WALLABOUT STREET,BROOKLYN,301,CLASS - 2,28-302.4,Failure to File Facade Technical Report,OPEN,230,0.0,0.0
37025008X,12/9/2022,3378376,294,WALLABOUT STREET,BROOKLYN,301,CLASS - 2,28-302.4,Failure to File Facade Technical Report,OPEN,230,0.0,0.0
37025010P,12/9/2022,3138388,1370,  51 STREET,BROOKLYN,312,CLASS - 2,28-302.4,Failure to File Facade Technical Report,OPEN,230,0.0,0.0
37025011R,12/9/2022,3398406,60,WATER STREET,BROOKLYN,302,CLASS - 2,28-302.4,Failure to File Facade Technical Report,OPEN,230,0.0,0.0
37025013K,12/9/2022,3398446,90,FURMAN STREET,BROOKLYN,302,CLASS - 2,28-302.4,Failure to File Facade Technical Report,OPEN,230,0.0,0.0
37025014M,12/9/2022,1008448,27,BLEECKER STREET,MANHATTAN,102,CLASS - 2,28-302.4,Failure to File Facade Technical Report,OPEN,230,0.0,0.0
37025016X,12/9/2022,2008452,1664,MACOMBS ROAD,BRONX,205,CLASS - 2,28-302.4,Failure to File Facade Technical Report,OPEN,230,0.0,0.0
37025017H,12/9/2022,2008453,1674,MACOMBS ROAD,BRONX,205,CLASS - 2,28-302.4,Failure to File Facade Technical Report,OPEN,230,0.0,0.0
37025020Z,12/9/2022,1088475,2070,   7 AVENUE,MANHATTAN,110,CLASS - 2,28-302.4,Failure to File Facade Technical Report,OPEN,230,0.0,0.0
37025022M,12/9/2022,3398501,5,MIDDLETON STREET,BROOKLYN,301,CLASS - 2,28-302.4,Failure to File Facade Technical Report,OPEN,230,0.0,0.0
37025027L,12/9/2022,1048537,238,EAST   81 STREET,MANHATTAN,108,CLASS - 2,28-302.4,Failure to File Facade Technical Report,OPEN,230,0.0,0.0
37025028N,12/9/2022,1048542,228,EAST   81 STREET,MANHATTAN,108,CLASS - 2,28-302.4,Failure to File Facade Technical Report,OPEN,230,0.0,0.0
37025029P,12/9/2022,4538549,39-05,  29 STREET,QUEENS,401,CLASS - 2,28-302.4,Failure to File Facade Technical Report,OPEN,230,0.0,0.0
37025030M,12/9/2022,2008582,1804,HARRISON AVENUE,BRONX,205,CLASS - 2,28-302.4,Failure to File Facade Technical Report,OPEN,230,0.0,0.0
37025031Y,12/9/2022,2018590,3273,PARKSIDE PLACE,BRONX,207,CLASS - 2,28-302.4,Failure to File Facade Technical Report,OPEN,230,0.0,0.0
37025032X,12/9/2022,2008602,1878,HARRISON AVENUE,BRONX,205,CLASS - 2,28-302.4,Failure to File Facade Technical Report,OPEN,230,0.0,0.0
37025034J,12/9/2022,1058613,2294,   8 AVENUE,MANHATTAN,110,CLASS - 2,28-302.4,Failure to File Facade Technical Report,OPEN,230,0.0,0.0
37025035L,12/9/2022,2128618,1351,BOSTON ROAD,BRONX,203,CLASS - 2,28-302.4,Failure to File Facade Technical Report,OPEN,230,0.0,0.0
37025037P,12/9/2022,1008629,250,MERCER STREET,MANHATTAN,102,CLASS - 2,28-302.4,Failure to File Facade Technical Report,OPEN,230,0.0,0.0
37025040X,12/9/2022,2018647,3525,DECATUR AVENUE,BRONX,207,CLASS - 2,28-302.4,Failure to File Facade Technical Report,OPEN,230,0.0,0.0
37025042J,12/9/2022,2018651,3522,DECATUR AVENUE,BRONX,207,CLASS - 2,28-302.4,Failure to File Facade Technical Report,OPEN,230,0.0,0.0
37025045P,12/9/2022,1088671,225,WEST  123 STREET,MANHATTAN,110,CLASS - 2,28-302.4,Failure to File Facade Technical Report,OPEN,230,0.0,0.0
37025046R,12/9/2022,1038671,308,EAST   44 STREET,MANHATTAN,106,CLASS - 2,28-302.4,Failure to File Facade Technical Report,OPEN,230,0.0,0.0
37025049M,12/9/2022,1088682,31,MONROE STREET,MANHATTAN,103,CLASS - 2,28-302.4,Failure to File Facade Technical Report,OPEN,230,0.0,0.0
37025050J,12/9/2022,2128697,1417,LONGFELLOW AVENUE,BRONX,203,CLASS - 2,28-302.4,Failure to File Facade Technical Report,OPEN,230,0.0,0.0
37025051L,12/9/2022,1088698,21,EAST    1 STREET,MANHATTAN,103,CLASS - 2,28-302.4,Failure to File Facade Technical Report,OPEN,230,0.0,0.0
37025053P,12/9/2022,3388748,268,WALLABOUT STREET,BROOKLYN,301,CLASS - 2,28-302.4,Failure to File Facade Technical Report,OPEN,230,0.0,0.0
37025054R,12/9/2022,3388749,290,WALLABOUT STREET,BROOKLYN,301,CLASS - 2,28-302.4,Failure to File Facade Technical Report,OPEN,230,0.0,0.0
37025055Z,12/9/2022,3388750,298,WALLABOUT STREET,BROOKLYN,301,CLASS - 2,28-302.4,Failure to File Facade Technical Report,OPEN,230,0.0,0.0
37025056K,12/9/2022,3388752,593,FLUSHING AVENUE,BROOKLYN,301,CLASS - 2,28-302.4,Failure to File Facade Technical Report,OPEN,230,0.0,0.0
37025060N,12/9/2022,1008773,419,LAFAYETTE STREET,MANHATTAN,102,CLASS - 2,28-302.4,Failure to File Facade Technical Report,OPEN,230,0.0,0.0
37025065M,12/9/2022,1008799,736,BROADWAY,MANHATTAN,102,CLASS - 2,28-302.4,Failure to File Facade Technical Report,OPEN,230,0.0,0.0
37025067X,12/9/2022,2048800,762,BRADY AVENUE,BRONX,211,CLASS - 2,28-302.4,Failure to File Facade Technical Report,OPEN,230,0.0,0.0
37025068H,12/9/2022,4458800,24-15,QUEENS PLAZA,QUEENS,401,CLASS - 2,28-302.4,Failure to File Facade Technical Report,OPEN,230,0.0,0.0
37025069J,12/9/2022,2093287,768,BRADY AVENUE,BRONX,211,CLASS - 2,28-302.4,Failure to File Facade Technical Report,OPEN,230,0.0,0.0
37025070R,12/9/2022,1008811,35,WEST    4 STREET,MANHATTAN,102,CLASS - 2,28-302.4,Failure to File Facade Technical Report,OPEN,230,0.0,0.0
37025073M,12/9/2022,1088839,471,WASHINGTON STREET,MANHATTAN,101,CLASS - 2,28-302.4,Failure to File Facade Technical Report,OPEN,230,0.0,0.0
37025078L,12/9/2022,3338885,160,WILLOUGHBY STREET,BROOKLYN,302,CLASS - 2,28-302.4,Failure to File Facade Technical Report,OPEN,230,0.0,0.0
37025085J,12/9/2022,4208959,88-34, 161 STREET,QUEENS,412,CLASS - 2,28-302.4,Failure to File Facade Technical Report,OPEN,230,0.0,0.0
37025088P,12/9/2022,1078999,56,BEAVER STREET,MANHATTAN,101,CLASS - 2,28-302.4,Failure to File Facade Technical Report,OPEN,230,0.0,0.0
37025089R,12/9/2022,2129006,301,EAST GUN HILL ROAD,BRONX,207,CLASS - 2,28-302.4,Failure to File Facade Technical Report,OPEN,230,0.0,0.0
37025092H,12/9/2022,2129018,3066,BUHRE AVENUE,BRONX,210,CLASS - 2,28-302.4,Failure to File Facade Technical Report,OPEN,230,0.0,0.0
37025093J,12/9/2022,1089024,622,   3 AVENUE,MANHATTAN,106,CLASS - 2,28-302.4,Failure to File Facade Technical Report,OPEN,230,0.0,0.0
37025097R,12/9/2022,2029048,1366,WHITE PLAINS ROAD,BRONX,209,CLASS - 2,28-302.4,Failure to File Facade Technical Report,OPEN,230,0.0,0.0
37025099K,12/9/2022,2129079,2065,WALTON AVENUE,BRONX,205,CLASS - 2,28-302.4,Failure to File Facade Technical Report,OPEN,230,0.0,0.0
37025100Z,12/9/2022,1059094,437,MANHATTAN AVENUE,MANHATTAN,110,CLASS - 2,28-302.4,Failure to File Facade Technical Report,OPEN,230,0.0,0.0
37025102M,12/9/2022,3059118,317,CLERMONT AVENUE,BROOKLYN,302,CLASS - 2,28-302.4,Failure to File Facade Technical Report,OPEN,230,0.0,0.0
37025104X,12/9/2022,3179140,1290,OCEAN AVENUE,BROOKLYN,314,CLASS - 2,28-302.4,Failure to File Facade Technical Report,OPEN,230,0.0,0.0
37025105H,12/9/2022,4039159,92-29,LAMONT AVENUE,QUEENS,404,CLASS - 2,28-302.4,Failure to File Facade Technical Report,OPEN,230,0.0,0.0
37025106J,12/9/2022,3059160,96,ROCKWELL PLACE,BROOKLYN,302,CLASS - 2,28-302.4,Failure to File Facade Technical Report,OPEN,230,0.0,0.0
37025107L,12/9/2022,3179161,1250,OCEAN AVENUE,BROOKLYN,314,CLASS - 2,28-302.4,Failure to File Facade Technical Report,OPEN,230,0.0,0.0
37025109P,12/9/2022,3059162,33,FLATBUSH AVENUE,BROOKLYN,302,CLASS - 2,28-302.4,Failure to File Facade Technical Report,OPEN,230,0.0,0.0
37025110M,12/9/2022,1019164,116,EAST   39 STREET,MANHATTAN,106,CLASS - 2,28-302.4,Failure to File Facade Technical Report,OPEN,230,0.0,0.0
37025111Y,12/9/2022,4459168,155-02,  90 AVENUE,QUEENS,412,CLASS - 2,28-302.4,Failure to File Facade Technical Report,OPEN,230,0.0,0.0
37025112X,12/9/2022,4439180,8-33,  40 AVENUE,QUEENS,401,CLASS - 2,28-302.4,Failure to File Facade Technical Report,OPEN,230,0.0,0.0
37025118R,12/9/2022,1089290,17,CONVENT AVENUE,MANHATTAN,109,CLASS - 2,28-302.4,Failure to File Facade Technical Report,OPEN,230,0.0,0.0
37025120X,12/9/2022,2089322,370,BROOK AVENUE,BRONX,201,CLASS - 2,28-302.4,Failure to File Facade Technical Report,OPEN,230,0.0,0.0
37025122J,12/9/2022,3389382,555,ST JOHNS PLACE,BROOKLYN,308,CLASS - 2,28-302.4,Failure to File Facade Technical Report,OPEN,230,0.0,0.0
37025123L,12/9/2022,1079385,50,LISPENARD STREET,MANHATTAN,101,CLASS - 2,28-302.4,Failure to File Facade Technical Report,OPEN,230,0.0,0.0
37025124N,12/9/2022,4539393,141-05,CHERRY AVENUE,QUEENS,407,CLASS - 2,28-302.4,Failure to File Facade Technical Report,OPEN,230,0.0,0.0
37025125P,12/9/2022,4459398,139-87,  35 AVENUE,QUEENS,407,CLASS - 2,28-302.4,Failure to File Facade Technical Report,OPEN,230,0.0,0.0
37025126R,12/9/2022,1089401,324,PLEASANT AVENUE,MANHATTAN,111,CLASS - 2,28-302.4,Failure to File Facade Technical Report,OPEN,230,0.0,0.0
37025127Z,12/9/2022,2049404,2156,CRUGER AVENUE,BRONX,211,CLASS - 2,28-302.4,Failure to File Facade Technical Report,OPEN,230,0.0,0.0
37025131L,12/9/2022,2119434,1778,SOUTHERN BOULEVARD,BRONX,203,CLASS - 2,28-302.4,Failure to File Facade Technical Report,OPEN,230,0.0,0.0
37025132N,12/9/2022,1089437,237,WEST   54 STREET,MANHATTAN,105,CLASS - 2,28-302.4,Failure to File Facade Technical Report,OPEN,230,0.0,0.0
37025133P,12/9/2022,4079440,11809,  83 AVENUE,QUEENS,409,CLASS - 2,28-302.4,Failure to File Facade Technical Report,OPEN,230,0.0,0.0
37025134R,12/9/2022,1079467,424,WEST  110 STREET,MANHATTAN,107,CLASS - 2,28-302.4,Failure to File Facade Technical Report,OPEN,230,0.0,0.0
37025135Z,12/9/2022,1079468,125,WEST  109 STREET,MANHATTAN,107,CLASS - 2,28-302.4,Failure to File Facade Technical Report,OPEN,230,0.0,0.0
37025136K,12/9/2022,1019486,138,EAST   40 STREET,MANHATTAN,106,CLASS - 2,28-302.4,Failure to File Facade Technical Report,OPEN,230,0.0,0.0
37025137M,12/9/2022,1019487,130,EAST   40 STREET,MANHATTAN,106,CLASS - 2,28-302.4,Failure to File Facade Technical Report,OPEN,230,0.0,0.0
37025140N,12/9/2022,1019493,114,EAST   40 STREET,MANHATTAN,106,CLASS - 2,28-302.4,Failure to File Facade Technical Report,OPEN,230,0.0,0.0
37025142R,12/9/2022,3119497,520,EAST   21 STREET,BROOKLYN,314,CLASS - 2,28-302.4,Failure to File Facade Technical Report,OPEN,230,0.0,0.0
37025144K,12/9/2022,1079501,2006,   7 AVENUE,MANHATTAN,110,CLASS - 2,28-302.4,Failure to File Facade Technical Report,OPEN,230,0.0,0.0
37025146Y,12/9/2022,1019522,135,   3 AVENUE,MANHATTAN,106,CLASS - 2,28-302.4,Failure to File Facade Technical Report,OPEN,230,0.0,0.0
37025147X,12/9/2022,3119524,557,EAST   21 STREET,BROOKLYN,314,CLASS - 2,28-302.4,Failure to File Facade Technical Report,OPEN,230,0.0,0.0
37025149J,12/9/2022,2049528,2155,PAULDING AVENUE,BRONX,211,CLASS - 2,28-302.4,Failure to File Facade Technical Report,OPEN,230,0.0,0.0
37025150R,12/9/2022,3399550,516,HERKIMER STREET,BROOKLYN,303,CLASS - 2,28-302.4,Failure to File Facade Technical Report,OPEN,230,0.0,0.0
37025151Z,12/9/2022,1009559,57,WEST   10 STREET,MANHATTAN,102,CLASS - 2,28-302.4,Failure to File Facade Technical Report,OPEN,230,0.0,0.0
37025154Y,12/9/2022,1059610,41,CONVENT AVENUE,MANHATTAN,109,CLASS - 2,28-302.4,Failure to File Facade Technical Report,OPEN,230,0.0,0.0
37025157J,12/9/2022,1009617,70,   5 AVENUE,MANHATTAN,102,CLASS - 2,28-302.4,Failure to File Facade Technical Report,OPEN,230,0.0,0.0
37025162Y,12/9/2022,1059656,503,WEST  121 STREET,MANHATTAN,109,CLASS - 2,28-302.4,Failure to File Facade Technical Report,OPEN,230,0.0,0.0
37025163X,12/9/2022,1059657,1240,AMSTERDAM AVENUE,MANHATTAN,109,CLASS - 2,28-302.4,Failure to File Facade Technical Report,OPEN,230,0.0,0.0
37025164H,12/9/2022,1059658,500,WEST  122 STREET,MANHATTAN,109,CLASS - 2,28-302.4,Failure to File Facade Technical Report,OPEN,230,0.0,0.0
37025165J,12/9/2022,1059659,502,WEST  122 STREET,MANHATTAN,109,CLASS - 2,28-302.4,Failure to File Facade Technical Report,OPEN,230,0.0,0.0
37025166L,12/9/2022,1059660,506,WEST  122 STREET,MANHATTAN,109,CLASS - 2,28-302.4,Failure to File Facade Technical Report,OPEN,230,0.0,0.0
37025169R,12/9/2022,1059663,520,WEST  122 STREET,MANHATTAN,109,CLASS - 2,28-302.4,Failure to File Facade Technical Report,OPEN,230,0.0,0.0
37025170Y,12/9/2022,1059664,524,WEST  122 STREET,MANHATTAN,109,CLASS - 2,28-302.4,Failure to File Facade Technical Report,OPEN,230,0.0,0.0
37025171X,12/9/2022,1059665,526,WEST  122 STREET,MANHATTAN,109,CLASS - 2,28-302.4,Failure to File Facade Technical Report,OPEN,230,0.0,0.0
37025173J,12/9/2022,1059666,530,WEST  122 STREET,MANHATTAN,109,CLASS - 2,28-302.4,Failure to File Facade Technical Report,OPEN,230,0.0,0.0
37025174L,12/9/2022,1059668,540,WEST  122 STREET,MANHATTAN,109,CLASS - 2,28-302.4,Failure to File Facade Technical Report,OPEN,230,0.0,0.0
37025175N,12/9/2022,4029670,35-63,  79 STREET,QUEENS,403,CLASS - 2,28-302.4,Failure to File Facade Technical Report,OPEN,230,0.0,0.0
37025177R,12/9/2022,3029674,320,EASTERN PARKWAY,BROOKLYN,309,CLASS - 2,28-302.4,Failure to File Facade Technical Report,OPEN,230,0.0,0.0
37025179K,12/9/2022,1089714,138,WEST   19 STREET,MANHATTAN,104,CLASS - 2,28-302.4,Failure to File Facade Technical Report,OPEN,230,0.0,0.0
37025187K,12/9/2022,1089794,535,EAST   11 STREET,MANHATTAN,103,CLASS - 2,28-302.4,Failure to File Facade Technical Report,OPEN,230,0.0,0.0
37025188M,12/9/2022,4209804,90-31, 171 STREET,QUEENS,412,CLASS - 2,28-302.4,Failure to File Facade Technical Report,OPEN,230,0.0,0.0
37025189Y,12/9/2022,4309833,136-17,MAPLE AVENUE,QUEENS,407,CLASS - 2,28-302.4,Failure to File Facade Technical Report,OPEN,230,0.0,0.0
37025190L,12/9/2022,1039836,353,EAST   53 STREET,MANHATTAN,106,CLASS - 2,28-302.4,Failure to File Facade Technical Report,OPEN,230,0.0,0.0
37025191N,12/9/2022,3399868,18,LYNCH STREET,BROOKLYN,301,CLASS - 2,28-302.4,Failure to File Facade Technical Report,OPEN,230,0.0,0.0
37025193R,12/9/2022,1059869,528,RIVERSIDE DRIVE,MANHATTAN,109,CLASS - 2,28-302.4,Failure to File Facade Technical Report,OPEN,230,0.0,0.0
37025194Z,12/9/2022,1059871,181,CLAREMONT AVENUE,MANHATTAN,109,CLASS - 2,28-302.4,Failure to File Facade Technical Report,OPEN,230,0.0,0.0
37025195K,12/9/2022,1059875,195,CLAREMONT AVENUE,MANHATTAN,109,CLASS - 2,28-302.4,Failure to File Facade Technical Report,OPEN,230,0.0,0.0
37025196M,12/9/2022,1059877,548,RIVERSIDE DRIVE,MANHATTAN,109,CLASS - 2,28-302.4,Failure to File Facade Technical Report,OPEN,230,0.0,0.0
37025198X,12/9/2022,1059879,530,RIVERSIDE DRIVE,MANHATTAN,109,CLASS - 2,28-302.4,Failure to File Facade Technical Report,OPEN,230,0.0,0.0
37025199H,12/9/2022,1059890,646,WEST  125 STREET,MANHATTAN,109,CLASS - 2,28-302.4,Failure to File Facade Technical Report,OPEN,230,0.0,0.0
37025201H,12/9/2022,1019905,218,EAST   29 STREET,MANHATTAN,106,CLASS - 2,28-302.4,Failure to File Facade Technical Report,OPEN,230,0.0,0.0
37025202J,12/9/2022,1019906,216,EAST   29 STREET,MANHATTAN,106,CLASS - 2,28-302.4,Failure to File Facade Technical Report,OPEN,230,0.0,0.0
37025203L,12/9/2022,1079906,50,WOOSTER STREET,MANHATTAN,102,CLASS - 2,28-302.4,Failure to File Facade Technical Report,OPEN,230,0.0,0.0
37025204N,12/9/2022,1019908,210,EAST   29 STREET,MANHATTAN,106,CLASS - 2,28-302.4,Failure to File Facade Technical Report,OPEN,230,0.0,0.0
37025208K,12/9/2022,1089943,42,EAST  132 STREET,MANHATTAN,111,CLASS - 2,28-302.4,Failure to File Facade Technical Report,OPEN,230,0.0,0.0
37025211L,12/9/2022,1089961,331,EAST HOUSTON STREET,MANHATTAN,103,CLASS - 2,28-302.4,Failure to File Facade Technical Report,OPEN,230,0.0,0.0
37025213P,12/9/2022,4539970,31-19,NEWTOWN AVENUE,QUEENS,401,CLASS - 2,28-302.4,Failure to File Facade Technical Report,OPEN,230,0.0,0.0
37025460M,8/17/2023,1057631,103,WEST  120 STREET,MANHATTAN,110,CLASS - 2,28-302.4,Failure to File Facade Technical Report,OPEN,230,0.0,0.0
37025997M,1/16/2024,1059409,443,WEST  135 STREET,MANHATTAN,109,CLASS - 2,AC    28-302.5,Failure to File Amended Facade Technical Report,OPEN,227,0.0,0.0
37025998Y,1/16/2024,1013096,351,WEST   18 STREET,MANHATTAN,104,CLASS - 2,AC    28-302.5,Failure to File Amended Facade Technical Report,OPEN,227,0.0,0.0
37025999X,1/16/2024,1001831,125,WORTH STREET,MANHATTAN,101,CLASS - 2,AC    28-302.5,Failure to File Amended Facade Technical Report,OPEN,227,0.0,0.0
37026000X,1/16/2024,1001672,2,LAFAYETTE STREET,MANHATTAN,101,CLASS - 2,AC    28-302.5,Failure to File Amended Facade Technical Report,OPEN,227,0.0,0.0
37026001H,1/16/2024,1018014,127,EAST   22 STREET,MANHATTAN,105,CLASS - 2,AC    28-302.5,Failure to File Amended Facade Technical Report,OPEN,227,0.0,0.0
37026002J,1/16/2024,3058752,29,FORT GREENE PLACE,BROOKLYN,302,CLASS - 2,AC    28-302.5,Failure to File Amended Facade Technical Report,OPEN,227,0.0,0.0
37026003L,1/16/2024,2116159,750,BAYCHESTER AVENUE,BRONX,210,CLASS - 2,AC    28-302.5,Failure to File Amended Facade Technical Report,OPEN,227,0.0,0.0
37026005P,1/16/2024,3000257,360,ADAMS STREET,BROOKLYN,302,CLASS - 2,AC    28-302.5,Failure to File Amended Facade Technical Report,OPEN,227,0.0,0.0
37026006R,1/16/2024,3000216,49,FLATBUSH AVENUE EXTENSION,BROOKLYN,302,CLASS - 2,AC    28-302.5,Failure to File Amended Facade Technical Report,OPEN,227,0.0,0.0
37026007Z,1/16/2024,3327714,541,CLARKSON AVENUE,BROOKLYN,309,CLASS - 2,AC    28-302.5,Failure to File Amended Facade Technical Report,OPEN,227,0.0,0.0
37026008K,1/16/2024,3430086,2601,OCEAN PARKWAY,BROOKLYN,313,CLASS - 2,AC    28-302.5,Failure to File Amended Facade Technical Report,OPEN,227,0.0,0.0
37026010J,1/16/2024,3327720,604,WINTHROP STREET,BROOKLYN,309,CLASS - 2,AC    28-302.5,Failure to File Amended Facade Technical Report,OPEN,227,0.0,0.0
37026011L,1/16/2024,4005022,28-11,QUEENS PLAZA,QUEENS,401,CLASS - 2,AC    28-302.5,Failure to File Amended Facade Technical Report,OPEN,227,0.0,0.0
37026012N,1/16/2024,3815232,77,FLUSHING AVENUE,BROOKLYN,302,CLASS - 2,AC    28-302.5,Failure to File Amended Facade Technical Report,OPEN,227,0.0,0.0
37026013P,1/16/2024,1085748,60,CENTRE STREET,MANHATTAN,101,CLASS - 2,AC    28-302.5,Failure to File Amended Facade Technical Report,OPEN,227,0.0,0.0
37026014R,1/16/2024,1079000,100,CENTRE STREET,MANHATTAN,101,CLASS - 2,AC    28-302.5,Failure to File Amended Facade Technical Report,OPEN,227,0.0,0.0
37026015Z,1/16/2024,1069579,425,EAST   25 STREET,MANHATTAN,106,CLASS - 2,AC    28-302.5,Failure to File Amended Facade Technical Report,OPEN,227,0.0,0.0
37026016K,1/16/2024,2002869,851,GRAND CONCOURSE,BRONX,204,CLASS - 2,AC    28-302.5,Failure to File Amended Facade Technical Report,OPEN,227,0.0,0.0
37026017M,1/16/2024,2009911,1932,ARTHUR AVENUE,BRONX,206,CLASS - 2,AC    28-302.5,Failure to File Amended Facade Technical Report,OPEN,227,0.0,0.0
37026018Y,1/16/2024,2017787,3424,KOSSUTH AVENUE,BRONX,207,CLASS - 2,AC    28-302.5,Failure to File Amended Facade Technical Report,OPEN,227,0.0,0.0
37026019X,1/16/2024,2004526,601,EAST  166 STREET,BRONX,203,CLASS - 2,AC    28-302.5,Failure to File Amended Facade Technical Report,OPEN,227,0.0,0.0
37026020N,1/16/2024,4439438,22201,  56 AVENUE,QUEENS,411,CLASS - 2,AC    28-302.5,Failure to File Amended Facade Technical Report,OPEN,227,0.0,0.0
37026021P,1/16/2024,,1,DEPPLAZA,QUEENS,   ,CLASS - 2,AC    28-302.5,Failure to File Amended Facade Technical Report,OPEN,227,0.0,0.0
37026022R,1/16/2024,4467709,14-30,BROADWAY,QUEENS,401,CLASS - 2,AC    28-302.5,Failure to File Amended Facade Technical Report,OPEN,227,0.0,0.0
37026023Z,1/16/2024,1023391,131,WEST   55 STREET,MANHATTAN,105,CLASS - 2,AC    28-302.5,Failure to File Amended Facade Technical Report,OPEN,227,0.0,0.0
37026024K,1/16/2024,3327710,410,WINTHROP STREET,BROOKLYN,309,CLASS - 2,AC    28-302.5,Failure to File Amended Facade Technical Report,OPEN,227,0.0,0.0
37026025M,1/16/2024,3251682,225,DIVISION AVENUE,BROOKLYN,301,CLASS - 2,AC    28-302.5,Failure to File Amended Facade Technical Report,OPEN,227,0.0,0.0
37026026Y,1/16/2024,3327712,471,CLARKSON AVENUE,BROOKLYN,309,CLASS - 2,AC    28-302.5,Failure to File Amended Facade Technical Report,OPEN,227,0.0,0.0
37026027X,1/16/2024,3327719,444,WINTHROP STREET,BROOKLYN,309,CLASS - 2,AC    28-302.5,Failure to File Amended Facade Technical Report,OPEN,227,0.0,0.0
37026028H,1/16/2024,2097114,231,EAST  161 STREET,BRONX,204,CLASS - 2,AC    28-302.5,Failure to File Amended Facade Technical Report,OPEN,227,0.0,0.0
37026029J,1/16/2024,1053651,40,WEST  128 STREET,MANHATTAN,110,CLASS - 2,AC    28-302.5,Failure to File Amended Facade Technical Report,OPEN,227,0.0,0.0
37026030R,1/16/2024,1035714,507,MADISON AVENUE,MANHATTAN,105,CLASS - 2,AC    28-302.5,Failure to File Amended Facade Technical Report,OPEN,227,0.0,0.0
37026033M,1/16/2024,1061858,110,HAMILTON PLACE,MANHATTAN,109,CLASS - 2,AC    28-302.5,Failure to File Amended Facade Technical Report,OPEN,227,0.0,0.0
37026034Y,1/16/2024,1057240,929,WEST END AVENUE,MANHATTAN,107,CLASS - 2,AC    28-302.5,Failure to File Amended Facade Technical Report,OPEN,227,0.0,0.0
37026035X,1/16/2024,1060179,159,WEST  145 STREET,MANHATTAN,110,CLASS - 2,AC    28-302.5,Failure to File Amended Facade Technical Report,OPEN,227,0.0,0.0
37026036H,1/16/2024,1015766,8,WEST   30 STREET,MANHATTAN,105,CLASS - 2,AC    28-302.5,Failure to File Amended Facade Technical Report,OPEN,227,0.0,0.0
37026038L,1/16/2024,1004922,611,EAST   11 STREET,MANHATTAN,103,CLASS - 2,AC    28-302.5,Failure to File Amended Facade Technical Report,OPEN,227,0.0,0.0
37026039N,1/16/2024,1025133,349,WEST   48 STREET,MANHATTAN,104,CLASS - 2,AC    28-302.5,Failure to File Amended Facade Technical Report,OPEN,227,0.0,0.0
37026041M,1/16/2024,1016745,352,PARK AVENUE SOUTH,MANHATTAN,105,CLASS - 2,AC    28-302.5,Failure to File Amended Facade Technical Report,OPEN,227,0.0,0.0
37026042Y,1/16/2024,1020401,331,EAST   14 STREET,MANHATTAN,106,CLASS - 2,AC    28-302.5,Failure to File Amended Facade Technical Report,OPEN,227,0.0,0.0
37026043X,1/16/2024,3115913,160,PARKSIDE AVENUE,BROOKLYN,314,CLASS - 2,AC    28-302.5,Failure to File Amended Facade Technical Report,OPEN,227,0.0,0.0
37026044H,1/16/2024,3117573,222,EAST   17 STREET,BROOKLYN,314,CLASS - 2,AC    28-302.5,Failure to File Amended Facade Technical Report,OPEN,227,0.0,0.0
37026046L,1/16/2024,3326603,1381,LINDEN BOULEVARD,BROOKLYN,316,CLASS - 2,AC    28-302.5,Failure to File Amended Facade Technical Report,OPEN,227,0.0,0.0
37026047N,1/16/2024,4050542,99-44,  62 AVENUE,QUEENS,406,CLASS - 2,AC    28-302.5,Failure to File Amended Facade Technical Report,OPEN,227,0.0,0.0
37026048P,1/16/2024,4304877,127,BEACH  119 STREET,QUEENS,414,CLASS - 2,AC    28-302.5,Failure to File Amended Facade Technical Report,OPEN,227,0.0,0.0
37026049R,1/16/2024,4116412,138-70,ELDER AVENUE,QUEENS,407,CLASS - 2,AC    28-302.5,Failure to File Amended Facade Technical Report,OPEN,227,0.0,0.0
37026050Y,1/16/2024,4304815,117-12,OCEAN PROMENADE,QUEENS,414,CLASS - 2,AC    28-302.5,Failure to File Amended Facade Technical Report,OPEN,227,0.0,0.0
37026051X,1/16/2024,3379187,115,LINCOLN ROAD,BROOKLYN,309,CLASS - 2,AC    28-302.5,Failure to File Amended Facade Technical Report,OPEN,227,0.0,0.0
37026052H,1/16/2024,3337873,78,LEFFERTS AVENUE,BROOKLYN,309,CLASS - 2,AC    28-302.5,Failure to File Amended Facade Technical Report,OPEN,227,0.0,0.0
37026053J,1/16/2024,1087335,965,COLUMBUS AVENUE,MANHATTAN,107,CLASS - 2,AC    28-302.5,Failure to File Amended Facade Technical Report,OPEN,227,0.0,0.0
37026058Z,1/16/2024,2015580,2875,SEDGWICK AVENUE,BRONX,208,CLASS - 2,AC    28-302.5,Failure to File Amended Facade Technical Report,OPEN,227,0.0,0.0
37026059K,1/16/2024,2010900,1000,FREEMAN STREET,BRONX,203,CLASS - 2,AC    28-302.5,Failure to File Amended Facade Technical Report,OPEN,227,0.0,0.0
37026060H,1/16/2024,2051220,2440,BRONX PARK EAST,BRONX,211,CLASS - 2,AC    28-302.5,Failure to File Amended Facade Technical Report,OPEN,227,0.0,0.0
37026061J,1/16/2024,2050046,2324,BOSTON ROAD,BRONX,211,CLASS - 2,AC    28-302.5,Failure to File Amended Facade Technical Report,OPEN,227,0.0,0.0
37026062L,1/16/2024,2004191,1051,BOSTON ROAD,BRONX,203,CLASS - 2,AC    28-302.5,Failure to File Amended Facade Technical Report,OPEN,227,0.0,0.0
37026063N,1/16/2024,2004060,330,BRUCKNER BOULEVARD,BRONX,201,CLASS - 2,AC    28-302.5,Failure to File Amended Facade Technical Report,OPEN,227,0.0,0.0
37026064P,1/16/2024,2003406,903,SUMMIT AVENUE,BRONX,204,CLASS - 2,AC    28-302.5,Failure to File Amended Facade Technical Report,OPEN,227,0.0,0.0
37026065R,1/16/2024,1060854,301,WEST  150 STREET,MANHATTAN,110,CLASS - 2,AC    28-302.5,Failure to File Amended Facade Technical Report,OPEN,227,0.0,0.0
37026066Z,1/16/2024,1012386,518,WEST   26 STREET,MANHATTAN,104,CLASS - 2,AC    28-302.5,Failure to File Amended Facade Technical Report,OPEN,227,0.0,0.0
37026067K,1/16/2024,1048766,223,EAST   85 STREET,MANHATTAN,108,CLASS - 2,AC    28-302.5,Failure to File Amended Facade Technical Report,OPEN,227,0.0,0.0
37026068M,1/16/2024,1048765,221,EAST   85 STREET,MANHATTAN,108,CLASS - 2,AC    28-302.5,Failure to File Amended Facade Technical Report,OPEN,227,0.0,0.0
37026070L,1/16/2024,1056466,2637,BROADWAY,MANHATTAN,107,CLASS - 2,AC    28-302.5,Failure to File Amended Facade Technical Report,OPEN,227,0.0,0.0
37026071N,1/16/2024,1048647,221,EAST   82 STREET,MANHATTAN,108,CLASS - 2,AC    28-302.5,Failure to File Amended Facade Technical Report,OPEN,227,0.0,0.0
37026072P,1/16/2024,1055031,67,ST NICHOLAS AVENUE,MANHATTAN,110,CLASS - 2,AC    28-302.5,Failure to File Amended Facade Technical Report,OPEN,227,0.0,0.0
37026073R,1/16/2024,1052807,341,EAST  108 STREET,MANHATTAN,111,CLASS - 2,AC    28-302.5,Failure to File Amended Facade Technical Report,OPEN,227,0.0,0.0
37026074Z,1/16/2024,1033975,575,WEST END AVENUE,MANHATTAN,107,CLASS - 2,AC    28-302.5,Failure to File Amended Facade Technical Report,OPEN,227,0.0,0.0
37026076M,1/16/2024,1038671,308,EAST   44 STREET,MANHATTAN,106,CLASS - 2,AC    28-302.5,Failure to File Amended Facade Technical Report,OPEN,227,0.0,0.0
37026077Y,1/16/2024,1041297,850,MADISON AVENUE,MANHATTAN,108,CLASS - 2,AC    28-302.5,Failure to File Amended Facade Technical Report,OPEN,227,0.0,0.0
37026080P,1/16/2024,1062489,938,ST NICHOLAS AVENUE,MANHATTAN,112,CLASS - 2,AC    28-302.5,Failure to File Amended Facade Technical Report,OPEN,227,0.0,0.0
37026081R,1/16/2024,1063326,884,RIVERSIDE DRIVE,MANHATTAN,112,CLASS - 2,AC    28-302.5,Failure to File Amended Facade Technical Report,OPEN,227,0.0,0.0
37026083K,1/16/2024,1064685,130,WEST  228 STREET,MANHATTAN,208,CLASS - 2,AC    28-302.5,Failure to File Amended Facade Technical Report,OPEN,227,0.0,0.0
37026084M,1/16/2024,1064524,135,TERRACE VIEW AVENUE,MANHATTAN,208,CLASS - 2,AC    28-302.5,Failure to File Amended Facade Technical Report,OPEN,227,0.0,0.0
37026086X,1/16/2024,1057452,152,WEST  118 STREET,MANHATTAN,110,CLASS - 2,AC    28-302.5,Failure to File Amended Facade Technical Report,OPEN,227,0.0,0.0
37026088J,1/16/2024,1057906,103,WEST  127 STREET,MANHATTAN,110,CLASS - 2,AC    28-302.5,Failure to File Amended Facade Technical Report,OPEN,227,0.0,0.0
37026089L,1/16/2024,1056980,508,WEST  112 STREET,MANHATTAN,109,CLASS - 2,AC    28-302.5,Failure to File Amended Facade Technical Report,OPEN,227,0.0,0.0
37026092M,1/16/2024,1061723,508,WEST  139 STREET,MANHATTAN,109,CLASS - 2,AC    28-302.5,Failure to File Amended Facade Technical Report,OPEN,227,0.0,0.0
37026093Y,1/16/2024,1061630,853,ST NICHOLAS AVENUE,MANHATTAN,109,CLASS - 2,AC    28-302.5,Failure to File Amended Facade Technical Report,OPEN,227,0.0,0.0
37026094X,1/16/2024,1033652,2512,BROADWAY,MANHATTAN,107,CLASS - 2,AC    28-302.5,Failure to File Amended Facade Technical Report,OPEN,227,0.0,0.0
37026095H,1/16/2024,1010417,180,CHRISTOPHER STREET,MANHATTAN,102,CLASS - 2,AC    28-302.5,Failure to File Amended Facade Technical Report,OPEN,227,0.0,0.0
37026097L,1/16/2024,1009429,20,   5 AVENUE,MANHATTAN,102,CLASS - 2,AC    28-302.5,Failure to File Amended Facade Technical Report,OPEN,227,0.0,0.0
37026098N,1/16/2024,1015844,39,WEST   32 STREET,MANHATTAN,105,CLASS - 2,AC    28-302.5,Failure to File Amended Facade Technical Report,OPEN,227,0.0,0.0
37026100N,1/16/2024,1015094,146,WEST   28 STREET,MANHATTAN,105,CLASS - 2,AC    28-302.5,Failure to File Amended Facade Technical Report,OPEN,227,0.0,0.0
37026102R,1/16/2024,1006576,57,   2 AVENUE,MANHATTAN,103,CLASS - 2,AC    28-302.5,Failure to File Amended Facade Technical Report,OPEN,227,0.0,0.0
37026104K,1/16/2024,1003511,47,DIVISION STREET,MANHATTAN,103,CLASS - 2,AC    28-302.5,Failure to File Amended Facade Technical Report,OPEN,227,0.0,0.0
37026105M,1/16/2024,1024857,204,WEST   55 STREET,MANHATTAN,105,CLASS - 2,AC    28-302.5,Failure to File Amended Facade Technical Report,OPEN,227,0.0,0.0
37026106Y,1/16/2024,1024743,224,WEST   47 STREET,MANHATTAN,105,CLASS - 2,AC    28-302.5,Failure to File Amended Facade Technical Report,OPEN,227,0.0,0.0
37026110R,1/16/2024,1017822,166,   3 AVENUE,MANHATTAN,106,CLASS - 2,AC    28-302.5,Failure to File Amended Facade Technical Report,OPEN,227,0.0,0.0
37026111Z,1/16/2024,1017135,211,MADISON AVENUE,MANHATTAN,106,CLASS - 2,AC    28-302.5,Failure to File Amended Facade Technical Report,OPEN,227,0.0,0.0
37026113M,1/16/2024,1017012,152,MADISON AVENUE,MANHATTAN,105,CLASS - 2,AC    28-302.5,Failure to File Amended Facade Technical Report,OPEN,227,0.0,0.0
37026114Y,1/16/2024,1018905,145,EAST   35 STREET,MANHATTAN,106,CLASS - 2,AC    28-302.5,Failure to File Amended Facade Technical Report,OPEN,227,0.0,0.0
37026115X,1/16/2024,3095889,675,LINCOLN AVENUE,BROOKLYN,305,CLASS - 2,AC    28-302.5,Failure to File Amended Facade Technical Report,OPEN,227,0.0,0.0
37026116H,1/16/2024,3063350,340,SOUTH    3 STREET,BROOKLYN,301,CLASS - 2,AC    28-302.5,Failure to File Amended Facade Technical Report,OPEN,227,0.0,0.0
37026117J,1/16/2024,3117139,555,OCEAN AVENUE,BROOKLYN,314,CLASS - 2,AC    28-302.5,Failure to File Amended Facade Technical Report,OPEN,227,0.0,0.0
37026118L,1/16/2024,3034169,377,MONTGOMERY STREET,BROOKLYN,309,CLASS - 2,AC    28-302.5,Failure to File Amended Facade Technical Report,OPEN,227,0.0,0.0
37026119N,1/16/2024,3025610,501,   6 STREET,BROOKLYN,306,CLASS - 2,AC    28-302.5,Failure to File Amended Facade Technical Report,OPEN,227,0.0,0.0
37026121M,1/16/2024,2090995,545,EAST  144 STREET,BRONX,201,CLASS - 2,AC    28-302.5,Failure to File Amended Facade Technical Report,OPEN,227,0.0,0.0
37026123X,1/16/2024,1065040,83,PARK TERRACE WEST,MANHATTAN,112,CLASS - 2,AC    28-302.5,Failure to File Amended Facade Technical Report,OPEN,227,0.0,0.0
37026124H,1/16/2024,3002054,98,MONTAGUE STREET,BROOKLYN,302,CLASS - 2,AC    28-302.5,Failure to File Amended Facade Technical Report,OPEN,227,0.0,0.0
37026125J,1/16/2024,4065248,86-05,  60 ROAD,QUEENS,406,CLASS - 2,AC    28-302.5,Failure to File Amended Facade Technical Report,OPEN,227,0.0,0.0
37026126L,1/16/2024,4065242,86-16,  60 AVENUE,QUEENS,406,CLASS - 2,AC    28-302.5,Failure to File Amended Facade Technical Report,OPEN,227,0.0,0.0
37026127N,1/16/2024,4541683,63-14,QUEENS BOULEVARD,QUEENS,402,CLASS - 2,AC    28-302.5,Failure to File Amended Facade Technical Report,OPEN,227,0.0,0.0
37026128P,1/16/2024,4115368,133-24,SANFORD AVENUE,QUEENS,407,CLASS - 2,AC    28-302.5,Failure to File Amended Facade Technical Report,OPEN,227,0.0,0.0
37026129R,1/16/2024,4047257,94-11,  59 AVENUE,QUEENS,404,CLASS - 2,AC    28-302.5,Failure to File Amended Facade Technical Report,OPEN,227,0.0,0.0
37026130Y,1/16/2024,4047252,57-10,JUNCTION BOULEVARD,QUEENS,404,CLASS - 2,AC    28-302.5,Failure to File Amended Facade Technical Report,OPEN,227,0.0,0.0
37026131X,1/16/2024,4037308,42-02,LAYTON STREET,QUEENS,404,CLASS - 2,AC    28-302.5,Failure to File Amended Facade Technical Report,OPEN,227,0.0,0.0
37026132H,1/16/2024,4027128,60-11,BROADWAY,QUEENS,402,CLASS - 2,AC    28-302.5,Failure to File Amended Facade Technical Report,OPEN,227,0.0,0.0
37026133J,1/16/2024,4231507,91-35, 193 STREET,QUEENS,412,CLASS - 2,AC    28-302.5,Failure to File Amended Facade Technical Report,OPEN,227,0.0,0.0
37026134L,1/16/2024,4112550,33-23,UNION STREET,QUEENS,407,CLASS - 2,AC    28-302.5,Failure to File Amended Facade Technical Report,OPEN,227,0.0,0.0
37026135N,1/16/2024,4208850,90-04, 161 STREET,QUEENS,412,CLASS - 2,AC    28-302.5,Failure to File Amended Facade Technical Report,OPEN,227,0.0,0.0
37026136P,1/16/2024,4115789,138-15,FRANKLIN AVENUE,QUEENS,407,CLASS - 2,AC    28-302.5,Failure to File Amended Facade Technical Report,OPEN,227,0.0,0.0
37026138Z,1/16/2024,3332010,52,  39 STREET,BROOKLYN,307,CLASS - 2,AC    28-302.5,Failure to File Amended Facade Technical Report,OPEN,227,0.0,0.0
37026139K,1/16/2024,3331321,90,ROSS STREET,BROOKLYN,301,CLASS - 2,AC    28-302.5,Failure to File Amended Facade Technical Report,OPEN,227,0.0,0.0
37026142L,1/16/2024,3399146,1055,ST JOHNS PLACE,BROOKLYN,308,CLASS - 2,AC    28-302.5,Failure to File Amended Facade Technical Report,OPEN,227,0.0,0.0
37026143N,1/16/2024,4014554,45-02,DITMARS BOULEVARD,QUEENS,401,CLASS - 2,AC    28-302.5,Failure to File Amended Facade Technical Report,OPEN,227,0.0,0.0
37026145R,1/16/2024,2000680,509,WILLIS AVENUE,BRONX,201,CLASS - 2,AC    28-302.5,Failure to File Amended Facade Technical Report,OPEN,227,0.0,0.0
37026146Z,1/16/2024,1088839,471,WASHINGTON STREET,MANHATTAN,101,CLASS - 2,AC    28-302.5,Failure to File Amended Facade Technical Report,OPEN,227,0.0,0.0
37026147K,1/16/2024,1087756,150,NASSAU STREET,MANHATTAN,101,CLASS - 2,AC    28-302.5,Failure to File Amended Facade Technical Report,OPEN,227,0.0,0.0
37026148M,1/16/2024,1079094,110,NASSAU STREET,MANHATTAN,101,CLASS - 2,AC    28-302.5,Failure to File Amended Facade Technical Report,OPEN,227,0.0,0.0
37026149Y,1/16/2024,1081362,333,EAST  109 STREET,MANHATTAN,111,CLASS - 2,AC    28-302.5,Failure to File Amended Facade Technical Report,OPEN,227,0.0,0.0
37026150L,1/16/2024,4432113,108-53,  62 DRIVE,QUEENS,406,CLASS - 2,AC    28-302.5,Failure to File Amended Facade Technical Report,OPEN,227,0.0,0.0
37026152P,1/16/2024,2014203,2200,GRAND AVENUE,BRONX,205,CLASS - 2,AC    28-302.5,Failure to File Amended Facade Technical Report,OPEN,227,0.0,0.0
37026153R,1/16/2024,2015395,165,WEST  197 STREET,BRONX,208,CLASS - 2,AC    28-302.5,Failure to File Amended Facade Technical Report,OPEN,227,0.0,0.0
37026154Z,1/16/2024,2017320,3131,GRAND CONCOURSE,BRONX,207,CLASS - 2,AC    28-302.5,Failure to File Amended Facade Technical Report,OPEN,227,0.0,0.0
37026155K,1/16/2024,2013717,2165,RYER AVENUE,BRONX,205,CLASS - 2,AC    28-302.5,Failure to File Amended Facade Technical Report,OPEN,227,0.0,0.0
37026156M,1/16/2024,2015172,2682,BAILEY AVENUE,BRONX,207,CLASS - 2,AC    28-302.5,Failure to File Amended Facade Technical Report,OPEN,227,0.0,0.0
37026157Y,1/16/2024,2023896,1158,BOYNTON AVENUE,BRONX,209,CLASS - 2,AC    28-302.5,Failure to File Amended Facade Technical Report,OPEN,227,0.0,0.0
37026159H,1/16/2024,2004403,1038,BOSTON ROAD,BRONX,203,CLASS - 2,AC    28-302.5,Failure to File Amended Facade Technical Report,OPEN,227,0.0,0.0
37026160P,1/16/2024,2003314,132,WEST  169 STREET,BRONX,204,CLASS - 2,AC    28-302.5,Failure to File Amended Facade Technical Report,OPEN,227,0.0,0.0
37026161R,1/16/2024,2002978,815,GERARD AVENUE,BRONX,204,CLASS - 2,AC    28-302.5,Failure to File Amended Facade Technical Report,OPEN,227,0.0,0.0
37026162Z,1/16/2024,2002900,675,WALTON AVENUE,BRONX,204,CLASS - 2,AC    28-302.5,Failure to File Amended Facade Technical Report,OPEN,227,0.0,0.0
37026163K,1/16/2024,2003142,1045,ANDERSON AVENUE,BRONX,204,CLASS - 2,AC    28-302.5,Failure to File Amended Facade Technical Report,OPEN,227,0.0,0.0
37026165Y,1/16/2024,2008216,1775,WALTON AVENUE,BRONX,205,CLASS - 2,AC    28-302.5,Failure to File Amended Facade Technical Report,OPEN,227,0.0,0.0
37026166X,1/16/2024,4437037,19-19,  24 AVENUE,QUEENS,401,CLASS - 2,AC    28-302.5,Failure to File Amended Facade Technical Report,OPEN,227,0.0,0.0
37026167H,1/16/2024,1060478,227,WEST  145 STREET,MANHATTAN,110,CLASS - 2,AC    28-302.5,Failure to File Amended Facade Technical Report,OPEN,227,0.0,0.0
37026168J,1/16/2024,1060138,115,WEST  143 STREET,MANHATTAN,110,CLASS - 2,AC    28-302.5,Failure to File Amended Facade Technical Report,OPEN,227,0.0,0.0
37026169L,1/16/2024,1053658,62,WEST  128 STREET,MANHATTAN,110,CLASS - 2,AC    28-302.5,Failure to File Amended Facade Technical Report,OPEN,227,0.0,0.0
37026170Z,1/16/2024,1060135,139,WEST  143 STREET,MANHATTAN,110,CLASS - 2,AC    28-302.5,Failure to File Amended Facade Technical Report,OPEN,227,0.0,0.0
37026172M,1/16/2024,1024909,1784,BROADWAY,MANHATTAN,105,CLASS - 2,AC    28-302.5,Failure to File Amended Facade Technical Report,OPEN,227,0.0,0.0
37026173Y,1/16/2024,1016130,33,EAST   17 STREET,MANHATTAN,105,CLASS - 2,AC    28-302.5,Failure to File Amended Facade Technical Report,OPEN,227,0.0,0.0
37026175H,1/16/2024,3117570,180,EAST   17 STREET,BROOKLYN,314,CLASS - 2,AC    28-302.5,Failure to File Amended Facade Technical Report,OPEN,227,0.0,0.0
37026176J,1/16/2024,3340264,2675,WEST   36 STREET,BROOKLYN,313,CLASS - 2,AC    28-302.5,Failure to File Amended Facade Technical Report,OPEN,227,0.0,0.0
37026177L,1/16/2024,4037984,42-72,  80 STREET,QUEENS,404,CLASS - 2,AC    28-302.5,Failure to File Amended Facade Technical Report,OPEN,227,0.0,0.0
37026180M,1/16/2024,1077426,258,BROADWAY,MANHATTAN,101,CLASS - 2,AC    28-302.5,Failure to File Amended Facade Technical Report,OPEN,227,0.0,0.0
37026181Y,1/16/2024,1087464,102,BRADHURST AVENUE,MANHATTAN,110,CLASS - 2,AC    28-302.5,Failure to File Amended Facade Technical Report,OPEN,227,0.0,0.0
37026183H,1/16/2024,2019225,205,EAST  238 STREET,BRONX,212,CLASS - 2,AC    28-302.5,Failure to File Amended Facade Technical Report,OPEN,227,0.0,0.0
37026184J,1/16/2024,2023511,1569,BRUCKNER BOULEVARD,BRONX,209,CLASS - 2,AC    28-302.5,Failure to File Amended Facade Technical Report,OPEN,227,0.0,0.0
37026185L,1/16/2024,1052285,123,EAST  116 STREET,MANHATTAN,111,CLASS - 2,AC    28-302.5,Failure to File Amended Facade Technical Report,OPEN,227,0.0,0.0
37026187P,1/16/2024,1051413,83,WEST  115 STREET,MANHATTAN,110,CLASS - 2,AC    28-302.5,Failure to File Amended Facade Technical Report,OPEN,227,0.0,0.0
37026188R,1/16/2024,1050529,1646,   1 AVENUE,MANHATTAN,108,CLASS - 2,AC    28-302.5,Failure to File Amended Facade Technical Report,OPEN,227,0.0,0.0
37026189Z,1/16/2024,1050351,430,EAST   80 STREET,MANHATTAN,108,CLASS - 2,AC    28-302.5,Failure to File Amended Facade Technical Report,OPEN,227,0.0,0.0
37026192J,1/16/2024,1047403,1350,MADISON AVENUE,MANHATTAN,108,CLASS - 2,AC    28-302.5,Failure to File Amended Facade Technical Report,OPEN,227,0.0,0.0
37026193L,1/16/2024,1047390,1133,   5 AVENUE,MANHATTAN,108,CLASS - 2,AC    28-302.5,Failure to File Amended Facade Technical Report,OPEN,227,0.0,0.0
37026194N,1/16/2024,1045169,343,EAST   76 STREET,MANHATTAN,108,CLASS - 2,AC    28-302.5,Failure to File Amended Facade Technical Report,OPEN,227,0.0,0.0
37026195P,1/16/2024,1044859,311,EAST   71 STREET,MANHATTAN,108,CLASS - 2,AC    28-302.5,Failure to File Amended Facade Technical Report,OPEN,227,0.0,0.0
37026197Z,1/16/2024,1055772,306,WEST  112 STREET,MANHATTAN,110,CLASS - 2,AC    28-302.5,Failure to File Amended Facade Technical Report,OPEN,227,0.0,0.0
37026198K,1/16/2024,1055495,444,CENTRAL PARK WEST,MANHATTAN,107,CLASS - 2,AC    28-302.5,Failure to File Amended Facade Technical Report,OPEN,227,0.0,0.0
37026199M,1/16/2024,1055481,4,WEST  104 STREET,MANHATTAN,107,CLASS - 2,AC    28-302.5,Failure to File Amended Facade Technical Report,OPEN,227,0.0,0.0
37026200K,1/16/2024,1055064,217,WEST  110 STREET,MANHATTAN,110,CLASS - 2,AC    28-302.5,Failure to File Amended Facade Technical Report,OPEN,227,0.0,0.0
37026201M,1/16/2024,1043547,200,EAST   61 STREET,MANHATTAN,108,CLASS - 2,AC    28-302.5,Failure to File Amended Facade Technical Report,OPEN,227,0.0,0.0
37026202Y,1/16/2024,1054723,348,EAST  119 STREET,MANHATTAN,111,CLASS - 2,AC    28-302.5,Failure to File Amended Facade Technical Report,OPEN,227,0.0,0.0
37026203X,1/16/2024,1054627,221,EAST  122 STREET,MANHATTAN,111,CLASS - 2,AC    28-302.5,Failure to File Amended Facade Technical Report,OPEN,227,0.0,0.0
37026204H,1/16/2024,1053863,50,WEST  132 STREET,MANHATTAN,110,CLASS - 2,AC    28-302.5,Failure to File Amended Facade Technical Report,OPEN,227,0.0,0.0
37026205J,1/16/2024,1053773,69,WEST  130 STREET,MANHATTAN,110,CLASS - 2,AC    28-302.5,Failure to File Amended Facade Technical Report,OPEN,227,0.0,0.0
37026206L,1/16/2024,1053710,46,WEST  129 STREET,MANHATTAN,110,CLASS - 2,AC    28-302.5,Failure to File Amended Facade Technical Report,OPEN,227,0.0,0.0
37026207N,1/16/2024,1053657,60,WEST  128 STREET,MANHATTAN,110,CLASS - 2,AC    28-302.5,Failure to File Amended Facade Technical Report,OPEN,227,0.0,0.0
37026208P,1/16/2024,1055065,207,WEST  110 STREET,MANHATTAN,110,CLASS - 2,AC    28-302.5,Failure to File Amended Facade Technical Report,OPEN,227,0.0,0.0
37026209R,1/16/2024,1043912,220,EAST   70 STREET,MANHATTAN,108,CLASS - 2,AC    28-302.5,Failure to File Amended Facade Technical Report,OPEN,227,0.0,0.0
37026211X,1/16/2024,1035395,18,EAST   46 STREET,MANHATTAN,105,CLASS - 2,AC    28-302.5,Failure to File Amended Facade Technical Report,OPEN,227,0.0,0.0
37026212H,1/16/2024,1035383,109,EAST   42 STREET,MANHATTAN,105,CLASS - 2,AC    28-302.5,Failure to File Amended Facade Technical Report,OPEN,227,0.0,0.0
37026215N,1/16/2024,1035332,299,MADISON AVENUE,MANHATTAN,105,CLASS - 2,AC    28-302.5,Failure to File Amended Facade Technical Report,OPEN,227,0.0,0.0
37026217R,1/16/2024,1036085,617,MADISON AVENUE,MANHATTAN,105,CLASS - 2,AC    28-302.5,Failure to File Amended Facade Technical Report,OPEN,227,0.0,0.0
37026218Z,1/16/2024,1034345,36,WEST   47 STREET,MANHATTAN,105,CLASS - 2,AC    28-302.5,Failure to File Amended Facade Technical Report,OPEN,227,0.0,0.0
37026219K,1/16/2024,1034242,49,WEST   45 STREET,MANHATTAN,105,CLASS - 2,AC    28-302.5,Failure to File Amended Facade Technical Report,OPEN,227,0.0,0.0
37026220H,1/16/2024,1034203,44,WEST   44 STREET,MANHATTAN,105,CLASS - 2,AC    28-302.5,Failure to File Amended Facade Technical Report,OPEN,227,0.0,0.0
37026222L,1/16/2024,1034123,667,WEST END AVENUE,MANHATTAN,107,CLASS - 2,AC    28-302.5,Failure to File Amended Facade Technical Report,OPEN,227,0.0,0.0
37026223N,1/16/2024,1043067,111,EAST   73 STREET,MANHATTAN,108,CLASS - 2,AC    28-302.5,Failure to File Amended Facade Technical Report,OPEN,227,0.0,0.0
37026225R,1/16/2024,1041080,37,EAST   64 STREET,MANHATTAN,108,CLASS - 2,AC    28-302.5,Failure to File Amended Facade Technical Report,OPEN,227,0.0,0.0
37026227K,1/16/2024,1040906,28,EAST   63 STREET,MANHATTAN,108,CLASS - 2,AC    28-302.5,Failure to File Amended Facade Technical Report,OPEN,227,0.0,0.0
37026228M,1/16/2024,1038755,307,EAST   44 STREET,MANHATTAN,106,CLASS - 2,AC    28-302.5,Failure to File Amended Facade Technical Report,OPEN,227,0.0,0.0
37026232P,1/16/2024,1037573,241,EAST   44 STREET,MANHATTAN,106,CLASS - 2,AC    28-302.5,Failure to File Amended Facade Technical Report,OPEN,227,0.0,0.0
37026233R,1/16/2024,1037568,711,   3 AVENUE,MANHATTAN,106,CLASS - 2,AC    28-302.5,Failure to File Amended Facade Technical Report,OPEN,227,0.0,0.0
37026234Z,1/16/2024,1036441,541,LEXINGTON AVENUE,MANHATTAN,106,CLASS - 2,AC    28-302.5,Failure to File Amended Facade Technical Report,OPEN,227,0.0,0.0
37026235K,1/16/2024,1036182,132,EAST   45 STREET,MANHATTAN,106,CLASS - 2,AC    28-302.5,Failure to File Amended Facade Technical Report,OPEN,227,0.0,0.0
37026237Y,1/16/2024,1062361,3505,BROADWAY,MANHATTAN,109,CLASS - 2,AC    28-302.5,Failure to File Amended Facade Technical Report,OPEN,227,0.0,0.0
37026238X,1/16/2024,1061777,3458,BROADWAY,MANHATTAN,109,CLASS - 2,AC    28-302.5,Failure to File Amended Facade Technical Report,OPEN,227,0.0,0.0
37026241R,1/16/2024,1062680,556,WEST  156 STREET,MANHATTAN,112,CLASS - 2,AC    28-302.5,Failure to File Amended Facade Technical Report,OPEN,227,0.0,0.0
37026242Z,1/16/2024,1062678,3750,BROADWAY,MANHATTAN,112,CLASS - 2,AC    28-302.5,Failure to File Amended Facade Technical Report,OPEN,227,0.0,0.0
37026243K,1/16/2024,1062469,3675,BROADWAY,MANHATTAN,109,CLASS - 2,AC    28-302.5,Failure to File Amended Facade Technical Report,OPEN,227,0.0,0.0
37026246X,1/16/2024,1062333,618,WEST  142 STREET,MANHATTAN,109,CLASS - 2,AC    28-302.5,Failure to File Amended Facade Technical Report,OPEN,227,0.0,0.0
37026247H,1/16/2024,1062327,617,WEST  141 STREET,MANHATTAN,109,CLASS - 2,AC    28-302.5,Failure to File Amended Facade Technical Report,OPEN,227,0.0,0.0
37026249L,1/16/2024,1062297,603,WEST  138 STREET,MANHATTAN,109,CLASS - 2,AC    28-302.5,Failure to File Amended Facade Technical Report,OPEN,227,0.0,0.0
37026251K,1/16/2024,1061969,561,WEST  147 STREET,MANHATTAN,109,CLASS - 2,AC    28-302.5,Failure to File Amended Facade Technical Report,OPEN,227,0.0,0.0
37026252M,1/16/2024,1062457,3671,BROADWAY,MANHATTAN,109,CLASS - 2,AC    28-302.5,Failure to File Amended Facade Technical Report,OPEN,227,0.0,0.0
37026253Y,1/16/2024,1064953,25,COOPER STREET,MANHATTAN,112,CLASS - 2,AC    28-302.5,Failure to File Amended Facade Technical Report,OPEN,227,0.0,0.0
37026254X,1/16/2024,1064643,1,MARBLE HILL AVENUE,MANHATTAN,208,CLASS - 2,AC    28-302.5,Failure to File Amended Facade Technical Report,OPEN,227,0.0,0.0
37026256J,1/16/2024,1064412,1,BENNETT AVENUE,MANHATTAN,112,CLASS - 2,AC    28-302.5,Failure to File Amended Facade Technical Report,OPEN,227,0.0,0.0
37026257L,1/16/2024,1064369,220,CABRINI BOULEVARD,MANHATTAN,112,CLASS - 2,AC    28-302.5,Failure to File Amended Facade Technical Report,OPEN,227,0.0,0.0
37026258N,1/16/2024,1064298,461,FORT WASHINGTON AVENUE,MANHATTAN,112,CLASS - 2,AC    28-302.5,Failure to File Amended Facade Technical Report,OPEN,227,0.0,0.0
37026259P,1/16/2024,1064289,2,PINEHURST AVENUE,MANHATTAN,112,CLASS - 2,AC    28-302.5,Failure to File Amended Facade Technical Report,OPEN,227,0.0,0.0
37026260M,1/16/2024,1064275,454,FORT WASHINGTON AVENUE,MANHATTAN,112,CLASS - 2,AC    28-302.5,Failure to File Amended Facade Technical Report,OPEN,227,0.0,0.0
37026261Y,1/16/2024,1064134,20,BOGARDUS PLACE,MANHATTAN,112,CLASS - 2,AC    28-302.5,Failure to File Amended Facade Technical Report,OPEN,227,0.0,0.0
37026262X,1/16/2024,1063586,480,WEST  187 STREET,MANHATTAN,112,CLASS - 2,AC    28-302.5,Failure to File Amended Facade Technical Report,OPEN,227,0.0,0.0
37026264J,1/16/2024,1063448,4,SOUTH PINEHURST AVENUE,MANHATTAN,112,CLASS - 2,AC    28-302.5,Failure to File Amended Facade Technical Report,OPEN,227,0.0,0.0
37026265L,1/16/2024,1064337,815,WEST  181 STREET,MANHATTAN,112,CLASS - 2,AC    28-302.5,Failure to File Amended Facade Technical Report,OPEN,227,0.0,0.0
37026268R,1/16/2024,1057356,622,WEST  114 STREET,MANHATTAN,109,CLASS - 2,AC    28-302.5,Failure to File Amended Facade Technical Report,OPEN,227,0.0,0.0
37026270X,1/16/2024,1057188,310,RIVERSIDE DRIVE,MANHATTAN,107,CLASS - 2,AC    28-302.5,Failure to File Amended Facade Technical Report,OPEN,227,0.0,0.0
37026271H,1/16/2024,1057146,285,RIVERSIDE DRIVE,MANHATTAN,107,CLASS - 2,AC    28-302.5,Failure to File Amended Facade Technical Report,OPEN,227,0.0,0.0
37026272J,1/16/2024,1057094,276,RIVERSIDE DRIVE,MANHATTAN,107,CLASS - 2,AC    28-302.5,Failure to File Amended Facade Technical Report,OPEN,227,0.0,0.0
37026273L,1/16/2024,1057065,250,RIVERSIDE DRIVE,MANHATTAN,107,CLASS - 2,AC    28-302.5,Failure to File Amended Facade Technical Report,OPEN,227,0.0,0.0
37026274N,1/16/2024,1057031,1080,AMSTERDAM AVENUE,MANHATTAN,109,CLASS - 2,AC    28-302.5,Failure to File Amended Facade Technical Report,OPEN,227,0.0,0.0
37026277Z,1/16/2024,1057135,823,WEST END AVENUE,MANHATTAN,107,CLASS - 2,AC    28-302.5,Failure to File Amended Facade Technical Report,OPEN,227,0.0,0.0
37026278K,1/16/2024,1060395,2640,   8 AVENUE,MANHATTAN,110,CLASS - 2,AC    28-302.5,Failure to File Amended Facade Technical Report,OPEN,227,0.0,0.0
37026281L,1/16/2024,1061551,408,WEST  150 STREET,MANHATTAN,109,CLASS - 2,AC    28-302.5,Failure to File Amended Facade Technical Report,OPEN,227,0.0,0.0
37026282N,1/16/2024,1061214,1627,AMSTERDAM AVENUE,MANHATTAN,109,CLASS - 2,AC    28-302.5,Failure to File Amended Facade Technical Report,OPEN,227,0.0,0.0
37026283P,1/16/2024,1061193,1619,AMSTERDAM AVENUE,MANHATTAN,109,CLASS - 2,AC    28-302.5,Failure to File Amended Facade Technical Report,OPEN,227,0.0,0.0
37026284R,1/16/2024,1061189,66,ST NICHOLAS PLACE,MANHATTAN,109,CLASS - 2,AC    28-302.5,Failure to File Amended Facade Technical Report,OPEN,227,0.0,0.0
37026285Z,1/16/2024,1057818,157,WEST  124 STREET,MANHATTAN,110,CLASS - 2,AC    28-302.5,Failure to File Amended Facade Technical Report,OPEN,227,0.0,0.0
37026286K,1/16/2024,1060413,2400,   7 AVENUE,MANHATTAN,110,CLASS - 2,AC    28-302.5,Failure to File Amended Facade Technical Report,OPEN,227,0.0,0.0
37026287M,1/16/2024,1060178,163,WEST  145 STREET,MANHATTAN,110,CLASS - 2,AC    28-302.5,Failure to File Amended Facade Technical Report,OPEN,227,0.0,0.0
37026288Y,1/16/2024,1059655,509,WEST  121 STREET,MANHATTAN,109,CLASS - 2,AC    28-302.5,Failure to File Amended Facade Technical Report,OPEN,227,0.0,0.0
37026290N,1/16/2024,1058613,2294,   8 AVENUE,MANHATTAN,110,CLASS - 2,AC    28-302.5,Failure to File Amended Facade Technical Report,OPEN,227,0.0,0.0
37026291P,1/16/2024,1007627,131,MERCER STREET,MANHATTAN,102,CLASS - 2,AC    28-302.5,Failure to File Amended Facade Technical Report,OPEN,227,0.0,0.0
37026292R,1/16/2024,1013565,345,WEST   35 STREET,MANHATTAN,104,CLASS - 2,AC    28-302.5,Failure to File Amended Facade Technical Report,OPEN,227,0.0,0.0
37026293Z,1/16/2024,1013561,481,   8 AVENUE,MANHATTAN,104,CLASS - 2,AC    28-302.5,Failure to File Amended Facade Technical Report,OPEN,227,0.0,0.0
37026295M,1/16/2024,1012857,453,WEST   34 STREET,MANHATTAN,104,CLASS - 2,AC    28-302.5,Failure to File Amended Facade Technical Report,OPEN,227,0.0,0.0
37026296Y,1/16/2024,1010637,138,WEST   14 STREET,MANHATTAN,102,CLASS - 2,AC    28-302.5,Failure to File Amended Facade Technical Report,OPEN,227,0.0,0.0
37026297X,1/16/2024,1009716,8,WEST   14 STREET,MANHATTAN,102,CLASS - 2,AC    28-302.5,Failure to File Amended Facade Technical Report,OPEN,227,0.0,0.0
37026298H,1/16/2024,1009283,88,UNIVERSITY PLACE,MANHATTAN,102,CLASS - 2,AC    28-302.5,Failure to File Amended Facade Technical Report,OPEN,227,0.0,0.0
37026299J,1/16/2024,1009128,97,UNIVERSITY PLACE,MANHATTAN,102,CLASS - 2,AC    28-302.5,Failure to File Amended Facade Technical Report,OPEN,227,0.0,0.0
37026300H,1/16/2024,1008793,718,BROADWAY,MANHATTAN,102,CLASS - 2,AC    28-302.5,Failure to File Amended Facade Technical Report,OPEN,227,0.0,0.0
37026301J,1/16/2024,1008791,710,BROADWAY,MANHATTAN,102,CLASS - 2,AC    28-302.5,Failure to File Amended Facade Technical Report,OPEN,227,0.0,0.0
37026303N,1/16/2024,1010638,132,WEST   14 STREET,MANHATTAN,102,CLASS - 2,AC    28-302.5,Failure to File Amended Facade Technical Report,OPEN,227,0.0,0.0
37026304P,1/16/2024,1015881,40,WEST   35 STREET,MANHATTAN,105,CLASS - 2,AC    28-302.5,Failure to File Amended Facade Technical Report,OPEN,227,0.0,0.0
37026305R,1/16/2024,1015858,1270,BROADWAY,MANHATTAN,105,CLASS - 2,AC    28-302.5,Failure to File Amended Facade Technical Report,OPEN,227,0.0,0.0
37026307K,1/16/2024,1015383,27,WEST   16 STREET,MANHATTAN,105,CLASS - 2,AC    28-302.5,Failure to File Amended Facade Technical Report,OPEN,227,0.0,0.0
37026308M,1/16/2024,1007573,565,BROADWAY,MANHATTAN,102,CLASS - 2,AC    28-302.5,Failure to File Amended Facade Technical Report,OPEN,227,0.0,0.0
37026309Y,1/16/2024,1015174,371,   7 AVENUE,MANHATTAN,105,CLASS - 2,AC    28-302.5,Failure to File Amended Facade Technical Report,OPEN,227,0.0,0.0
37026310L,1/16/2024,1015154,363,   7 AVENUE,MANHATTAN,105,CLASS - 2,AC    28-302.5,Failure to File Amended Facade Technical Report,OPEN,227,0.0,0.0
37026311N,1/16/2024,1015089,130,WEST   28 STREET,MANHATTAN,105,CLASS - 2,AC    28-302.5,Failure to File Amended Facade Technical Report,OPEN,227,0.0,0.0
37026313R,1/16/2024,1014467,256,WEST   38 STREET,MANHATTAN,105,CLASS - 2,AC    28-302.5,Failure to File Amended Facade Technical Report,OPEN,227,0.0,0.0
37026316M,1/16/2024,1002323,396,BROADWAY,MANHATTAN,101,CLASS - 2,AC    28-302.5,Failure to File Amended Facade Technical Report,OPEN,227,0.0,0.0
37026318X,1/16/2024,1001635,273,BROADWAY,MANHATTAN,101,CLASS - 2,AC    28-302.5,Failure to File Amended Facade Technical Report,OPEN,227,0.0,0.0
37026319H,1/16/2024,1001362,264,WATER STREET,MANHATTAN,101,CLASS - 2,AC    28-302.5,Failure to File Amended Facade Technical Report,OPEN,227,0.0,0.0
37026320P,1/16/2024,1001215,73,NASSAU STREET,MANHATTAN,101,CLASS - 2,AC    28-302.5,Failure to File Amended Facade Technical Report,OPEN,227,0.0,0.0
37026322Z,1/16/2024,1001052,108,GREENWICH STREET,MANHATTAN,101,CLASS - 2,AC    28-302.5,Failure to File Amended Facade Technical Report,OPEN,227,0.0,0.0
37026323K,1/16/2024,1001033,78,TRINITY PLACE,MANHATTAN,101,CLASS - 2,AC    28-302.5,Failure to File Amended Facade Technical Report,OPEN,227,0.0,0.0
37026324M,1/16/2024,1001029,111,BROADWAY,MANHATTAN,101,CLASS - 2,AC    28-302.5,Failure to File Amended Facade Technical Report,OPEN,227,0.0,0.0
37026325Y,1/16/2024,1001015,80,MAIDEN LANE,MANHATTAN,101,CLASS - 2,AC    28-302.5,Failure to File Amended Facade Technical Report,OPEN,227,0.0,0.0
37026326X,1/16/2024,1001003,72,WALL STREET,MANHATTAN,101,CLASS - 2,AC    28-302.5,Failure to File Amended Facade Technical Report,OPEN,227,0.0,0.0
37026327H,1/16/2024,1000854,46,WATER STREET,MANHATTAN,101,CLASS - 2,AC    28-302.5,Failure to File Amended Facade Technical Report,OPEN,227,0.0,0.0
37026328J,1/16/2024,1000793,82,WASHINGTON STREET,MANHATTAN,101,CLASS - 2,AC    28-302.5,Failure to File Amended Facade Technical Report,OPEN,227,0.0,0.0
37026331K,1/16/2024,1007381,554,BROOME STREET,MANHATTAN,102,CLASS - 2,AC    28-302.5,Failure to File Amended Facade Technical Report,OPEN,227,0.0,0.0
37026332M,1/16/2024,1007350,79,SULLIVAN STREET,MANHATTAN,102,CLASS - 2,AC    28-302.5,Failure to File Amended Facade Technical Report,OPEN,227,0.0,0.0
37026333Y,1/16/2024,1007248,525,BROADWAY,MANHATTAN,102,CLASS - 2,AC    28-302.5,Failure to File Amended Facade Technical Report,OPEN,227,0.0,0.0
37026334X,1/16/2024,1007247,96,SPRING STREET,MANHATTAN,102,CLASS - 2,AC    28-302.5,Failure to File Amended Facade Technical Report,OPEN,227,0.0,0.0
37026336J,1/16/2024,1002382,75,BAXTER STREET,MANHATTAN,103,CLASS - 2,AC    28-302.5,Failure to File Amended Facade Technical Report,OPEN,227,0.0,0.0
37026337L,1/16/2024,1004485,272,EAST    7 STREET,MANHATTAN,103,CLASS - 2,AC    28-302.5,Failure to File Amended Facade Technical Report,OPEN,227,0.0,0.0
37026338N,1/16/2024,1004077,36,ATTORNEY STREET,MANHATTAN,103,CLASS - 2,AC    28-302.5,Failure to File Amended Facade Technical Report,OPEN,227,0.0,0.0
37026340M,1/16/2024,1026893,432,WEST   58 STREET,MANHATTAN,104,CLASS - 2,AC    28-302.5,Failure to File Amended Facade Technical Report,OPEN,227,0.0,0.0
37026343H,1/16/2024,1028692,301,COLUMBUS AVENUE,MANHATTAN,107,CLASS - 2,AC    28-302.5,Failure to File Amended Facade Technical Report,OPEN,227,0.0,0.0
37026344J,1/16/2024,1028234,50,WEST   67 STREET,MANHATTAN,107,CLASS - 2,AC    28-302.5,Failure to File Amended Facade Technical Report,OPEN,227,0.0,0.0
37026345L,1/16/2024,1030522,238,WEST   73 STREET,MANHATTAN,107,CLASS - 2,AC    28-302.5,Failure to File Amended Facade Technical Report,OPEN,227,0.0,0.0
37026346N,1/16/2024,1026317,353,WEST   57 STREET,MANHATTAN,104,CLASS - 2,AC    28-302.5,Failure to File Amended Facade Technical Report,OPEN,227,0.0,0.0
37026348R,1/16/2024,1024784,242,WEST   49 STREET,MANHATTAN,105,CLASS - 2,AC    28-302.5,Failure to File Amended Facade Technical Report,OPEN,227,0.0,0.0
37026349Z,1/16/2024,1024781,220,WEST   49 STREET,MANHATTAN,105,CLASS - 2,AC    28-302.5,Failure to File Amended Facade Technical Report,OPEN,227,0.0,0.0
37026350X,1/16/2024,1024737,235,WEST   46 STREET,MANHATTAN,105,CLASS - 2,AC    28-302.5,Failure to File Amended Facade Technical Report,OPEN,227,0.0,0.0
37026351H,1/16/2024,1024714,1515,BROADWAY,MANHATTAN,105,CLASS - 2,AC    28-302.5,Failure to File Amended Facade Technical Report,OPEN,227,0.0,0.0
37026354N,1/16/2024,1033301,216,WEST   89 STREET,MANHATTAN,107,CLASS - 2,AC    28-302.5,Failure to File Amended Facade Technical Report,OPEN,227,0.0,0.0
37026355P,1/16/2024,1033224,570,WEST END AVENUE,MANHATTAN,107,CLASS - 2,AC    28-302.5,Failure to File Amended Facade Technical Report,OPEN,227,0.0,0.0
37026356R,1/16/2024,1033149,530,WEST END AVENUE,MANHATTAN,107,CLASS - 2,AC    28-302.5,Failure to File Amended Facade Technical Report,OPEN,227,0.0,0.0
37026357Z,1/16/2024,1032651,420,WEST END AVENUE,MANHATTAN,107,CLASS - 2,AC    28-302.5,Failure to File Amended Facade Technical Report,OPEN,227,0.0,0.0
37026359M,1/16/2024,1031679,350,CENTRAL PARK WEST,MANHATTAN,107,CLASS - 2,AC    28-302.5,Failure to File Amended Facade Technical Report,OPEN,227,0.0,0.0
37026360J,1/16/2024,1031625,315,CENTRAL PARK WEST,MANHATTAN,107,CLASS - 2,AC    28-302.5,Failure to File Amended Facade Technical Report,OPEN,227,0.0,0.0
37026361L,1/16/2024,1031595,621,COLUMBUS AVENUE,MANHATTAN,107,CLASS - 2,AC    28-302.5,Failure to File Amended Facade Technical Report,OPEN,227,0.0,0.0
37026362N,1/16/2024,1031093,323,WEST   77 STREET,MANHATTAN,107,CLASS - 2,AC    28-302.5,Failure to File Amended Facade Technical Report,OPEN,227,0.0,0.0
37026363P,1/16/2024,1030847,252,WEST   76 STREET,MANHATTAN,107,CLASS - 2,AC    28-302.5,Failure to File Amended Facade Technical Report,OPEN,227,0.0,0.0
37026365Z,1/16/2024,1031765,102,WEST   80 STREET,MANHATTAN,107,CLASS - 2,AC    28-302.5,Failure to File Amended Facade Technical Report,OPEN,227,0.0,0.0
37026366K,1/16/2024,1016920,89,MADISON AVENUE,MANHATTAN,105,CLASS - 2,AC    28-302.5,Failure to File Amended Facade Technical Report,OPEN,227,0.0,0.0
37026367M,1/16/2024,1017600,16,EAST   40 STREET,MANHATTAN,105,CLASS - 2,AC    28-302.5,Failure to File Amended Facade Technical Report,OPEN,227,0.0,0.0
37026371P,1/16/2024,1016955,13,EAST   30 STREET,MANHATTAN,105,CLASS - 2,AC    28-302.5,Failure to File Amended Facade Technical Report,OPEN,227,0.0,0.0
37026372R,1/16/2024,1016213,260,PARK AVENUE SOUTH,MANHATTAN,105,CLASS - 2,AC    28-302.5,Failure to File Amended Facade Technical Report,OPEN,227,0.0,0.0
37026373Z,1/16/2024,1016132,220,PARK AVENUE SOUTH,MANHATTAN,105,CLASS - 2,AC    28-302.5,Failure to File Amended Facade Technical Report,OPEN,227,0.0,0.0
37026375M,1/16/2024,1016044,15,WEST   39 STREET,MANHATTAN,105,CLASS - 2,AC    28-302.5,Failure to File Amended Facade Technical Report,OPEN,227,0.0,0.0
37026376Y,1/16/2024,1016011,32,WEST   39 STREET,MANHATTAN,105,CLASS - 2,AC    28-302.5,Failure to File Amended Facade Technical Report,OPEN,227,0.0,0.0
37026379J,1/16/2024,1016956,118,MADISON AVENUE,MANHATTAN,105,CLASS - 2,AC    28-302.5,Failure to File Amended Facade Technical Report,OPEN,227,0.0,0.0
37026381Z,1/16/2024,1022666,129,WEST   46 STREET,MANHATTAN,105,CLASS - 2,AC    28-302.5,Failure to File Amended Facade Technical Report,OPEN,227,0.0,0.0
37026382K,1/16/2024,1022616,120,WEST   44 STREET,MANHATTAN,105,CLASS - 2,AC    28-302.5,Failure to File Amended Facade Technical Report,OPEN,227,0.0,0.0
37026383M,1/16/2024,1022560,143,WEST   40 STREET,MANHATTAN,105,CLASS - 2,AC    28-302.5,Failure to File Amended Facade Technical Report,OPEN,227,0.0,0.0
37026384Y,1/16/2024,1022553,801,EAST   14 STREET,MANHATTAN,106,CLASS - 2,AC    28-302.5,Failure to File Amended Facade Technical Report,OPEN,227,0.0,0.0
37026385X,1/16/2024,1020430,313,EAST   17 STREET,MANHATTAN,106,CLASS - 2,AC    28-302.5,Failure to File Amended Facade Technical Report,OPEN,227,0.0,0.0
37026386H,1/16/2024,1000000,257,PARK AVENUE,MANHATTAN,   ,CLASS - 2,AC    28-302.5,Failure to File Amended Facade Technical Report,OPEN,227,0.0,0.0
37026387J,1/16/2024,1017954,36,GRAMERCY PARK,MANHATTAN,106,CLASS - 2,AC    28-302.5,Failure to File Amended Facade Technical Report,OPEN,227,0.0,0.0
37026388L,1/16/2024,1019481,141,EAST   39 STREET,MANHATTAN,106,CLASS - 2,AC    28-302.5,Failure to File Amended Facade Technical Report,OPEN,227,0.0,0.0
37026390K,1/16/2024,1019157,331,LEXINGTON AVENUE,MANHATTAN,106,CLASS - 2,AC    28-302.5,Failure to File Amended Facade Technical Report,OPEN,227,0.0,0.0
37026391M,1/16/2024,1019118,106,EAST   38 STREET,MANHATTAN,106,CLASS - 2,AC    28-302.5,Failure to File Amended Facade Technical Report,OPEN,227,0.0,0.0
37026392Y,1/16/2024,1018246,119,EAST   29 STREET,MANHATTAN,105,CLASS - 2,AC    28-302.5,Failure to File Amended Facade Technical Report,OPEN,227,0.0,0.0
37026393X,1/16/2024,1023388,849,   7 AVENUE,MANHATTAN,105,CLASS - 2,AC    28-302.5,Failure to File Amended Facade Technical Report,OPEN,227,0.0,0.0
37026395J,1/16/2024,3107446,665,NEW YORK AVENUE,BROOKLYN,309,CLASS - 2,AC    28-302.5,Failure to File Amended Facade Technical Report,OPEN,227,0.0,0.0
37026396L,1/16/2024,3105968,5455,KINGS HIGHWAY,BROOKLYN,317,CLASS - 2,AC    28-302.5,Failure to File Amended Facade Technical Report,OPEN,227,0.0,0.0
37026399R,1/16/2024,3055136,453,DEKALB AVENUE,BROOKLYN,303,CLASS - 2,AC    28-302.5,Failure to File Amended Facade Technical Report,OPEN,227,0.0,0.0
37026400P,1/16/2024,3031299,981,PARK PLACE,BROOKLYN,308,CLASS - 2,AC    28-302.5,Failure to File Amended Facade Technical Report,OPEN,227,0.0,0.0
37026401R,1/16/2024,3029715,49,CROWN STREET,BROOKLYN,309,CLASS - 2,AC    28-302.5,Failure to File Amended Facade Technical Report,OPEN,227,0.0,0.0
37026404M,1/16/2024,2083372,2700,HENRY HUDSON PARKWAY,BRONX,208,CLASS - 2,AC    28-302.5,Failure to File Amended Facade Technical Report,OPEN,227,0.0,0.0
37026407H,1/16/2024,,13,EASTERN PARKWAY,BROOKLYN,   ,CLASS - 2,AC    28-302.5,Failure to File Amended Facade Technical Report,OPEN,227,0.0,0.0
37026408J,1/16/2024,3247956,3235,EMMONS AVENUE,BROOKLYN,315,CLASS - 2,AC    28-302.5,Failure to File Amended Facade Technical Report,OPEN,227,0.0,0.0
37026409L,1/16/2024,3246946,2775,EAST   12 STREET,BROOKLYN,315,CLASS - 2,AC    28-302.5,Failure to File Amended Facade Technical Report,OPEN,227,0.0,0.0
37026410Z,1/16/2024,3246945,2750,HOMECREST AVENUE,BROOKLYN,315,CLASS - 2,AC    28-302.5,Failure to File Amended Facade Technical Report,OPEN,227,0.0,0.0
37026411K,1/16/2024,3245726,1311,BRIGHTWATER AVENUE,BROOKLYN,313,CLASS - 2,AC    28-302.5,Failure to File Amended Facade Technical Report,OPEN,227,0.0,0.0
37026413Y,1/16/2024,3245106,601,BRIGHTWATER COURT,BROOKLYN,313,CLASS - 2,AC    28-302.5,Failure to File Amended Facade Technical Report,OPEN,227,0.0,0.0
37026414X,1/16/2024,3237617,6910,AVENUE U,BROOKLYN,318,CLASS - 2,AC    28-302.5,Failure to File Amended Facade Technical Report,OPEN,227,0.0,0.0
37026415H,1/16/2024,3137572,950,  49 STREET,BROOKLYN,312,CLASS - 2,AC    28-302.5,Failure to File Amended Facade Technical Report,OPEN,227,0.0,0.0
37026416J,1/16/2024,3124304,160,OCEAN PARKWAY,BROOKLYN,312,CLASS - 2,AC    28-302.5,Failure to File Amended Facade Technical Report,OPEN,227,0.0,0.0
37026418N,1/16/2024,3245725,3131,BRIGHTON   13 STREET,BROOKLYN,313,CLASS - 2,AC    28-302.5,Failure to File Amended Facade Technical Report,OPEN,227,0.0,0.0
37026419P,1/16/2024,2090368,754,BRADY AVENUE,BRONX,211,CLASS - 2,AC    28-302.5,Failure to File Amended Facade Technical Report,OPEN,227,0.0,0.0
37026421Y,1/16/2024,2092536,3555,KINGS COLLEGE PLACE,BRONX,207,CLASS - 2,AC    28-302.5,Failure to File Amended Facade Technical Report,OPEN,227,0.0,0.0
37026422X,1/16/2024,2092284,665,EAST  181 STREET,BRONX,206,CLASS - 2,AC    28-302.5,Failure to File Amended Facade Technical Report,OPEN,227,0.0,0.0
37026423H,1/16/2024,2092283,2141,CROTONA AVENUE,BRONX,206,CLASS - 2,AC    28-302.5,Failure to File Amended Facade Technical Report,OPEN,227,0.0,0.0
37026424J,1/16/2024,2087904,2505,BARKER AVENUE,BRONX,211,CLASS - 2,AC    28-302.5,Failure to File Amended Facade Technical Report,OPEN,227,0.0,0.0
37026426N,1/16/2024,2084100,3260,NETHERLAND AVENUE,BRONX,208,CLASS - 2,AC    28-302.5,Failure to File Amended Facade Technical Report,OPEN,227,0.0,0.0
37026427P,1/16/2024,2084073,3299,CAMBRIDGE AVENUE,BRONX,208,CLASS - 2,AC    28-302.5,Failure to File Amended Facade Technical Report,OPEN,227,0.0,0.0
37026429Z,1/16/2024,3000324,365,JAY STREET,BROOKLYN,302,CLASS - 2,AC    28-302.5,Failure to File Amended Facade Technical Report,OPEN,227,0.0,0.0
37026430X,1/16/2024,2128909,4259,PARK AVENUE,BRONX,206,CLASS - 2,AC    28-302.5,Failure to File Amended Facade Technical Report,OPEN,227,0.0,0.0
37026432J,1/16/2024,2100240,2020,SEDGWICK AVENUE,BRONX,205,CLASS - 2,AC    28-302.5,Failure to File Amended Facade Technical Report,OPEN,227,0.0,0.0
37026433L,1/16/2024,2116936,5959,PALISADE AVENUE,BRONX,208,CLASS - 2,AC    28-302.5,Failure to File Amended Facade Technical Report,OPEN,227,0.0,0.0
37026435P,1/16/2024,2110145,3535,KINGS COLLEGE PLACE,BRONX,207,CLASS - 2,AC    28-302.5,Failure to File Amended Facade Technical Report,OPEN,227,0.0,0.0
37026436R,1/16/2024,2117805,779,MELROSE AVENUE,BRONX,201,CLASS - 2,AC    28-302.5,Failure to File Amended Facade Technical Report,OPEN,227,0.0,0.0
37026437Z,1/16/2024,4047258,94-31,  59 AVENUE,QUEENS,404,CLASS - 2,AC    28-302.5,Failure to File Amended Facade Technical Report,OPEN,227,0.0,0.0
37026440J,1/16/2024,4072134,63-84,SAUNDERS STREET,QUEENS,406,CLASS - 2,AC    28-302.5,Failure to File Amended Facade Technical Report,OPEN,227,0.0,0.0
37026441L,1/16/2024,4113635,38-15,BOWNE STREET,QUEENS,407,CLASS - 2,AC    28-302.5,Failure to File Amended Facade Technical Report,OPEN,227,0.0,0.0
37026442N,1/16/2024,4047305,94-30,  60 AVENUE,QUEENS,404,CLASS - 2,AC    28-302.5,Failure to File Amended Facade Technical Report,OPEN,227,0.0,0.0
37026443P,1/16/2024,4047258,94-30,  58 AVENUE,QUEENS,404,CLASS - 2,AC    28-302.5,Failure to File Amended Facade Technical Report,OPEN,227,0.0,0.0
37026445Z,1/16/2024,4038701,83-37,ST JAMES AVENUE,QUEENS,404,CLASS - 2,AC    28-302.5,Failure to File Amended Facade Technical Report,OPEN,227,0.0,0.0
37026446K,1/16/2024,4037523,84-11,ELMHURST AVENUE,QUEENS,404,CLASS - 2,AC    28-302.5,Failure to File Amended Facade Technical Report,OPEN,227,0.0,0.0
37026449X,1/16/2024,4431320,33-26,  82 STREET,QUEENS,403,CLASS - 2,AC    28-302.5,Failure to File Amended Facade Technical Report,OPEN,227,0.0,0.0
37026450N,1/16/2024,4431319,33-16,  82 STREET,QUEENS,403,CLASS - 2,AC    28-302.5,Failure to File Amended Facade Technical Report,OPEN,227,0.0,0.0
37026452R,1/16/2024,4431317,33-25,  81 STREET,QUEENS,403,CLASS - 2,AC    28-302.5,Failure to File Amended Facade Technical Report,OPEN,227,0.0,0.0
37026453Z,1/16/2024,4431316,33-15,  81 STREET,QUEENS,403,CLASS - 2,AC    28-302.5,Failure to File Amended Facade Technical Report,OPEN,227,0.0,0.0
37026454K,1/16/2024,4430537,19-19,BROOKHAVEN AVENUE,QUEENS,414,CLASS - 2,AC    28-302.5,Failure to File Amended Facade Technical Report,OPEN,227,0.0,0.0
37026455M,1/16/2024,4007748,26-80,  30 STREET,QUEENS,401,CLASS - 2,AC    28-302.5,Failure to File Amended Facade Technical Report,OPEN,227,0.0,0.0
37026457X,1/16/2024,4117142,42-40,BOWNE STREET,QUEENS,407,CLASS - 2,AC    28-302.5,Failure to File Amended Facade Technical Report,OPEN,227,0.0,0.0
37026458H,1/16/2024,4115790,137-05,FRANKLIN AVENUE,QUEENS,407,CLASS - 2,AC    28-302.5,Failure to File Amended Facade Technical Report,OPEN,227,0.0,0.0
37026459J,1/16/2024,3384978,2120,OCEAN AVENUE,BROOKLYN,315,CLASS - 2,AC    28-302.5,Failure to File Amended Facade Technical Report,OPEN,227,0.0,0.0
37026460R,1/16/2024,3378319,195,SPENCER STREET,BROOKLYN,303,CLASS - 2,AC    28-302.5,Failure to File Amended Facade Technical Report,OPEN,227,0.0,0.0
37026461Z,1/16/2024,3343260,765,LINCOLN AVENUE,BROOKLYN,305,CLASS - 2,AC    28-302.5,Failure to File Amended Facade Technical Report,OPEN,227,0.0,0.0
37026462K,1/16/2024,3343256,735,LINCOLN AVENUE,BROOKLYN,305,CLASS - 2,AC    28-302.5,Failure to File Amended Facade Technical Report,OPEN,227,0.0,0.0
37026463M,1/16/2024,3343253,790,ELDERT LANE,BROOKLYN,305,CLASS - 2,AC    28-302.5,Failure to File Amended Facade Technical Report,OPEN,227,0.0,0.0
37026464Y,1/16/2024,3343250,760,ELDERT LANE,BROOKLYN,305,CLASS - 2,AC    28-302.5,Failure to File Amended Facade Technical Report,OPEN,227,0.0,0.0
37026465X,1/16/2024,3338423,29,MOORE STREET,BROOKLYN,301,CLASS - 2,AC    28-302.5,Failure to File Amended Facade Technical Report,OPEN,227,0.0,0.0
37026466H,1/16/2024,3338422,67,MANHATTAN AVENUE,BROOKLYN,301,CLASS - 2,AC    28-302.5,Failure to File Amended Facade Technical Report,OPEN,227,0.0,0.0
37026467J,1/16/2024,3331320,80,ROSS STREET,BROOKLYN,301,CLASS - 2,AC    28-302.5,Failure to File Amended Facade Technical Report,OPEN,227,0.0,0.0
37026468L,1/16/2024,3331317,70,ROSS STREET,BROOKLYN,301,CLASS - 2,AC    28-302.5,Failure to File Amended Facade Technical Report,OPEN,227,0.0,0.0
37026469N,1/16/2024,2078922,270,LONGSTREET AVENUE,BRONX,210,CLASS - 2,AC    28-302.5,Failure to File Amended Facade Technical Report,OPEN,227,0.0,0.0
37026470K,1/16/2024,4003517,30-20,THOMSON AVENUE,QUEENS,402,CLASS - 2,AC    28-302.5,Failure to File Amended Facade Technical Report,OPEN,227,0.0,0.0
37026472Y,1/16/2024,4000969,50-05,  43 AVENUE,QUEENS,402,CLASS - 2,AC    28-302.5,Failure to File Amended Facade Technical Report,OPEN,227,0.0,0.0
37026473X,1/16/2024,4000531,21-09,BORDEN AVENUE,QUEENS,402,CLASS - 2,AC    28-302.5,Failure to File Amended Facade Technical Report,OPEN,227,0.0,0.0
37026474H,1/16/2024,3388502,84,ROSS STREET,BROOKLYN,301,CLASS - 2,AC    28-302.5,Failure to File Amended Facade Technical Report,OPEN,227,0.0,0.0
37026475J,1/16/2024,3388854,9036,   7 AVENUE,BROOKLYN,310,CLASS - 2,AC    28-302.5,Failure to File Amended Facade Technical Report,OPEN,227,0.0,0.0
37026479R,1/16/2024,3399814,90,CLERMONT AVENUE,BROOKLYN,302,CLASS - 2,AC    28-302.5,Failure to File Amended Facade Technical Report,OPEN,227,0.0,0.0
37026480Y,1/16/2024,3393877,349,METROPOLITAN AVENUE,BROOKLYN,301,CLASS - 2,AC    28-302.5,Failure to File Amended Facade Technical Report,OPEN,227,0.0,0.0
37026481X,1/16/2024,4000210,51-10,  21 STREET,QUEENS,402,CLASS - 2,AC    28-302.5,Failure to File Amended Facade Technical Report,OPEN,227,0.0,0.0
37026482H,1/16/2024,1087129,1196,YORK AVENUE,MANHATTAN,108,CLASS - 2,AC    28-302.5,Failure to File Amended Facade Technical Report,OPEN,227,0.0,0.0
37026483J,1/16/2024,1084106,450,WEST  131 STREET,MANHATTAN,109,CLASS - 2,AC    28-302.5,Failure to File Amended Facade Technical Report,OPEN,227,0.0,0.0
37026484L,1/16/2024,1087343,57,EAST  128 STREET,MANHATTAN,111,CLASS - 2,AC    28-302.5,Failure to File Amended Facade Technical Report,OPEN,227,0.0,0.0
37026486P,1/16/2024,1087241,229,CHRYSTIE STREET,MANHATTAN,103,CLASS - 2,AC    28-302.5,Failure to File Amended Facade Technical Report,OPEN,227,0.0,0.0
37026488Z,1/16/2024,1087473,309,EAST  118 STREET,MANHATTAN,111,CLASS - 2,AC    28-302.5,Failure to File Amended Facade Technical Report,OPEN,227,0.0,0.0
37026489K,1/16/2024,1087135,1198,YORK AVENUE,MANHATTAN,108,CLASS - 2,AC    28-302.5,Failure to File Amended Facade Technical Report,OPEN,227,0.0,0.0
37026490H,1/16/2024,1087126,1188,YORK AVENUE,MANHATTAN,108,CLASS - 2,AC    28-302.5,Failure to File Amended Facade Technical Report,OPEN,227,0.0,0.0
37026491J,1/16/2024,1087100,50,MADISON AVENUE,MANHATTAN,105,CLASS - 2,AC    28-302.5,Failure to File Amended Facade Technical Report,OPEN,227,0.0,0.0
37026493N,1/16/2024,1086230,554,WEST   53 STREET,MANHATTAN,104,CLASS - 2,AC    28-302.5,Failure to File Amended Facade Technical Report,OPEN,227,0.0,0.0
37026495R,1/16/2024,1087128,1200,YORK AVENUE,MANHATTAN,108,CLASS - 2,AC    28-302.5,Failure to File Amended Facade Technical Report,OPEN,227,0.0,0.0
37026496Z,1/16/2024,1088830,45,EAST  131 STREET,MANHATTAN,111,CLASS - 2,AC    28-302.5,Failure to File Amended Facade Technical Report,OPEN,227,0.0,0.0
37026497K,1/16/2024,2002746,1150,GRAND CONCOURSE,BRONX,204,CLASS - 2,AC    28-302.5,Failure to File Amended Facade Technical Report,OPEN,227,0.0,0.0
37026498M,1/16/2024,2002693,221,EAST  168 STREET,BRONX,204,CLASS - 2,AC    28-302.5,Failure to File Amended Facade Technical Report,OPEN,227,0.0,0.0
37026499Y,1/16/2024,2002298,1201,FINDLAY AVENUE,BRONX,204,CLASS - 2,AC    28-302.5,Failure to File Amended Facade Technical Report,OPEN,227,0.0,0.0
37026501Y,1/16/2024,1090147,959,   1 AVENUE,MANHATTAN,106,CLASS - 2,AC    28-302.5,Failure to File Amended Facade Technical Report,OPEN,227,0.0,0.0
37026502X,1/16/2024,1089677,31,WEST   15 STREET,MANHATTAN,105,CLASS - 2,AC    28-302.5,Failure to File Amended Facade Technical Report,OPEN,227,0.0,0.0
37026503H,1/16/2024,1089662,2211,   3 AVENUE,MANHATTAN,111,CLASS - 2,AC    28-302.5,Failure to File Amended Facade Technical Report,OPEN,227,0.0,0.0
37026506N,1/16/2024,1088494,8,CATHERINE STREET,MANHATTAN,103,CLASS - 2,AC    28-302.5,Failure to File Amended Facade Technical Report,OPEN,227,0.0,0.0
37026507P,1/16/2024,1088475,2070,   7 AVENUE,MANHATTAN,110,CLASS - 2,AC    28-302.5,Failure to File Amended Facade Technical Report,OPEN,227,0.0,0.0
37026509Z,1/16/2024,1087594,2279,   3 AVENUE,MANHATTAN,111,CLASS - 2,AC    28-302.5,Failure to File Amended Facade Technical Report,OPEN,227,0.0,0.0
37026510X,1/16/2024,1081126,59,WEST   46 STREET,MANHATTAN,105,CLASS - 2,AC    28-302.5,Failure to File Amended Facade Technical Report,OPEN,227,0.0,0.0
37026511H,1/16/2024,1078654,1232,BROADWAY,MANHATTAN,105,CLASS - 2,AC    28-302.5,Failure to File Amended Facade Technical Report,OPEN,227,0.0,0.0
37026513L,1/16/2024,1075676,107,RIVINGTON STREET,MANHATTAN,103,CLASS - 2,AC    28-302.5,Failure to File Amended Facade Technical Report,OPEN,227,0.0,0.0
37026518K,1/16/2024,1070111,753,  10 AVENUE,MANHATTAN,104,CLASS - 2,AC    28-302.5,Failure to File Amended Facade Technical Report,OPEN,227,0.0,0.0
37026519M,1/16/2024,1078062,10,STANTON STREET,MANHATTAN,103,CLASS - 2,AC    28-302.5,Failure to File Amended Facade Technical Report,OPEN,227,0.0,0.0
37026520J,1/16/2024,1083986,50,WEST  139 STREET,MANHATTAN,110,CLASS - 2,AC    28-302.5,Failure to File Amended Facade Technical Report,OPEN,227,0.0,0.0
37026521L,1/16/2024,1083643,510,WEST  121 STREET,MANHATTAN,109,CLASS - 2,AC    28-302.5,Failure to File Amended Facade Technical Report,OPEN,227,0.0,0.0
37026529X,1/16/2024,1081661,281,   1 AVENUE,MANHATTAN,106,CLASS - 2,AC    28-302.5,Failure to File Amended Facade Technical Report,OPEN,227,0.0,0.0
37026530N,1/16/2024,1081661,10,NATHAN D PERLMAN PLACE,MANHATTAN,106,CLASS - 2,AC    28-302.5,Failure to File Amended Facade Technical Report,OPEN,227,0.0,0.0
37026531P,1/16/2024,1081661,325,EAST   16 STREET,MANHATTAN,106,CLASS - 2,AC    28-302.5,Failure to File Amended Facade Technical Report,OPEN,227,0.0,0.0
37026532R,1/16/2024,1081374,545,EAST  116 STREET,MANHATTAN,111,CLASS - 2,AC    28-302.5,Failure to File Amended Facade Technical Report,OPEN,227,0.0,0.0
37026534K,1/16/2024,2002747,1166,GRAND CONCOURSE,BRONX,204,CLASS - 2,AC    28-302.5,Failure to File Amended Facade Technical Report,OPEN,227,0.0,0.0
37026535M,1/16/2024,2017214,3000,VALENTINE AVENUE,BRONX,207,CLASS - 2,AC    28-302.5,Failure to File Amended Facade Technical Report,OPEN,227,0.0,0.0
37026536Y,1/16/2024,2017145,2842,GRAND CONCOURSE,BRONX,207,CLASS - 2,AC    28-302.5,Failure to File Amended Facade Technical Report,OPEN,227,0.0,0.0
37026537X,1/16/2024,2016048,135,WEST  238 STREET,BRONX,208,CLASS - 2,AC    28-302.5,Failure to File Amended Facade Technical Report,OPEN,227,0.0,0.0
37026538H,1/16/2024,2015735,2865,KINGSBRIDGE TERRACE,BRONX,208,CLASS - 2,AC    28-302.5,Failure to File Amended Facade Technical Report,OPEN,227,0.0,0.0
37026539J,1/16/2024,2015449,66,VAN CORTLANDT PARK SOUTH,BRONX,208,CLASS - 2,AC    28-302.5,Failure to File Amended Facade Technical Report,OPEN,227,0.0,0.0
37026540R,1/16/2024,2014593,2260,UNIVERSITY AVENUE,BRONX,207,CLASS - 2,AC    28-302.5,Failure to File Amended Facade Technical Report,OPEN,227,0.0,0.0
37026541Z,1/16/2024,2017751,45,EAST MOSHOLU PARKWAY NORTH,BRONX,207,CLASS - 2,AC    28-302.5,Failure to File Amended Facade Technical Report,OPEN,227,0.0,0.0
37026542K,1/16/2024,2014083,2314,JEROME AVENUE,BRONX,205,CLASS - 2,AC    28-302.5,Failure to File Amended Facade Technical Report,OPEN,227,0.0,0.0
37026543M,1/16/2024,2012658,700,OAKLAND PLACE,BRONX,206,CLASS - 2,AC    28-302.5,Failure to File Amended Facade Technical Report,OPEN,227,0.0,0.0
37026546H,1/16/2024,2011439,2000,WASHINGTON AVENUE,BRONX,206,CLASS - 2,AC    28-302.5,Failure to File Amended Facade Technical Report,OPEN,227,0.0,0.0
37026547J,1/16/2024,2011265,463,EAST  178 STREET,BRONX,206,CLASS - 2,AC    28-302.5,Failure to File Amended Facade Technical Report,OPEN,227,0.0,0.0
37026549N,1/16/2024,2027476,1349,STRATFORD AVENUE,BRONX,209,CLASS - 2,AC    28-302.5,Failure to File Amended Facade Technical Report,OPEN,227,0.0,0.0
37026550K,1/16/2024,2078917,280,LONGSTREET AVENUE,BRONX,210,CLASS - 2,AC    28-302.5,Failure to File Amended Facade Technical Report,OPEN,227,0.0,0.0
37026551M,1/16/2024,2056289,3260,CRUGER AVENUE,BRONX,212,CLASS - 2,AC    28-302.5,Failure to File Amended Facade Technical Report,OPEN,227,0.0,0.0
37026552Y,1/16/2024,2049404,2156,CRUGER AVENUE,BRONX,211,CLASS - 2,AC    28-302.5,Failure to File Amended Facade Technical Report,OPEN,227,0.0,0.0
37026553X,1/16/2024,2048981,900,LYDIG AVENUE,BRONX,211,CLASS - 2,AC    28-302.5,Failure to File Amended Facade Technical Report,OPEN,227,0.0,0.0
37026555J,1/16/2024,2042485,1185,LEBANON STREET,BRONX,206,CLASS - 2,AC    28-302.5,Failure to File Amended Facade Technical Report,OPEN,227,0.0,0.0
37026556L,1/16/2024,2017249,253,EAST  202 STREET,BRONX,207,CLASS - 2,AC    28-302.5,Failure to File Amended Facade Technical Report,OPEN,227,0.0,0.0
37026558P,1/16/2024,2023553,1591,BRUCKNER BOULEVARD,BRONX,209,CLASS - 2,AC    28-302.5,Failure to File Amended Facade Technical Report,OPEN,227,0.0,0.0
37026560Y,1/16/2024,2018266,215,EAST GUN HILL ROAD,BRONX,207,CLASS - 2,AC    28-302.5,Failure to File Amended Facade Technical Report,OPEN,227,0.0,0.0
37026561X,1/16/2024,2018006,3191,ROCHAMBEAU AVENUE,BRONX,207,CLASS - 2,AC    28-302.5,Failure to File Amended Facade Technical Report,OPEN,227,0.0,0.0
37026563J,1/16/2024,2003065,1110,ANDERSON AVENUE,BRONX,204,CLASS - 2,AC    28-302.5,Failure to File Amended Facade Technical Report,OPEN,227,0.0,0.0
37026564L,1/16/2024,2004426,620,TRINITY AVENUE,BRONX,201,CLASS - 2,AC    28-302.5,Failure to File Amended Facade Technical Report,OPEN,227,0.0,0.0
37026565N,1/16/2024,2003161,1240,WOODYCREST AVENUE,BRONX,204,CLASS - 2,AC    28-302.5,Failure to File Amended Facade Technical Report,OPEN,227,0.0,0.0
37026566P,1/16/2024,2009871,1680,CROTONA PARK EAST,BRONX,203,CLASS - 2,AC    28-302.5,Failure to File Amended Facade Technical Report,OPEN,227,0.0,0.0
37026568Z,1/16/2024,2005752,887,SOUTHERN BOULEVARD,BRONX,202,CLASS - 2,AC    28-302.5,Failure to File Amended Facade Technical Report,OPEN,227,0.0,0.0
37026569K,1/16/2024,2002977,825,GERARD AVENUE,BRONX,204,CLASS - 2,AC    28-302.5,Failure to File Amended Facade Technical Report,OPEN,227,0.0,0.0
37026570H,1/16/2024,2002971,751,GERARD AVENUE,BRONX,204,CLASS - 2,AC    28-302.5,Failure to File Amended Facade Technical Report,OPEN,227,0.0,0.0
37026571J,1/16/2024,2002904,835,WALTON AVENUE,BRONX,204,CLASS - 2,AC    28-302.5,Failure to File Amended Facade Technical Report,OPEN,227,0.0,0.0
37026572L,1/16/2024,2002878,1001,GRAND CONCOURSE,BRONX,204,CLASS - 2,AC    28-302.5,Failure to File Amended Facade Technical Report,OPEN,227,0.0,0.0
37026573N,1/16/2024,2008143,1525,TOWNSEND AVENUE,BRONX,204,CLASS - 2,AC    28-302.5,Failure to File Amended Facade Technical Report,OPEN,227,0.0,0.0
37026574P,1/16/2024,2002802,900,GRAND CONCOURSE,BRONX,204,CLASS - 2,AC    28-302.5,Failure to File Amended Facade Technical Report,OPEN,227,0.0,0.0
37026575R,1/16/2024,2009077,1820,PHELAN PLACE,BRONX,205,CLASS - 2,AC    28-302.5,Failure to File Amended Facade Technical Report,OPEN,227,0.0,0.0
37026576Z,1/16/2024,2009011,1705,ANDREWS AVENUE,BRONX,205,CLASS - 2,AC    28-302.5,Failure to File Amended Facade Technical Report,OPEN,227,0.0,0.0
37026577K,1/16/2024,2008835,1738,UNIVERSITY AVENUE,BRONX,205,CLASS - 2,AC    28-302.5,Failure to File Amended Facade Technical Report,OPEN,227,0.0,0.0
37026578M,1/16/2024,2008741,1551,SHAKESPEARE AVENUE,BRONX,205,CLASS - 2,AC    28-302.5,Failure to File Amended Facade Technical Report,OPEN,227,0.0,0.0
37026579Y,1/16/2024,2008585,1820,HARRISON AVENUE,BRONX,205,CLASS - 2,AC    28-302.5,Failure to File Amended Facade Technical Report,OPEN,227,0.0,0.0
37026580L,1/16/2024,2005634,940,TIFFANY STREET,BRONX,202,CLASS - 2,AC    28-302.5,Failure to File Amended Facade Technical Report,OPEN,227,0.0,0.0
37026581N,1/16/2024,2008130,1525,WALTON AVENUE,BRONX,204,CLASS - 2,AC    28-302.5,Failure to File Amended Facade Technical Report,OPEN,227,0.0,0.0
37026582P,1/16/2024,2008123,1550,TOWNSEND AVENUE,BRONX,204,CLASS - 2,AC    28-302.5,Failure to File Amended Facade Technical Report,OPEN,227,0.0,0.0
37026583R,1/16/2024,2008110,1465,TOWNSEND AVENUE,BRONX,204,CLASS - 2,AC    28-302.5,Failure to File Amended Facade Technical Report,OPEN,227,0.0,0.0
37026584Z,1/16/2024,2007807,1504,SHERIDAN AVENUE,BRONX,204,CLASS - 2,AC    28-302.5,Failure to File Amended Facade Technical Report,OPEN,227,0.0,0.0
37026585K,1/16/2024,2006076,980,ALDUS STREET,BRONX,202,CLASS - 2,AC    28-302.5,Failure to File Amended Facade Technical Report,OPEN,227,0.0,0.0
37026586M,1/16/2024,2009870,1660,CROTONA PARK EAST,BRONX,203,CLASS - 2,AC    28-302.5,Failure to File Amended Facade Technical Report,OPEN,227,0.0,0.0
37026587Y,1/16/2024,4444449,73-50,BELL BOULEVARD,QUEENS,411,CLASS - 2,AC    28-302.5,Failure to File Amended Facade Technical Report,OPEN,227,0.0,0.0
37026588X,1/16/2024,4433107,94-30,  59 AVENUE,QUEENS,404,CLASS - 2,AC    28-302.5,Failure to File Amended Facade Technical Report,OPEN,227,0.0,0.0
37026589H,1/16/2024,4447215,94-10,  59 AVENUE,QUEENS,404,CLASS - 2,AC    28-302.5,Failure to File Amended Facade Technical Report,OPEN,227,0.0,0.0
37026590P,1/16/2024,4445259,105-00,SHORE FRONT PARKWAY,QUEENS,414,CLASS - 2,AC    28-302.5,Failure to File Amended Facade Technical Report,OPEN,227,0.0,0.0
37026591R,1/16/2024,4445257,102-00,SHORE FRONT PARKWAY,QUEENS,414,CLASS - 2,AC    28-302.5,Failure to File Amended Facade Technical Report,OPEN,227,0.0,0.0
37026592Z,1/16/2024,4443553,26-10,UNION STREET,QUEENS,407,CLASS - 2,AC    28-302.5,Failure to File Amended Facade Technical Report,OPEN,227,0.0,0.0
37026593K,1/16/2024,4439180,8-33,  40 AVENUE,QUEENS,401,CLASS - 2,AC    28-302.5,Failure to File Amended Facade Technical Report,OPEN,227,0.0,0.0
37026594M,1/16/2024,4433298,26-19, 141 STREET,QUEENS,407,CLASS - 2,AC    28-302.5,Failure to File Amended Facade Technical Report,OPEN,227,0.0,0.0
37026595Y,1/16/2024,4433297,141-09,  28 AVENUE,QUEENS,407,CLASS - 2,AC    28-302.5,Failure to File Amended Facade Technical Report,OPEN,227,0.0,0.0
37026596X,1/16/2024,4433108,94-31,  60 AVENUE,QUEENS,404,CLASS - 2,AC    28-302.5,Failure to File Amended Facade Technical Report,OPEN,227,0.0,0.0
37026597H,1/16/2024,4445258,103-00,SHORE FRONT PARKWAY,QUEENS,414,CLASS - 2,AC    28-302.5,Failure to File Amended Facade Technical Report,OPEN,227,0.0,0.0
37026598J,1/16/2024,4537661,137-08,  31 ROAD,QUEENS,407,CLASS - 2,AC    28-302.5,Failure to File Amended Facade Technical Report,OPEN,227,0.0,0.0
37026599L,1/16/2024,5043303,330,TOMPKINS AVENUE,STATEN ISLAND,501,CLASS - 2,AC    28-302.5,Failure to File Amended Facade Technical Report,OPEN,227,0.0,0.0
37026600J,1/16/2024,5037085,140,MEISNER AVENUE,STATEN ISLAND,502,CLASS - 2,AC    28-302.5,Failure to File Amended Facade Technical Report,OPEN,227,0.0,0.0
37026601L,1/16/2024,4593968,65-38,AUSTIN STREET,QUEENS,406,CLASS - 2,AC    28-302.5,Failure to File Amended Facade Technical Report,OPEN,227,0.0,0.0
37026602N,1/16/2024,4537921,27-40,HOYT AVENUE,QUEENS,401,CLASS - 2,AC    28-302.5,Failure to File Amended Facade Technical Report,OPEN,227,0.0,0.0
37026603P,1/16/2024,4534917,14-34, 110 STREET,QUEENS,407,CLASS - 2,AC    28-302.5,Failure to File Amended Facade Technical Report,OPEN,227,0.0,0.0
37026604R,1/16/2024,4534609,35-06,LEAVITT STREET,QUEENS,407,CLASS - 2,AC    28-302.5,Failure to File Amended Facade Technical Report,OPEN,227,0.0,0.0
37026605Z,1/16/2024,4534330,135-11,  40 ROAD,QUEENS,407,CLASS - 2,AC    28-302.5,Failure to File Amended Facade Technical Report,OPEN,227,0.0,0.0
37026606K,1/16/2024,4457807,7800,SHORE FRONT PARKWAY,QUEENS,414,CLASS - 2,AC    28-302.5,Failure to File Amended Facade Technical Report,OPEN,227,0.0,0.0
37026607M,1/16/2024,4457806,8000,SHORE FRONT PARKWAY,QUEENS,414,CLASS - 2,AC    28-302.5,Failure to File Amended Facade Technical Report,OPEN,227,0.0,0.0
37026608Y,1/16/2024,4538549,39-05,  29 STREET,QUEENS,401,CLASS - 2,AC    28-302.5,Failure to File Amended Facade Technical Report,OPEN,227,0.0,0.0
37026610N,1/16/2024,1040762,645,MADISON AVENUE,MANHATTAN,108,CLASS - 2,AC    28-302.5,Failure to File Amended Facade Technical Report,OPEN,227,0.0,0.0
37026618H,1/16/2024,1044051,244,EAST   75 STREET,MANHATTAN,108,CLASS - 2,AC    28-302.5,Failure to File Amended Facade Technical Report,OPEN,227,0.0,0.0
37026619J,1/16/2024,1046252,510,EAST   62 STREET,MANHATTAN,108,CLASS - 2,AC    28-302.5,Failure to File Amended Facade Technical Report,OPEN,227,0.0,0.0
37026620R,1/16/2024,1047413,1136,   5 AVENUE,MANHATTAN,108,CLASS - 2,AC    28-302.5,Failure to File Amended Facade Technical Report,OPEN,227,0.0,0.0
37026622K,1/16/2024,1048918,245,EAST   93 STREET,MANHATTAN,108,CLASS - 2,AC    28-302.5,Failure to File Amended Facade Technical Report,OPEN,227,0.0,0.0
37026623M,1/16/2024,1042137,188,EAST   64 STREET,MANHATTAN,108,CLASS - 2,AC    28-302.5,Failure to File Amended Facade Technical Report,OPEN,227,0.0,0.0
37026624Y,1/16/2024,1031306,15,WEST   84 STREET,MANHATTAN,107,CLASS - 2,AC    28-302.5,Failure to File Amended Facade Technical Report,OPEN,227,0.0,0.0
37026628L,1/16/2024,1029649,114,WEST   70 STREET,MANHATTAN,107,CLASS - 2,AC    28-302.5,Failure to File Amended Facade Technical Report,OPEN,227,0.0,0.0
37026630K,1/16/2024,1039812,326,EAST   53 STREET,MANHATTAN,106,CLASS - 2,AC    28-302.5,Failure to File Amended Facade Technical Report,OPEN,227,0.0,0.0
37026633X,1/16/2024,1033718,307,WEST   79 STREET,MANHATTAN,107,CLASS - 2,AC    28-302.5,Failure to File Amended Facade Technical Report,OPEN,227,0.0,0.0
37026635J,1/16/2024,1033838,125,RIVERSIDE DRIVE,MANHATTAN,107,CLASS - 2,AC    28-302.5,Failure to File Amended Facade Technical Report,OPEN,227,0.0,0.0
37026636L,1/16/2024,1035744,532,MADISON AVENUE,MANHATTAN,105,CLASS - 2,AC    28-302.5,Failure to File Amended Facade Technical Report,OPEN,227,0.0,0.0
37026637N,1/16/2024,1035758,545,MADISON AVENUE,MANHATTAN,105,CLASS - 2,AC    28-302.5,Failure to File Amended Facade Technical Report,OPEN,227,0.0,0.0
37026638P,1/16/2024,1051516,1255,   5 AVENUE,MANHATTAN,111,CLASS - 2,AC    28-302.5,Failure to File Amended Facade Technical Report,OPEN,227,0.0,0.0
37026639R,1/16/2024,1030432,244,WEST   72 STREET,MANHATTAN,107,CLASS - 2,AC    28-302.5,Failure to File Amended Facade Technical Report,OPEN,227,0.0,0.0
37026640Y,1/16/2024,1063407,245,FORT WASHINGTON AVENUE,MANHATTAN,112,CLASS - 2,AC    28-302.5,Failure to File Amended Facade Technical Report,OPEN,227,0.0,0.0
37026641X,1/16/2024,1049245,205,EAST   95 STREET,MANHATTAN,108,CLASS - 2,AC    28-302.5,Failure to File Amended Facade Technical Report,OPEN,227,0.0,0.0
37026643J,1/16/2024,1061970,547,WEST  147 STREET,MANHATTAN,109,CLASS - 2,AC    28-302.5,Failure to File Amended Facade Technical Report,OPEN,227,0.0,0.0
37026644L,1/16/2024,1062307,626,RIVERSIDE DRIVE,MANHATTAN,109,CLASS - 2,AC    28-302.5,Failure to File Amended Facade Technical Report,OPEN,227,0.0,0.0
37026646P,1/16/2024,1063408,235,FORT WASHINGTON AVENUE,MANHATTAN,112,CLASS - 2,AC    28-302.5,Failure to File Amended Facade Technical Report,OPEN,227,0.0,0.0
37026649K,1/16/2024,1063546,81,WADSWORTH AVENUE,MANHATTAN,112,CLASS - 2,AC    28-302.5,Failure to File Amended Facade Technical Report,OPEN,227,0.0,0.0
37026650H,1/16/2024,1064039,666,WEST  188 STREET,MANHATTAN,112,CLASS - 2,AC    28-302.5,Failure to File Amended Facade Technical Report,OPEN,227,0.0,0.0
37026653N,1/16/2024,1053938,45,WEST  139 STREET,MANHATTAN,110,CLASS - 2,AC    28-302.5,Failure to File Amended Facade Technical Report,OPEN,227,0.0,0.0
37026654P,1/16/2024,1055892,143,WEST   96 STREET,MANHATTAN,107,CLASS - 2,AC    28-302.5,Failure to File Amended Facade Technical Report,OPEN,227,0.0,0.0
37026658M,1/16/2024,1051129,1532,YORK AVENUE,MANHATTAN,108,CLASS - 2,AC    28-302.5,Failure to File Amended Facade Technical Report,OPEN,227,0.0,0.0
37026661N,1/16/2024,1058640,202,WEST  125 STREET,MANHATTAN,110,CLASS - 2,AC    28-302.5,Failure to File Amended Facade Technical Report,OPEN,227,0.0,0.0
37026663R,1/16/2024,1059610,41,CONVENT AVENUE,MANHATTAN,109,CLASS - 2,AC    28-302.5,Failure to File Amended Facade Technical Report,OPEN,227,0.0,0.0
37026668X,1/16/2024,1007087,347,WEST BROADWAY,MANHATTAN,102,CLASS - 2,AC    28-302.5,Failure to File Amended Facade Technical Report,OPEN,227,0.0,0.0
37026671R,1/16/2024,1003859,47,CANAL STREET,MANHATTAN,103,CLASS - 2,AC    28-302.5,Failure to File Amended Facade Technical Report,OPEN,227,0.0,0.0
37026673K,1/16/2024,1008704,240,SULLIVAN STREET,MANHATTAN,102,CLASS - 2,AC    28-302.5,Failure to File Amended Facade Technical Report,OPEN,227,0.0,0.0
37026674M,1/16/2024,1008794,722,BROADWAY,MANHATTAN,102,CLASS - 2,AC    28-302.5,Failure to File Amended Facade Technical Report,OPEN,227,0.0,0.0
37026675Y,1/16/2024,1009096,30,EAST   10 STREET,MANHATTAN,102,CLASS - 2,AC    28-302.5,Failure to File Amended Facade Technical Report,OPEN,227,0.0,0.0
37026676X,1/16/2024,1009211,76,EAST   13 STREET,MANHATTAN,102,CLASS - 2,AC    28-302.5,Failure to File Amended Facade Technical Report,OPEN,227,0.0,0.0
37026683Y,1/16/2024,1001099,174,BROADWAY,MANHATTAN,101,CLASS - 2,AC    28-302.5,Failure to File Amended Facade Technical Report,OPEN,227,0.0,0.0
37026685H,1/16/2024,1001971,250,CHURCH STREET,MANHATTAN,101,CLASS - 2,AC    28-302.5,Failure to File Amended Facade Technical Report,OPEN,227,0.0,0.0
37026688N,1/16/2024,1002733,30,VARICK STREET,MANHATTAN,101,CLASS - 2,AC    28-302.5,Failure to File Amended Facade Technical Report,OPEN,227,0.0,0.0
37026690M,1/16/2024,1003275,48,MARKET STREET,MANHATTAN,103,CLASS - 2,AC    28-302.5,Failure to File Amended Facade Technical Report,OPEN,227,0.0,0.0
37026692X,1/16/2024,1012859,419,WEST   34 STREET,MANHATTAN,104,CLASS - 2,AC    28-302.5,Failure to File Amended Facade Technical Report,OPEN,227,0.0,0.0
37026696N,1/16/2024,1017187,220,MADISON AVENUE,MANHATTAN,105,CLASS - 2,AC    28-302.5,Failure to File Amended Facade Technical Report,OPEN,227,0.0,0.0
37026701Z,1/16/2024,1016938,34,EAST   30 STREET,MANHATTAN,105,CLASS - 2,AC    28-302.5,Failure to File Amended Facade Technical Report,OPEN,227,0.0,0.0
37026702K,1/16/2024,1018312,161,LEXINGTON AVENUE,MANHATTAN,106,CLASS - 2,AC    28-302.5,Failure to File Amended Facade Technical Report,OPEN,227,0.0,0.0
37026703M,1/16/2024,1016202,23,EAST   20 STREET,MANHATTAN,105,CLASS - 2,AC    28-302.5,Failure to File Amended Facade Technical Report,OPEN,227,0.0,0.0
37026704Y,1/16/2024,1023738,158,WEST   58 STREET,MANHATTAN,105,CLASS - 2,AC    28-302.5,Failure to File Amended Facade Technical Report,OPEN,227,0.0,0.0
37026705X,1/16/2024,1024764,234,WEST   48 STREET,MANHATTAN,105,CLASS - 2,AC    28-302.5,Failure to File Amended Facade Technical Report,OPEN,227,0.0,0.0
37026707J,1/16/2024,1024854,850,   7 AVENUE,MANHATTAN,105,CLASS - 2,AC    28-302.5,Failure to File Amended Facade Technical Report,OPEN,227,0.0,0.0
37026708L,1/16/2024,1018087,114,EAST   25 STREET,MANHATTAN,105,CLASS - 2,AC    28-302.5,Failure to File Amended Facade Technical Report,OPEN,227,0.0,0.0
37026710K,1/16/2024,1014338,251,WEST   30 STREET,MANHATTAN,105,CLASS - 2,AC    28-302.5,Failure to File Amended Facade Technical Report,OPEN,227,0.0,0.0
37026713X,1/16/2024,1014465,246,WEST   38 STREET,MANHATTAN,105,CLASS - 2,AC    28-302.5,Failure to File Amended Facade Technical Report,OPEN,227,0.0,0.0
37026717N,1/16/2024,1015961,39,WEST   37 STREET,MANHATTAN,105,CLASS - 2,AC    28-302.5,Failure to File Amended Facade Technical Report,OPEN,227,0.0,0.0
37026718P,1/16/2024,1016181,30,EAST   20 STREET,MANHATTAN,105,CLASS - 2,AC    28-302.5,Failure to File Amended Facade Technical Report,OPEN,227,0.0,0.0
37026719R,1/16/2024,3211074,2807,KINGS HIGHWAY,BROOKLYN,314,CLASS - 2,AC    28-302.5,Failure to File Amended Facade Technical Report,OPEN,227,0.0,0.0
37026721X,1/16/2024,3257105,2770,WEST    5 STREET,BROOKLYN,313,CLASS - 2,AC    28-302.5,Failure to File Amended Facade Technical Report,OPEN,227,0.0,0.0
37026722H,1/16/2024,3320932,2525,BATCHELDER STREET,BROOKLYN,315,CLASS - 2,AC    28-302.5,Failure to File Amended Facade Technical Report,OPEN,227,0.0,0.0
37026723J,1/16/2024,3059161,41,FLATBUSH AVENUE,BROOKLYN,302,CLASS - 2,AC    28-302.5,Failure to File Amended Facade Technical Report,OPEN,227,0.0,0.0
37026724L,1/16/2024,3320934,3020,AVENUE Y,BROOKLYN,315,CLASS - 2,AC    28-302.5,Failure to File Amended Facade Technical Report,OPEN,227,0.0,0.0
37026725N,1/16/2024,3204886,2626,HOMECREST AVENUE,BROOKLYN,315,CLASS - 2,AC    28-302.5,Failure to File Amended Facade Technical Report,OPEN,227,0.0,0.0
37026726P,1/16/2024,3320933,2533,BATCHELDER STREET,BROOKLYN,315,CLASS - 2,AC    28-302.5,Failure to File Amended Facade Technical Report,OPEN,227,0.0,0.0
37026731J,1/16/2024,3211030,2705,KINGS HIGHWAY,BROOKLYN,314,CLASS - 2,AC    28-302.5,Failure to File Amended Facade Technical Report,OPEN,227,0.0,0.0
37026732L,1/16/2024,3144193,260,  65 STREET,BROOKLYN,310,CLASS - 2,AC    28-302.5,Failure to File Amended Facade Technical Report,OPEN,227,0.0,0.0
37026734P,1/16/2024,3184662,3165,NOSTRAND AVENUE,BROOKLYN,315,CLASS - 2,AC    28-302.5,Failure to File Amended Facade Technical Report,OPEN,227,0.0,0.0
37026736Z,1/16/2024,3202850,2475,EAST   11 STREET,BROOKLYN,315,CLASS - 2,AC    28-302.5,Failure to File Amended Facade Technical Report,OPEN,227,0.0,0.0
37026739Y,1/16/2024,4142148,152-72,MELBOURNE AVENUE,QUEENS,408,CLASS - 2,AC    28-302.5,Failure to File Amended Facade Technical Report,OPEN,227,0.0,0.0
37026741N,1/16/2024,4435122,83-75,WOODHAVEN BOULEVARD,QUEENS,409,CLASS - 2,AC    28-302.5,Failure to File Amended Facade Technical Report,OPEN,227,0.0,0.0
37026742P,1/16/2024,4435123,83-77,WOODHAVEN BOULEVARD,QUEENS,409,CLASS - 2,AC    28-302.5,Failure to File Amended Facade Technical Report,OPEN,227,0.0,0.0
37026744Z,1/16/2024,4079746,84-03,CUTHBERT ROAD,QUEENS,409,CLASS - 2,AC    28-302.5,Failure to File Amended Facade Technical Report,OPEN,227,0.0,0.0
37026745K,1/16/2024,4443552,25-40,UNION STREET,QUEENS,407,CLASS - 2,AC    28-302.5,Failure to File Amended Facade Technical Report,OPEN,227,0.0,0.0
37026746M,1/16/2024,4596916,123-28,  82 AVENUE,QUEENS,409,CLASS - 2,AC    28-302.5,Failure to File Amended Facade Technical Report,OPEN,227,0.0,0.0
37026748X,1/16/2024,4617972,65-70,AUSTIN STREET,QUEENS,406,CLASS - 2,AC    28-302.5,Failure to File Amended Facade Technical Report,OPEN,227,0.0,0.0
37026750P,1/16/2024,3058187,9,METROTECH CENTER,BROOKLYN,302,CLASS - 2,AC    28-302.5,Failure to File Amended Facade Technical Report,OPEN,227,0.0,0.0
37026753K,1/16/2024,3392419,162,  16 STREET,BROOKLYN,307,CLASS - 2,AC    28-302.5,Failure to File Amended Facade Technical Report,OPEN,227,0.0,0.0
37026755Y,1/16/2024,4113843,144-48,ROOSEVELT AVENUE,QUEENS,407,CLASS - 2,AC    28-302.5,Failure to File Amended Facade Technical Report,OPEN,227,0.0,0.0
37026760Z,1/16/2024,4071943,92-40,QUEENS BOULEVARD,QUEENS,406,CLASS - 2,AC    28-302.5,Failure to File Amended Facade Technical Report,OPEN,227,0.0,0.0
37026762M,1/16/2024,2003253,10-70,OGDEN AVENUE,BRONX,204,CLASS - 2,AC    28-302.5,Failure to File Amended Facade Technical Report,OPEN,227,0.0,0.0
37026763Y,1/16/2024,1088165,1677,LEXINGTON AVENUE,MANHATTAN,111,CLASS - 2,AC    28-302.5,Failure to File Amended Facade Technical Report,OPEN,227,0.0,0.0
37026764X,1/16/2024,1088355,44,MERCER STREET,MANHATTAN,102,CLASS - 2,AC    28-302.5,Failure to File Amended Facade Technical Report,OPEN,227,0.0,0.0
37026766J,1/16/2024,1090331,326,WEST   37 STREET,MANHATTAN,104,CLASS - 2,AC    28-302.5,Failure to File Amended Facade Technical Report,OPEN,227,0.0,0.0
37026767L,1/16/2024,2002796,888,GRAND CONCOURSE,BRONX,204,CLASS - 2,AC    28-302.5,Failure to File Amended Facade Technical Report,OPEN,227,0.0,0.0
37026769P,1/16/2024,2003035,941,JEROME AVENUE,BRONX,204,CLASS - 2,AC    28-302.5,Failure to File Amended Facade Technical Report,OPEN,227,0.0,0.0
37026774J,1/16/2024,2013359,2123,TIEBOUT AVENUE,BRONX,205,CLASS - 2,AC    28-302.5,Failure to File Amended Facade Technical Report,OPEN,227,0.0,0.0
37026775L,1/16/2024,2002973,705,GERARD AVENUE,BRONX,204,CLASS - 2,AC    28-302.5,Failure to File Amended Facade Technical Report,OPEN,227,0.0,0.0
37026776N,1/16/2024,1083989,30,WEST  141 STREET,MANHATTAN,110,CLASS - 2,AC    28-302.5,Failure to File Amended Facade Technical Report,OPEN,227,0.0,0.0
37026777P,1/16/2024,1079064,55,JOHN STREET,MANHATTAN,101,CLASS - 2,AC    28-302.5,Failure to File Amended Facade Technical Report,OPEN,227,0.0,0.0
37026780X,1/16/2024,1080855,60,EAST    8 STREET,MANHATTAN,102,CLASS - 2,AC    28-302.5,Failure to File Amended Facade Technical Report,OPEN,227,0.0,0.0
37026781H,1/16/2024,1088144,150,WEST  124 STREET,MANHATTAN,110,CLASS - 2,AC    28-302.5,Failure to File Amended Facade Technical Report,OPEN,227,0.0,0.0
37026782J,1/16/2024,1083988,15,WEST  139 STREET,MANHATTAN,110,CLASS - 2,AC    28-302.5,Failure to File Amended Facade Technical Report,OPEN,227,0.0,0.0
37026783L,1/16/2024,1087836,2185,   7 AVENUE,MANHATTAN,110,CLASS - 2,AC    28-302.5,Failure to File Amended Facade Technical Report,OPEN,227,0.0,0.0
37026787Z,1/16/2024,1087618,8,STONE STREET,MANHATTAN,101,CLASS - 2,AC    28-302.5,Failure to File Amended Facade Technical Report,OPEN,227,0.0,0.0
37026788K,1/16/2024,2016213,3816,REVIEW PLACE,BRONX,208,CLASS - 2,AC    28-302.5,Failure to File Amended Facade Technical Report,OPEN,227,0.0,0.0
37026792N,1/16/2024,2116192,1015,FOX STREET,BRONX,202,CLASS - 2,AC    28-302.5,Failure to File Amended Facade Technical Report,OPEN,227,0.0,0.0
37026794R,1/16/2024,2127440,1175,EAST TREMONT AVENUE,BRONX,206,CLASS - 2,AC    28-302.5,Failure to File Amended Facade Technical Report,OPEN,227,0.0,0.0
37026795Z,1/16/2024,2128698,1160,LEBANON STREET,BRONX,206,CLASS - 2,AC    28-302.5,Failure to File Amended Facade Technical Report,OPEN,227,0.0,0.0
37026798Y,1/16/2024,3011001,405,  44 STREET,BROOKLYN,307,CLASS - 2,AC    28-302.5,Failure to File Amended Facade Technical Report,OPEN,227,0.0,0.0
37026800Y,1/16/2024,3029636,41,EASTERN PARKWAY,BROOKLYN,308,CLASS - 2,AC    28-302.5,Failure to File Amended Facade Technical Report,OPEN,227,0.0,0.0
37026802H,1/16/2024,3057474,62,HANSON PLACE,BROOKLYN,302,CLASS - 2,AC    28-302.5,Failure to File Amended Facade Technical Report,OPEN,227,0.0,0.0
37026806P,1/16/2024,2016467,2640,MARION AVENUE,BRONX,207,CLASS - 2,AC    28-302.5,Failure to File Amended Facade Technical Report,OPEN,227,0.0,0.0
37026807R,1/16/2024,2023445,1015,BOYNTON AVENUE,BRONX,209,CLASS - 2,AC    28-302.5,Failure to File Amended Facade Technical Report,OPEN,227,0.0,0.0
37026808Z,1/16/2024,2023479,1035,BOYNTON AVENUE,BRONX,209,CLASS - 2,AC    28-302.5,Failure to File Amended Facade Technical Report,OPEN,227,0.0,0.0
37026812L,1/16/2024,2063019,641,EAST  225 STREET,BRONX,212,CLASS - 2,AC    28-302.5,Failure to File Amended Facade Technical Report,OPEN,227,0.0,0.0
37026813N,1/16/2024,2084943,5775,MOSHOLU AVENUE,BRONX,208,CLASS - 2,AC    28-302.5,Failure to File Amended Facade Technical Report,OPEN,227,0.0,0.0
37026816Z,1/16/2024,1036445,153,EAST   49 STREET,MANHATTAN,106,CLASS - 2,AC    28-302.5,Failure to File Amended Facade Technical Report,OPEN,227,0.0,0.0
37026819Y,1/16/2024,1064472,801,WEST  190 STREET,MANHATTAN,112,CLASS - 2,AC    28-302.5,Failure to File Amended Facade Technical Report,OPEN,227,0.0,0.0
37026822P,1/16/2024,3325882,18,BOERUM STREET,BROOKLYN,301,CLASS - 2,AC    28-302.5,Failure to File Amended Facade Technical Report,OPEN,227,0.0,0.0
37026823R,1/16/2024,2084041,3900,GREYSTONE AVENUE,BRONX,208,CLASS - 2,AC    28-302.5,Failure to File Amended Facade Technical Report,OPEN,227,0.0,0.0
37026828X,1/16/2024,4446865,84-39, 153 AVENUE,QUEENS,410,CLASS - 2,AC    28-302.5,Failure to File Amended Facade Technical Report,OPEN,227,0.0,0.0
37027058N,3/19/2024,4148292,77-20, 164 STREET,QUEENS,408,CLASS - 2,28-302.4,Failure to File Facade Technical Report,OPEN,230,0.0,0.0
37027167M,4/11/2024,1002358,133,CENTRE STREET,MANHATTAN,101,CLASS - 2,28-302.4,Failure to File Facade Technical Report,OPEN,230,0.0,0.0
37027168Y,4/11/2024,1002364,124,WHITE STREET,MANHATTAN,101,CLASS - 2,28-302.4,Failure to File Facade Technical Report,OPEN,230,0.0,0.0
37027169X,4/11/2024,1003224,227,MADISON STREET,MANHATTAN,103,CLASS - 2,28-302.4,Failure to File Facade Technical Report,OPEN,230,0.0,0.0
37027170N,4/11/2024,1004158,154,BROOME STREET,MANHATTAN,103,CLASS - 2,28-302.4,Failure to File Facade Technical Report,OPEN,230,0.0,0.0
37027171P,4/11/2024,1005537,187,ALLEN STREET,MANHATTAN,103,CLASS - 2,28-302.4,Failure to File Facade Technical Report,OPEN,230,0.0,0.0
37027172R,4/11/2024,1006546,6,EAST    3 STREET,MANHATTAN,103,CLASS - 2,28-302.4,Failure to File Facade Technical Report,OPEN,230,0.0,0.0
37027173Z,4/11/2024,1012576,401,WEST   19 STREET,MANHATTAN,104,CLASS - 2,28-302.4,Failure to File Facade Technical Report,OPEN,230,0.0,0.0
37027174K,4/11/2024,1053232,95,WEST  119 STREET,MANHATTAN,110,CLASS - 2,28-302.4,Failure to File Facade Technical Report,OPEN,230,0.0,0.0
37027175M,4/11/2024,1054368,1940,LEXINGTON AVENUE,MANHATTAN,111,CLASS - 2,28-302.4,Failure to File Facade Technical Report,OPEN,230,0.0,0.0
37027176Y,4/11/2024,1055094,218,WEST  112 STREET,MANHATTAN,110,CLASS - 2,28-302.4,Failure to File Facade Technical Report,OPEN,230,0.0,0.0
37027177X,4/11/2024,1059409,443,WEST  135 STREET,MANHATTAN,109,CLASS - 2,28-302.4,Failure to File Facade Technical Report,OPEN,230,0.0,0.0
37027178H,4/11/2024,1059410,181,CONVENT AVENUE,MANHATTAN,109,CLASS - 2,28-302.4,Failure to File Facade Technical Report,OPEN,230,0.0,0.0
37027179J,4/11/2024,1062520,465,WEST  157 STREET,MANHATTAN,112,CLASS - 2,28-302.4,Failure to File Facade Technical Report,OPEN,230,0.0,0.0
37027180R,4/11/2024,1063379,600,WEST  168 STREET,MANHATTAN,112,CLASS - 2,28-302.4,Failure to File Facade Technical Report,OPEN,230,0.0,0.0
37027181Z,4/11/2024,1075792,45,ALLEN STREET,MANHATTAN,103,CLASS - 2,28-302.4,Failure to File Facade Technical Report,OPEN,230,0.0,0.0
37027182K,4/11/2024,1077376,1879,MADISON AVENUE,MANHATTAN,111,CLASS - 2,28-302.4,Failure to File Facade Technical Report,OPEN,230,0.0,0.0
37027183M,4/11/2024,1077504,132,AVENUE D,MANHATTAN,103,CLASS - 2,28-302.4,Failure to File Facade Technical Report,OPEN,230,0.0,0.0
37027184Y,4/11/2024,1077538,466,EAST   10 STREET,MANHATTAN,103,CLASS - 2,28-302.4,Failure to File Facade Technical Report,OPEN,230,0.0,0.0
37027185X,4/11/2024,1077539,911,FRANKLIN D ROOSEVELT DRIVE,MANHATTAN,103,CLASS - 2,28-302.4,Failure to File Facade Technical Report,OPEN,230,0.0,0.0
37027186H,4/11/2024,1077540,819,FRANKLIN D ROOSEVELT DRIVE,MANHATTAN,103,CLASS - 2,28-302.4,Failure to File Facade Technical Report,OPEN,230,0.0,0.0
37027187J,4/11/2024,1077541,118,AVENUE D,MANHATTAN,103,CLASS - 2,28-302.4,Failure to File Facade Technical Report,OPEN,230,0.0,0.0
37027188L,4/11/2024,1077543,152,AVENUE D,MANHATTAN,103,CLASS - 2,28-302.4,Failure to File Facade Technical Report,OPEN,230,0.0,0.0
37027189N,4/11/2024,1077544,170,AVENUE D,MANHATTAN,103,CLASS - 2,28-302.4,Failure to File Facade Technical Report,OPEN,230,0.0,0.0
37027190K,4/11/2024,1077545,178,AVENUE D,MANHATTAN,103,CLASS - 2,28-302.4,Failure to File Facade Technical Report,OPEN,230,0.0,0.0
37027191M,4/11/2024,1077546,1223,FRANKLIN D ROOSEVELT DRIVE,MANHATTAN,103,CLASS - 2,28-302.4,Failure to File Facade Technical Report,OPEN,230,0.0,0.0
37027192Y,4/11/2024,1077547,1141,FRANKLIN D ROOSEVELT DRIVE,MANHATTAN,103,CLASS - 2,28-302.4,Failure to File Facade Technical Report,OPEN,230,0.0,0.0
37027193X,4/11/2024,1077548,1115,FRANKLIN D ROOSEVELT DRIVE,MANHATTAN,103,CLASS - 2,28-302.4,Failure to File Facade Technical Report,OPEN,230,0.0,0.0
37027194H,4/11/2024,1077549,1017,FRANKLIN D ROOSEVELT DRIVE,MANHATTAN,103,CLASS - 2,28-302.4,Failure to File Facade Technical Report,OPEN,230,0.0,0.0
37027195J,4/11/2024,1077550,465,EAST   10 STREET,MANHATTAN,103,CLASS - 2,28-302.4,Failure to File Facade Technical Report,OPEN,230,0.0,0.0
37027197N,4/11/2024,1078839,1410,PARK AVENUE,MANHATTAN,111,CLASS - 2,28-302.4,Failure to File Facade Technical Report,OPEN,230,0.0,0.0
37027202Z,4/11/2024,1079194,123,EAST  112 STREET,MANHATTAN,111,CLASS - 2,28-302.4,Failure to File Facade Technical Report,OPEN,230,0.0,0.0
37027203K,4/11/2024,1079195,1830,LEXINGTON AVENUE,MANHATTAN,111,CLASS - 2,28-302.4,Failure to File Facade Technical Report,OPEN,230,0.0,0.0
37027204M,4/11/2024,1079196,1581,PARK AVENUE,MANHATTAN,111,CLASS - 2,28-302.4,Failure to File Facade Technical Report,OPEN,230,0.0,0.0
37027205Y,4/11/2024,1079198,1611,PARK AVENUE,MANHATTAN,111,CLASS - 2,28-302.4,Failure to File Facade Technical Report,OPEN,230,0.0,0.0
37027206X,4/11/2024,1079199,1591,PARK AVENUE,MANHATTAN,111,CLASS - 2,28-302.4,Failure to File Facade Technical Report,OPEN,230,0.0,0.0
37027207H,4/11/2024,1079200,2070,   3 AVENUE,MANHATTAN,111,CLASS - 2,28-302.4,Failure to File Facade Technical Report,OPEN,230,0.0,0.0
37027209L,4/11/2024,1081113,2140,MADISON AVENUE,MANHATTAN,111,CLASS - 2,28-302.4,Failure to File Facade Technical Report,OPEN,230,0.0,0.0
37027211K,4/11/2024,1081116,2120,MADISON AVENUE,MANHATTAN,111,CLASS - 2,28-302.4,Failure to File Facade Technical Report,OPEN,230,0.0,0.0
37027212M,4/11/2024,1081117,2101,MADISON AVENUE,MANHATTAN,111,CLASS - 2,28-302.4,Failure to File Facade Technical Report,OPEN,230,0.0,0.0
37027213Y,4/11/2024,1081118,1960,PARK AVENUE,MANHATTAN,111,CLASS - 2,28-302.4,Failure to File Facade Technical Report,OPEN,230,0.0,0.0
37027214X,4/11/2024,1081119,1980,PARK AVENUE,MANHATTAN,111,CLASS - 2,28-302.4,Failure to File Facade Technical Report,OPEN,230,0.0,0.0
37027215H,4/11/2024,1081120,60,EAST  135 STREET,MANHATTAN,111,CLASS - 2,28-302.4,Failure to File Facade Technical Report,OPEN,230,0.0,0.0
37027216J,4/11/2024,1081275,2375,   1 AVENUE,MANHATTAN,111,CLASS - 2,28-302.4,Failure to File Facade Technical Report,OPEN,230,0.0,0.0
37027217L,4/11/2024,1081276,2370,   2 AVENUE,MANHATTAN,111,CLASS - 2,28-302.4,Failure to File Facade Technical Report,OPEN,230,0.0,0.0
37027218N,4/11/2024,1081277,2369,   1 AVENUE,MANHATTAN,111,CLASS - 2,28-302.4,Failure to File Facade Technical Report,OPEN,230,0.0,0.0
37027219P,4/11/2024,1081278,2385,   1 AVENUE,MANHATTAN,111,CLASS - 2,28-302.4,Failure to File Facade Technical Report,OPEN,230,0.0,0.0
37027220M,4/11/2024,1081279,2395,   1 AVENUE,MANHATTAN,111,CLASS - 2,28-302.4,Failure to File Facade Technical Report,OPEN,230,0.0,0.0
37027221Y,4/11/2024,1081280,2390,   2 AVENUE,MANHATTAN,111,CLASS - 2,28-302.4,Failure to File Facade Technical Report,OPEN,230,0.0,0.0
37027222X,4/11/2024,1081281,2405,   1 AVENUE,MANHATTAN,111,CLASS - 2,28-302.4,Failure to File Facade Technical Report,OPEN,230,0.0,0.0
37027223H,4/11/2024,1081282,350,EAST  124 STREET,MANHATTAN,111,CLASS - 2,28-302.4,Failure to File Facade Technical Report,OPEN,230,0.0,0.0
37027224J,4/11/2024,1081283,2400,   2 AVENUE,MANHATTAN,111,CLASS - 2,28-302.4,Failure to File Facade Technical Report,OPEN,230,0.0,0.0
37027225L,4/11/2024,1081284,80,PLEASANT AVENUE,MANHATTAN,111,CLASS - 2,28-302.4,Failure to File Facade Technical Report,OPEN,230,0.0,0.0
37027226N,4/11/2024,1081285,90,PLEASANT AVENUE,MANHATTAN,111,CLASS - 2,28-302.4,Failure to File Facade Technical Report,OPEN,230,0.0,0.0
37027227P,4/11/2024,1081286,505,EAST  120 STREET,MANHATTAN,111,CLASS - 2,28-302.4,Failure to File Facade Technical Report,OPEN,230,0.0,0.0
37027228R,4/11/2024,1081287,445,EAST  120 STREET,MANHATTAN,111,CLASS - 2,28-302.4,Failure to File Facade Technical Report,OPEN,230,0.0,0.0
37027229Z,4/11/2024,1081288,70,PLEASANT AVENUE,MANHATTAN,111,CLASS - 2,28-302.4,Failure to File Facade Technical Report,OPEN,230,0.0,0.0
37027230X,4/11/2024,1081289,60,PLEASANT AVENUE,MANHATTAN,111,CLASS - 2,28-302.4,Failure to File Facade Technical Report,OPEN,230,0.0,0.0
37027231H,4/11/2024,1081290,50,PLEASANT AVENUE,MANHATTAN,111,CLASS - 2,28-302.4,Failure to File Facade Technical Report,OPEN,230,0.0,0.0
37027232J,4/11/2024,1081291,2370,   1 AVENUE,MANHATTAN,111,CLASS - 2,28-302.4,Failure to File Facade Technical Report,OPEN,230,0.0,0.0
37027233L,4/11/2024,1081292,2360,   1 AVENUE,MANHATTAN,111,CLASS - 2,28-302.4,Failure to File Facade Technical Report,OPEN,230,0.0,0.0
37027234N,4/11/2024,1081293,40,PLEASANT AVENUE,MANHATTAN,111,CLASS - 2,28-302.4,Failure to File Facade Technical Report,OPEN,230,0.0,0.0
37027235P,4/11/2024,1081294,30,PLEASANT AVENUE,MANHATTAN,111,CLASS - 2,28-302.4,Failure to File Facade Technical Report,OPEN,230,0.0,0.0
37027236R,4/11/2024,1081295,20,PLEASANT AVENUE,MANHATTAN,111,CLASS - 2,28-302.4,Failure to File Facade Technical Report,OPEN,230,0.0,0.0
37027237Z,4/11/2024,1081296,10,PLEASANT AVENUE,MANHATTAN,111,CLASS - 2,28-302.4,Failure to File Facade Technical Report,OPEN,230,0.0,0.0
37027238K,4/11/2024,1082330,1840,LEXINGTON AVENUE,MANHATTAN,111,CLASS - 2,28-302.4,Failure to File Facade Technical Report,OPEN,230,0.0,0.0
37027239M,4/11/2024,1082333,2060,   3 AVENUE,MANHATTAN,111,CLASS - 2,28-302.4,Failure to File Facade Technical Report,OPEN,230,0.0,0.0
37027240J,4/11/2024,1082337,163,EAST  112 STREET,MANHATTAN,111,CLASS - 2,28-302.4,Failure to File Facade Technical Report,OPEN,230,0.0,0.0
37027243P,4/11/2024,1082344,1761,   3 AVENUE,MANHATTAN,111,CLASS - 2,28-302.4,Failure to File Facade Technical Report,OPEN,230,0.0,0.0
37027245Z,4/11/2024,1082660,50,EAST  104 STREET,MANHATTAN,111,CLASS - 2,28-302.4,Failure to File Facade Technical Report,OPEN,230,0.0,0.0
37027246K,4/11/2024,1082661,60,EAST  104 STREET,MANHATTAN,111,CLASS - 2,28-302.4,Failure to File Facade Technical Report,OPEN,230,0.0,0.0
37027247M,4/11/2024,1083384,230,CLINTON STREET,MANHATTAN,103,CLASS - 2,28-302.4,Failure to File Facade Technical Report,OPEN,230,0.0,0.0
37027248Y,4/11/2024,1083385,280,MADISON STREET,MANHATTAN,103,CLASS - 2,28-302.4,Failure to File Facade Technical Report,OPEN,230,0.0,0.0
37027249X,4/11/2024,,340,CHERRY ST,BROOKLYN,   ,CLASS - 2,28-302.4,Failure to File Facade Technical Report,OPEN,230,0.0,0.0
37027250N,4/11/2024,1083387,250,CLINTON STREET,MANHATTAN,103,CLASS - 2,28-302.4,Failure to File Facade Technical Report,OPEN,230,0.0,0.0
37027251P,4/11/2024,1084116,55,LA SALLE STREET,MANHATTAN,109,CLASS - 2,28-302.4,Failure to File Facade Technical Report,OPEN,230,0.0,0.0
37027252R,4/11/2024,1084117,3150,BROADWAY,MANHATTAN,109,CLASS - 2,28-302.4,Failure to File Facade Technical Report,OPEN,230,0.0,0.0
37027254K,4/11/2024,1084119,75,LA SALLE STREET,MANHATTAN,109,CLASS - 2,28-302.4,Failure to File Facade Technical Report,OPEN,230,0.0,0.0
37027255M,4/11/2024,1084121,550,WEST  125 STREET,MANHATTAN,109,CLASS - 2,28-302.4,Failure to File Facade Technical Report,OPEN,230,0.0,0.0
37027256Y,4/11/2024,1087213,1829,LEXINGTON AVENUE,MANHATTAN,111,CLASS - 2,28-302.4,Failure to File Facade Technical Report,OPEN,230,0.0,0.0
37027257X,4/11/2024,1088292,245,GREENWICH STREET,MANHATTAN,101,CLASS - 2,28-302.4,Failure to File Facade Technical Report,OPEN,230,0.0,0.0
37027258H,4/11/2024,1088302,2180,   3 AVENUE,MANHATTAN,111,CLASS - 2,28-302.4,Failure to File Facade Technical Report,OPEN,230,0.0,0.0
37027259J,4/11/2024,1088394,125,WHITE STREET,MANHATTAN,101,CLASS - 2,28-302.4,Failure to File Facade Technical Report,OPEN,230,0.0,0.0
37027260R,4/11/2024,1088883,1752,PARK AVENUE,MANHATTAN,111,CLASS - 2,28-302.4,Failure to File Facade Technical Report,OPEN,230,0.0,0.0
37027263M,4/11/2024,2008963,228,WEST TREMONT AVENUE,BRONX,205,CLASS - 2,28-302.4,Failure to File Facade Technical Report,OPEN,230,0.0,0.0
37027264Y,4/11/2024,2010911,1317,WEST FARMS ROAD,BRONX,203,CLASS - 2,28-302.4,Failure to File Facade Technical Report,OPEN,230,0.0,0.0
37027266H,4/11/2024,2090413,372,EAST  152 STREET,BRONX,201,CLASS - 2,28-302.4,Failure to File Facade Technical Report,OPEN,230,0.0,0.0
37027267J,4/11/2024,2091182,450,EAST  169 STREET,BRONX,203,CLASS - 2,28-302.4,Failure to File Facade Technical Report,OPEN,230,0.0,0.0
37027268L,4/11/2024,2091183,1285,WASHINGTON AVENUE,BRONX,203,CLASS - 2,28-302.4,Failure to File Facade Technical Report,OPEN,230,0.0,0.0
37027269N,4/11/2024,2091266,584,EAST  137 STREET,BRONX,201,CLASS - 2,28-302.4,Failure to File Facade Technical Report,OPEN,230,0.0,0.0
37027270K,4/11/2024,2091267,600,EAST  137 STREET,BRONX,201,CLASS - 2,28-302.4,Failure to File Facade Technical Report,OPEN,230,0.0,0.0
37027271M,4/11/2024,2091268,620,EAST  137 STREET,BRONX,201,CLASS - 2,28-302.4,Failure to File Facade Technical Report,OPEN,230,0.0,0.0
37027272Y,4/11/2024,2091269,640,EAST  137 STREET,BRONX,201,CLASS - 2,28-302.4,Failure to File Facade Technical Report,OPEN,230,0.0,0.0
37027273X,4/11/2024,2091270,164,ST ANNS AVENUE,BRONX,201,CLASS - 2,28-302.4,Failure to File Facade Technical Report,OPEN,230,0.0,0.0
37027274H,4/11/2024,2091283,674,EAST  149 STREET,BRONX,201,CLASS - 2,28-302.4,Failure to File Facade Technical Report,OPEN,230,0.0,0.0
37027275J,4/11/2024,2091284,525,JACKSON AVENUE,BRONX,201,CLASS - 2,28-302.4,Failure to File Facade Technical Report,OPEN,230,0.0,0.0
37027282H,4/11/2024,2091957,750,EAST  163 STREET,BRONX,203,CLASS - 2,28-302.4,Failure to File Facade Technical Report,OPEN,230,0.0,0.0
37027284L,4/11/2024,2091959,905,TINTON AVENUE,BRONX,203,CLASS - 2,28-302.4,Failure to File Facade Technical Report,OPEN,230,0.0,0.0
37027292L,4/11/2024,2092079,3673,   3 AVENUE,BRONX,203,CLASS - 2,28-302.4,Failure to File Facade Technical Report,OPEN,230,0.0,0.0
37027296Z,4/11/2024,2092085,1372,WASHINGTON AVENUE,BRONX,203,CLASS - 2,28-302.4,Failure to File Facade Technical Report,OPEN,230,0.0,0.0
37027297K,4/11/2024,2092192,1705,BRYANT AVENUE,BRONX,203,CLASS - 2,28-302.4,Failure to File Facade Technical Report,OPEN,230,0.0,0.0
37027298M,4/11/2024,2092706,1810,LAFAYETTE AVENUE,BRONX,209,CLASS - 2,28-302.4,Failure to File Facade Technical Report,OPEN,230,0.0,0.0
37027299Y,4/11/2024,2092707,740,BEACH AVENUE,BRONX,209,CLASS - 2,28-302.4,Failure to File Facade Technical Report,OPEN,230,0.0,0.0
37027300M,4/11/2024,2092749,800,SOUNDVIEW AVENUE,BRONX,209,CLASS - 2,28-302.4,Failure to File Facade Technical Report,OPEN,230,0.0,0.0
37027301Y,4/11/2024,2092750,810,SOUNDVIEW AVENUE,BRONX,209,CLASS - 2,28-302.4,Failure to File Facade Technical Report,OPEN,230,0.0,0.0
37027302X,4/11/2024,2092751,1770,STORY AVENUE,BRONX,209,CLASS - 2,28-302.4,Failure to File Facade Technical Report,OPEN,230,0.0,0.0
37027303H,4/11/2024,2092752,1790,STORY AVENUE,BRONX,209,CLASS - 2,28-302.4,Failure to File Facade Technical Report,OPEN,230,0.0,0.0
37027304J,4/11/2024,2092753,805,TAYLOR AVENUE,BRONX,209,CLASS - 2,28-302.4,Failure to File Facade Technical Report,OPEN,230,0.0,0.0
37027307P,4/11/2024,2093464,660,ARNOW AVENUE,BRONX,211,CLASS - 2,28-302.4,Failure to File Facade Technical Report,OPEN,230,0.0,0.0
37027308R,4/11/2024,2093465,2825,OLINVILLE AVENUE,BRONX,211,CLASS - 2,28-302.4,Failure to File Facade Technical Report,OPEN,230,0.0,0.0
37027309Z,4/11/2024,2093914,175,WILLIS AVENUE,BRONX,201,CLASS - 2,28-302.4,Failure to File Facade Technical Report,OPEN,230,0.0,0.0
37027310X,4/11/2024,2093915,350,EAST  137 STREET,BRONX,201,CLASS - 2,28-302.4,Failure to File Facade Technical Report,OPEN,230,0.0,0.0
37027311H,4/11/2024,2093916,360,EAST  137 STREET,BRONX,201,CLASS - 2,28-302.4,Failure to File Facade Technical Report,OPEN,230,0.0,0.0
37027312J,4/11/2024,2093917,225,WILLIS AVENUE,BRONX,201,CLASS - 2,28-302.4,Failure to File Facade Technical Report,OPEN,230,0.0,0.0
37027313L,4/11/2024,2100990,3125,PARK AVENUE,BRONX,204,CLASS - 2,28-302.4,Failure to File Facade Technical Report,OPEN,230,0.0,0.0
37027314N,4/11/2024,2102829,3071,PARK AVENUE,BRONX,204,CLASS - 2,28-302.4,Failure to File Facade Technical Report,OPEN,230,0.0,0.0
37027317Z,4/11/2024,3041566,24,MOTHER GASTON BOULEVARD,BROOKLYN,316,CLASS - 2,28-302.4,Failure to File Facade Technical Report,OPEN,230,0.0,0.0
37027318K,4/11/2024,3057520,483,CARLTON AVENUE,BROOKLYN,302,CLASS - 2,28-302.4,Failure to File Facade Technical Report,OPEN,230,0.0,0.0
37027319M,4/11/2024,3058752,29,FORT GREENE PLACE,BROOKLYN,302,CLASS - 2,28-302.4,Failure to File Facade Technical Report,OPEN,230,0.0,0.0
37027320J,4/11/2024,3071354,101,HUMBOLDT STREET,BROOKLYN,301,CLASS - 2,28-302.4,Failure to File Facade Technical Report,OPEN,230,0.0,0.0
37027321L,4/11/2024,3071469,131,MOORE STREET,BROOKLYN,301,CLASS - 2,28-302.4,Failure to File Facade Technical Report,OPEN,230,0.0,0.0
37027324R,4/11/2024,3257063,708,KINGSBOROUGH    7 WALK,BROOKLYN,316,CLASS - 2,28-302.4,Failure to File Facade Technical Report,OPEN,230,0.0,0.0
37027325Z,4/11/2024,3257064,707,KINGSBOROUGH    7 WALK,BROOKLYN,316,CLASS - 2,28-302.4,Failure to File Facade Technical Report,OPEN,230,0.0,0.0
37027326K,4/11/2024,3321615,2839,WEST   33 STREET,BROOKLYN,313,CLASS - 2,28-302.4,Failure to File Facade Technical Report,OPEN,230,0.0,0.0
37027327M,4/11/2024,3321616,2820,WEST   32 STREET,BROOKLYN,313,CLASS - 2,28-302.4,Failure to File Facade Technical Report,OPEN,230,0.0,0.0
37027328Y,4/11/2024,3321763,2950,WEST   33 STREET,BROOKLYN,313,CLASS - 2,28-302.4,Failure to File Facade Technical Report,OPEN,230,0.0,0.0
37027329X,4/11/2024,3321763,2950,WEST   33 STREET,BROOKLYN,313,CLASS - 2,28-302.4,Failure to File Facade Technical Report,OPEN,230,0.0,0.0
37027330N,4/11/2024,3321765,3309,SURF AVENUE,BROOKLYN,313,CLASS - 2,28-302.4,Failure to File Facade Technical Report,OPEN,230,0.0,0.0
37027331P,4/11/2024,3321766,2951,WEST   33 STREET,BROOKLYN,313,CLASS - 2,28-302.4,Failure to File Facade Technical Report,OPEN,230,0.0,0.0
37027332R,4/11/2024,3321767,2935,WEST   33 STREET,BROOKLYN,313,CLASS - 2,28-302.4,Failure to File Facade Technical Report,OPEN,230,0.0,0.0
37027333Z,4/11/2024,3321768,2975,WEST   33 STREET,BROOKLYN,313,CLASS - 2,28-302.4,Failure to File Facade Technical Report,OPEN,230,0.0,0.0
37027334K,4/11/2024,3321865,387,LAFAYETTE AVENUE,BROOKLYN,303,CLASS - 2,28-302.4,Failure to File Facade Technical Report,OPEN,230,0.0,0.0
37027336Y,4/11/2024,3321868,433,LAFAYETTE AVENUE,BROOKLYN,303,CLASS - 2,28-302.4,Failure to File Facade Technical Report,OPEN,230,0.0,0.0
37027337X,4/11/2024,3321869,415,LAFAYETTE AVENUE,BROOKLYN,303,CLASS - 2,28-302.4,Failure to File Facade Technical Report,OPEN,230,0.0,0.0
37027339J,4/11/2024,3322043,3025,WEST   32 STREET,BROOKLYN,313,CLASS - 2,28-302.4,Failure to File Facade Technical Report,OPEN,230,0.0,0.0
37027340R,4/11/2024,3322044,3030,SURF AVENUE,BROOKLYN,313,CLASS - 2,28-302.4,Failure to File Facade Technical Report,OPEN,230,0.0,0.0
37027352Y,4/11/2024,3324728,868,PARK AVENUE,BROOKLYN,303,CLASS - 2,28-302.4,Failure to File Facade Technical Report,OPEN,230,0.0,0.0
37027353X,4/11/2024,3324731,20,LEWIS AVENUE,BROOKLYN,303,CLASS - 2,28-302.4,Failure to File Facade Technical Report,OPEN,230,0.0,0.0
37027354H,4/11/2024,3324732,67,MARCUS GARVEY BOULEVARD,BROOKLYN,303,CLASS - 2,28-302.4,Failure to File Facade Technical Report,OPEN,230,0.0,0.0
37027355J,4/11/2024,3324733,1043,MYRTLE AVENUE,BROOKLYN,303,CLASS - 2,28-302.4,Failure to File Facade Technical Report,OPEN,230,0.0,0.0
37027359R,4/11/2024,3325154,292,RALPH AVENUE,BROOKLYN,303,CLASS - 2,28-302.4,Failure to File Facade Technical Report,OPEN,230,0.0,0.0
37027360Y,4/11/2024,3325167,302,BAINBRIDGE STREET,BROOKLYN,303,CLASS - 2,28-302.4,Failure to File Facade Technical Report,OPEN,230,0.0,0.0
37027361X,4/11/2024,3325168,311,PATCHEN AVENUE,BROOKLYN,303,CLASS - 2,28-302.4,Failure to File Facade Technical Report,OPEN,230,0.0,0.0
37027362H,4/11/2024,3325169,254,RALPH AVENUE,BROOKLYN,303,CLASS - 2,28-302.4,Failure to File Facade Technical Report,OPEN,230,0.0,0.0
37027363J,4/11/2024,3325170,326,BAINBRIDGE STREET,BROOKLYN,303,CLASS - 2,28-302.4,Failure to File Facade Technical Report,OPEN,230,0.0,0.0
37027364L,4/11/2024,3325171,342,BAINBRIDGE STREET,BROOKLYN,303,CLASS - 2,28-302.4,Failure to File Facade Technical Report,OPEN,230,0.0,0.0
37027366P,4/11/2024,3325173,272,RALPH AVENUE,BROOKLYN,303,CLASS - 2,28-302.4,Failure to File Facade Technical Report,OPEN,230,0.0,0.0
37027367R,4/11/2024,3325174,1853,FULTON STREET,BROOKLYN,303,CLASS - 2,28-302.4,Failure to File Facade Technical Report,OPEN,230,0.0,0.0
37027368Z,4/11/2024,3325175,307,PATCHEN AVENUE,BROOKLYN,303,CLASS - 2,28-302.4,Failure to File Facade Technical Report,OPEN,230,0.0,0.0
37027370H,4/11/2024,3325905,177,SANDS STREET,BROOKLYN,302,CLASS - 2,28-302.4,Failure to File Facade Technical Report,OPEN,230,0.0,0.0
37027373N,4/11/2024,3325919,32,NAVY STREET,BROOKLYN,302,CLASS - 2,28-302.4,Failure to File Facade Technical Report,OPEN,230,0.0,0.0
37027374P,4/11/2024,3325920,192,SANDS STREET,BROOKLYN,302,CLASS - 2,28-302.4,Failure to File Facade Technical Report,OPEN,230,0.0,0.0
37027375R,4/11/2024,3326208,2726,LINDEN BOULEVARD,BROOKLYN,305,CLASS - 2,28-302.4,Failure to File Facade Technical Report,OPEN,230,0.0,0.0
37027376Z,4/11/2024,3326209,1257,LORING AVENUE,BROOKLYN,305,CLASS - 2,28-302.4,Failure to File Facade Technical Report,OPEN,230,0.0,0.0
37027377K,4/11/2024,3326993,2676,LINDEN BOULEVARD,BROOKLYN,305,CLASS - 2,28-302.4,Failure to File Facade Technical Report,OPEN,230,0.0,0.0
37027378M,4/11/2024,3326994,2678,LINDEN BOULEVARD,BROOKLYN,305,CLASS - 2,28-302.4,Failure to File Facade Technical Report,OPEN,230,0.0,0.0
37027379Y,4/11/2024,3326996,2724,LINDEN BOULEVARD,BROOKLYN,305,CLASS - 2,28-302.4,Failure to File Facade Technical Report,OPEN,230,0.0,0.0
37027380L,4/11/2024,3326997,1259,LORING AVENUE,BROOKLYN,305,CLASS - 2,28-302.4,Failure to File Facade Technical Report,OPEN,230,0.0,0.0
37027381N,4/11/2024,3326998,1305,LORING AVENUE,BROOKLYN,305,CLASS - 2,28-302.4,Failure to File Facade Technical Report,OPEN,230,0.0,0.0
37027382P,4/11/2024,3326999,1307,LORING AVENUE,BROOKLYN,305,CLASS - 2,28-302.4,Failure to File Facade Technical Report,OPEN,230,0.0,0.0
37027383R,4/11/2024,3327013,157,BELMONT AVENUE,BROOKLYN,316,CLASS - 2,28-302.4,Failure to File Facade Technical Report,OPEN,230,0.0,0.0
37027384Z,4/11/2024,3327014,180,POWELL STREET,BROOKLYN,316,CLASS - 2,28-302.4,Failure to File Facade Technical Report,OPEN,230,0.0,0.0
37027385K,4/11/2024,3327015,131,BELMONT AVENUE,BROOKLYN,316,CLASS - 2,28-302.4,Failure to File Facade Technical Report,OPEN,230,0.0,0.0
37027386M,4/11/2024,3327749,1210,LORING AVENUE,BROOKLYN,305,CLASS - 2,28-302.4,Failure to File Facade Technical Report,OPEN,230,0.0,0.0
37027387Y,4/11/2024,3327750,1212,LORING AVENUE,BROOKLYN,305,CLASS - 2,28-302.4,Failure to File Facade Technical Report,OPEN,230,0.0,0.0
37027388X,4/11/2024,3327751,1165,STANLEY AVENUE,BROOKLYN,305,CLASS - 2,28-302.4,Failure to File Facade Technical Report,OPEN,230,0.0,0.0
37027389H,4/11/2024,3327752,1167,STANLEY AVENUE,BROOKLYN,305,CLASS - 2,28-302.4,Failure to File Facade Technical Report,OPEN,230,0.0,0.0
37027390P,4/11/2024,3327755,1260,LORING AVENUE,BROOKLYN,305,CLASS - 2,28-302.4,Failure to File Facade Technical Report,OPEN,230,0.0,0.0
37027391R,4/11/2024,3327756,1306,LORING AVENUE,BROOKLYN,305,CLASS - 2,28-302.4,Failure to File Facade Technical Report,OPEN,230,0.0,0.0
37027392Z,4/11/2024,3327757,1308,LORING AVENUE,BROOKLYN,305,CLASS - 2,28-302.4,Failure to File Facade Technical Report,OPEN,230,0.0,0.0
37027393K,4/11/2024,3327758,1237,STANLEY AVENUE,BROOKLYN,305,CLASS - 2,28-302.4,Failure to File Facade Technical Report,OPEN,230,0.0,0.0
37027394M,4/11/2024,3327759,1239,STANLEY AVENUE,BROOKLYN,305,CLASS - 2,28-302.4,Failure to File Facade Technical Report,OPEN,230,0.0,0.0
37027395Y,4/11/2024,3327760,1258,LORING AVENUE,BROOKLYN,305,CLASS - 2,28-302.4,Failure to File Facade Technical Report,OPEN,230,0.0,0.0
37027396X,4/11/2024,,20,DEBVOISE AV,BROOKLYN,   ,CLASS - 2,28-302.4,Failure to File Facade Technical Report,OPEN,230,0.0,0.0
37027397H,4/11/2024,3839838,290,FRONT ST,BROOKLYN,   ,CLASS - 2,28-302.4,Failure to File Facade Technical Report,OPEN,230,0.0,0.0
37027398J,4/11/2024,3327830,330,FROST STREET,BROOKLYN,301,CLASS - 2,28-302.4,Failure to File Facade Technical Report,OPEN,230,0.0,0.0
37027399L,4/11/2024,3327831,340,FROST STREET,BROOKLYN,301,CLASS - 2,28-302.4,Failure to File Facade Technical Report,OPEN,230,0.0,0.0
37027400J,4/11/2024,3327832,295,JACKSON STREET,BROOKLYN,301,CLASS - 2,28-302.4,Failure to File Facade Technical Report,OPEN,230,0.0,0.0
37027401L,4/11/2024,3327833,417,MORGAN AVENUE,BROOKLYN,301,CLASS - 2,28-302.4,Failure to File Facade Technical Report,OPEN,230,0.0,0.0
37027405Z,4/11/2024,3328032,414,SUTTER AVENUE,BROOKLYN,316,CLASS - 2,28-302.4,Failure to File Facade Technical Report,OPEN,230,0.0,0.0
37027406K,4/11/2024,3328036,333,GEORGIA AVENUE,BROOKLYN,305,CLASS - 2,28-302.4,Failure to File Facade Technical Report,OPEN,230,0.0,0.0
37027408Y,4/11/2024,3328045,393,DUMONT AVENUE,BROOKLYN,316,CLASS - 2,28-302.4,Failure to File Facade Technical Report,OPEN,230,0.0,0.0
37027411P,4/11/2024,3331002,885,EAST   56 STREET,BROOKLYN,318,CLASS - 2,28-302.4,Failure to File Facade Technical Report,OPEN,230,0.0,0.0
37027412R,4/11/2024,3331003,5812,FARRAGUT ROAD,BROOKLYN,318,CLASS - 2,28-302.4,Failure to File Facade Technical Report,OPEN,230,0.0,0.0
37027413Z,4/11/2024,3331004,5801,GLENWOOD ROAD,BROOKLYN,318,CLASS - 2,28-302.4,Failure to File Facade Technical Report,OPEN,230,0.0,0.0
37027414K,4/11/2024,3331005,1690,RALPH AVENUE,BROOKLYN,318,CLASS - 2,28-302.4,Failure to File Facade Technical Report,OPEN,230,0.0,0.0
37027415M,4/11/2024,3331006,5701,AVENUE H,BROOKLYN,318,CLASS - 2,28-302.4,Failure to File Facade Technical Report,OPEN,230,0.0,0.0
37027416Y,4/11/2024,3331007,5610,FARRAGUT ROAD,BROOKLYN,318,CLASS - 2,28-302.4,Failure to File Facade Technical Report,OPEN,230,0.0,0.0
37027417X,4/11/2024,3331008,5624,FARRAGUT ROAD,BROOKLYN,318,CLASS - 2,28-302.4,Failure to File Facade Technical Report,OPEN,230,0.0,0.0
37027418H,4/11/2024,3331009,5716,FARRAGUT ROAD,BROOKLYN,318,CLASS - 2,28-302.4,Failure to File Facade Technical Report,OPEN,230,0.0,0.0
37027419J,4/11/2024,3331010,925,EAST   56 STREET,BROOKLYN,318,CLASS - 2,28-302.4,Failure to File Facade Technical Report,OPEN,230,0.0,0.0
37027420R,4/11/2024,3331011,5715,AVENUE H,BROOKLYN,318,CLASS - 2,28-302.4,Failure to File Facade Technical Report,OPEN,230,0.0,0.0
37027421Z,4/11/2024,,5817,GLENWOOD RD,QUEENS,   ,CLASS - 2,28-302.4,Failure to File Facade Technical Report,OPEN,230,0.0,0.0
37027422K,4/11/2024,3331013,5907,GLENWOOD ROAD,BROOKLYN,318,CLASS - 2,28-302.4,Failure to File Facade Technical Report,OPEN,230,0.0,0.0
37027423M,4/11/2024,3331014,1658,RALPH AVENUE,BROOKLYN,318,CLASS - 2,28-302.4,Failure to File Facade Technical Report,OPEN,230,0.0,0.0
37027424Y,4/11/2024,3331015,1732,RALPH AVENUE,BROOKLYN,318,CLASS - 2,28-302.4,Failure to File Facade Technical Report,OPEN,230,0.0,0.0
37027425X,4/11/2024,3331016,5711,AVENUE H,BROOKLYN,318,CLASS - 2,28-302.4,Failure to File Facade Technical Report,OPEN,230,0.0,0.0
37027426H,4/11/2024,3331018,5704,FARRAGUT ROAD,BROOKLYN,318,CLASS - 2,28-302.4,Failure to File Facade Technical Report,OPEN,230,0.0,0.0
37027427J,4/11/2024,3331019,5712,FARRAGUT ROAD,BROOKLYN,318,CLASS - 2,28-302.4,Failure to File Facade Technical Report,OPEN,230,0.0,0.0
37027428L,4/11/2024,3331020,5808,FARRAGUT ROAD,BROOKLYN,318,CLASS - 2,28-302.4,Failure to File Facade Technical Report,OPEN,230,0.0,0.0
37027429N,4/11/2024,3331021,5903,GLENWOOD ROAD,BROOKLYN,318,CLASS - 2,28-302.4,Failure to File Facade Technical Report,OPEN,230,0.0,0.0
37027517N,4/11/2024,1005568,295,BROOME STREET,MANHATTAN,103,CLASS - 2,28-302.4,Failure to File Facade Technical Report,OPEN,230,0.0,0.0
37027518P,4/11/2024,1006005,417,EAST   12 STREET,MANHATTAN,103,CLASS - 2,28-302.4,Failure to File Facade Technical Report,OPEN,230,0.0,0.0
37027519R,4/11/2024,1013561,481,   8 AVENUE,MANHATTAN,104,CLASS - 2,28-302.4,Failure to File Facade Technical Report,OPEN,230,0.0,0.0
37027520Y,4/11/2024,1016887,21,EAST   27 STREET,MANHATTAN,105,CLASS - 2,28-302.4,Failure to File Facade Technical Report,OPEN,230,0.0,0.0
37027521X,4/11/2024,1028133,17,WEST   64 STREET,MANHATTAN,107,CLASS - 2,28-302.4,Failure to File Facade Technical Report,OPEN,230,0.0,0.0
37027522H,4/11/2024,1033613,201,WEST   92 STREET,MANHATTAN,107,CLASS - 2,28-302.4,Failure to File Facade Technical Report,OPEN,230,0.0,0.0
37027523J,4/11/2024,1043155,122,EAST   76 STREET,MANHATTAN,108,CLASS - 2,28-302.4,Failure to File Facade Technical Report,OPEN,230,0.0,0.0
37027524L,4/11/2024,1049961,325,EAST   84 STREET,MANHATTAN,108,CLASS - 2,28-302.4,Failure to File Facade Technical Report,OPEN,230,0.0,0.0
37027525N,4/11/2024,1050733,1731,YORK AVENUE,MANHATTAN,108,CLASS - 2,28-302.4,Failure to File Facade Technical Report,OPEN,230,0.0,0.0
37027526P,4/11/2024,1051794,1569,LEXINGTON AVENUE,MANHATTAN,111,CLASS - 2,28-302.4,Failure to File Facade Technical Report,OPEN,230,0.0,0.0
37027527R,4/11/2024,1053725,27,WEST  129 STREET,MANHATTAN,110,CLASS - 2,28-302.4,Failure to File Facade Technical Report,OPEN,230,0.0,0.0
37027528Z,4/11/2024,1056409,2612,BROADWAY,MANHATTAN,107,CLASS - 2,28-302.4,Failure to File Facade Technical Report,OPEN,230,0.0,0.0
37027530H,4/11/2024,1062329,605,WEST  141 STREET,MANHATTAN,109,CLASS - 2,28-302.4,Failure to File Facade Technical Report,OPEN,230,0.0,0.0
37027531J,4/11/2024,1062797,2006,AMSTERDAM AVENUE,MANHATTAN,112,CLASS - 2,28-302.4,Failure to File Facade Technical Report,OPEN,230,0.0,0.0
37027532L,4/11/2024,1063072,119,AUDUBON AVENUE,MANHATTAN,112,CLASS - 2,28-302.4,Failure to File Facade Technical Report,OPEN,230,0.0,0.0
37027533N,4/11/2024,1063136,500,WEST  174 STREET,MANHATTAN,112,CLASS - 2,28-302.4,Failure to File Facade Technical Report,OPEN,230,0.0,0.0
37027534P,4/11/2024,1064470,209,BENNETT AVENUE,MANHATTAN,112,CLASS - 2,28-302.4,Failure to File Facade Technical Report,OPEN,230,0.0,0.0
37027535R,4/11/2024,1064874,5000,BROADWAY,MANHATTAN,112,CLASS - 2,28-302.4,Failure to File Facade Technical Report,OPEN,230,0.0,0.0
37027536Z,4/11/2024,1079499,618,RIVERSIDE DRIVE,MANHATTAN,109,CLASS - 2,28-302.4,Failure to File Facade Technical Report,OPEN,230,0.0,0.0
37027540L,4/11/2024,2000679,2804,   3 AVENUE,BRONX,201,CLASS - 2,28-302.4,Failure to File Facade Technical Report,OPEN,230,0.0,0.0
37027542P,4/11/2024,2101329,530,EAST  139 STREET,BRONX,201,CLASS - 2,28-302.4,Failure to File Facade Technical Report,OPEN,230,0.0,0.0
37027543R,4/11/2024,2005682,1049,FOX STREET,BRONX,202,CLASS - 2,28-302.4,Failure to File Facade Technical Report,OPEN,230,0.0,0.0
37027544Z,4/11/2024,2008145,1605,TOWNSEND AVENUE,BRONX,204,CLASS - 2,28-302.4,Failure to File Facade Technical Report,OPEN,230,0.0,0.0
37027545K,4/11/2024,2008301,1485,MACOMBS ROAD,BRONX,204,CLASS - 2,28-302.4,Failure to File Facade Technical Report,OPEN,230,0.0,0.0
37027546M,4/11/2024,2010300,1555,SEABURY PLACE,BRONX,203,CLASS - 2,28-302.4,Failure to File Facade Technical Report,OPEN,230,0.0,0.0
37027547Y,4/11/2024,2010933,1670,LONGFELLOW AVENUE,BRONX,203,CLASS - 2,28-302.4,Failure to File Facade Technical Report,OPEN,230,0.0,0.0
37027548X,4/11/2024,2011753,480,EAST  188 STREET,BRONX,206,CLASS - 2,28-302.4,Failure to File Facade Technical Report,OPEN,230,0.0,0.0
37027549H,4/11/2024,2041215,2141,STARLING AVENUE,BRONX,209,CLASS - 2,28-302.4,Failure to File Facade Technical Report,OPEN,230,0.0,0.0
37027550P,4/11/2024,2048797,2125,HOLLAND AVENUE,BRONX,211,CLASS - 2,28-302.4,Failure to File Facade Technical Report,OPEN,230,0.0,0.0
37027552Z,4/11/2024,2063115,4026,CARPENTER AVENUE,BRONX,212,CLASS - 2,28-302.4,Failure to File Facade Technical Report,OPEN,230,0.0,0.0
37027553K,4/11/2024,2071760,4769,WHITE PLAINS ROAD,BRONX,212,CLASS - 2,28-302.4,Failure to File Facade Technical Report,OPEN,230,0.0,0.0
37027554M,4/11/2024,2097987,254,EAST  203 STREET,BRONX,207,CLASS - 2,28-302.4,Failure to File Facade Technical Report,OPEN,230,0.0,0.0
37027557H,4/11/2024,3151695,8105,   4 AVENUE,BROOKLYN,310,CLASS - 2,28-302.4,Failure to File Facade Technical Report,OPEN,230,0.0,0.0
37027558J,4/11/2024,3152870,580,  84 STREET,BROOKLYN,310,CLASS - 2,28-302.4,Failure to File Facade Technical Report,OPEN,230,0.0,0.0
37027559L,4/11/2024,3196296,2827,OCEAN PARKWAY,BROOKLYN,313,CLASS - 2,28-302.4,Failure to File Facade Technical Report,OPEN,230,0.0,0.0
37027560Z,4/11/2024,3201757,1245,AVENUE X,BROOKLYN,315,CLASS - 2,28-302.4,Failure to File Facade Technical Report,OPEN,230,0.0,0.0
37027561K,4/11/2024,3321978,455,CARLTON AVENUE,BROOKLYN,302,CLASS - 2,28-302.4,Failure to File Facade Technical Report,OPEN,230,0.0,0.0
37027562M,4/11/2024,3321980,770,FULTON STREET,BROOKLYN,302,CLASS - 2,28-302.4,Failure to File Facade Technical Report,OPEN,230,0.0,0.0
37027563Y,4/11/2024,3321981,475,CARLTON AVENUE,BROOKLYN,302,CLASS - 2,28-302.4,Failure to File Facade Technical Report,OPEN,230,0.0,0.0
37027565H,4/11/2024,3394166,3064,CONEY ISLAND AVENUE,BROOKLYN,313,CLASS - 2,28-302.4,Failure to File Facade Technical Report,OPEN,230,0.0,0.0
37027567L,4/11/2024,4050542,99-44,  62 AVENUE,QUEENS,406,CLASS - 2,28-302.4,Failure to File Facade Technical Report,OPEN,230,0.0,0.0
37027569P,4/11/2024,4298968,711,SEAGIRT AVENUE,QUEENS,414,CLASS - 2,28-302.4,Failure to File Facade Technical Report,OPEN,230,0.0,0.0
37027570M,4/11/2024,4308791,134-32,  35 AVENUE,QUEENS,407,CLASS - 2,28-302.4,Failure to File Facade Technical Report,OPEN,230,0.0,0.0
37027572X,4/11/2024,4533965,136-16,  35 AVENUE,QUEENS,407,CLASS - 2,28-302.4,Failure to File Facade Technical Report,OPEN,230,0.0,0.0
37027573H,4/11/2024,1004507,388,EAST    8 STREET,MANHATTAN,103,CLASS - 2,28-302.4,Failure to File Facade Technical Report,OPEN,230,0.0,0.0
37027574J,4/11/2024,1009373,53,   5 AVENUE,MANHATTAN,102,CLASS - 2,28-302.4,Failure to File Facade Technical Report,OPEN,230,0.0,0.0
37027575L,4/11/2024,1014982,109,WEST   24 STREET,MANHATTAN,104,CLASS - 2,28-302.4,Failure to File Facade Technical Report,OPEN,230,0.0,0.0
37027576N,4/11/2024,1015639,25,WEST   26 STREET,MANHATTAN,105,CLASS - 2,28-302.4,Failure to File Facade Technical Report,OPEN,230,0.0,0.0
37027577P,4/11/2024,1033614,200,WEST   93 STREET,MANHATTAN,107,CLASS - 2,28-302.4,Failure to File Facade Technical Report,OPEN,230,0.0,0.0
37027578R,4/11/2024,1056643,220,WEST  107 STREET,MANHATTAN,107,CLASS - 2,28-302.4,Failure to File Facade Technical Report,OPEN,230,0.0,0.0
37027579Z,4/11/2024,1066890,115,   4 AVENUE,MANHATTAN,103,CLASS - 2,28-302.4,Failure to File Facade Technical Report,OPEN,230,0.0,0.0
37027580X,4/11/2024,1082488,202,CANAL STREET,MANHATTAN,103,CLASS - 2,28-302.4,Failure to File Facade Technical Report,OPEN,230,0.0,0.0
37027581H,4/11/2024,1083722,859,   7 AVENUE,MANHATTAN,105,CLASS - 2,28-302.4,Failure to File Facade Technical Report,OPEN,230,0.0,0.0
37027583L,4/11/2024,2049415,750,PELHAM PARKWAY,BRONX,211,CLASS - 2,28-302.4,Failure to File Facade Technical Report,OPEN,230,0.0,0.0
37027584N,4/11/2024,3116540,20,ST PAULS COURT,BROOKLYN,314,CLASS - 2,28-302.4,Failure to File Facade Technical Report,OPEN,230,0.0,0.0
37027585P,4/11/2024,3196297,2815,OCEAN PARKWAY,BROOKLYN,313,CLASS - 2,28-302.4,Failure to File Facade Technical Report,OPEN,230,0.0,0.0
37027587Z,4/11/2024,3349060,82,MIDDLETON STREET,BROOKLYN,301,CLASS - 2,28-302.4,Failure to File Facade Technical Report,OPEN,230,0.0,0.0
37027588K,4/11/2024,3379187,115,LINCOLN ROAD,BROOKLYN,309,CLASS - 2,28-302.4,Failure to File Facade Technical Report,OPEN,230,0.0,0.0
37027589M,4/11/2024,3388248,47,DIVISION AVENUE,BROOKLYN,301,CLASS - 2,28-302.4,Failure to File Facade Technical Report,OPEN,230,0.0,0.0
37027590J,4/11/2024,3396033,1600,BEVERLEY ROAD,BROOKLYN,314,CLASS - 2,28-302.4,Failure to File Facade Technical Report,OPEN,230,0.0,0.0
37027591L,4/11/2024,4029673,80-08,  35 AVENUE,QUEENS,403,CLASS - 2,28-302.4,Failure to File Facade Technical Report,OPEN,230,0.0,0.0
37027592N,4/11/2024,4213185,183-11,HILLSIDE AVENUE,QUEENS,408,CLASS - 2,28-302.4,Failure to File Facade Technical Report,OPEN,230,0.0,0.0
37027593P,4/11/2024,5042100,191,EDGEWATER STREET,STATEN ISLAND,501,CLASS - 2,28-302.4,Failure to File Facade Technical Report,OPEN,230,0.0,0.0
37027594R,4/11/2024,1000793,82,WASHINGTON STREET,MANHATTAN,101,CLASS - 2,28-302.4,Failure to File Facade Technical Report,OPEN,230,0.0,0.0
37027595Z,4/11/2024,1000802,29,BROADWAY,MANHATTAN,101,CLASS - 2,28-302.4,Failure to File Facade Technical Report,OPEN,230,0.0,0.0
37027596K,4/11/2024,1001003,72,WALL STREET,MANHATTAN,101,CLASS - 2,28-302.4,Failure to File Facade Technical Report,OPEN,230,0.0,0.0
37027597M,4/11/2024,1001111,81,MAIDEN LANE,MANHATTAN,101,CLASS - 2,28-302.4,Failure to File Facade Technical Report,OPEN,230,0.0,0.0
37027598Y,4/11/2024,1001112,75,MAIDEN LANE,MANHATTAN,101,CLASS - 2,28-302.4,Failure to File Facade Technical Report,OPEN,230,0.0,0.0
37027599X,4/11/2024,1001186,110,WILLIAM STREET,MANHATTAN,101,CLASS - 2,28-302.4,Failure to File Facade Technical Report,OPEN,230,0.0,0.0
37027602H,4/11/2024,1002121,61,NORTH MOORE STREET,MANHATTAN,101,CLASS - 2,28-302.4,Failure to File Facade Technical Report,OPEN,230,0.0,0.0
37027603J,4/11/2024,1002127,53,NORTH MOORE STREET,MANHATTAN,101,CLASS - 2,28-302.4,Failure to File Facade Technical Report,OPEN,230,0.0,0.0
37027604L,4/11/2024,1002171,8,BEACH STREET,MANHATTAN,101,CLASS - 2,28-302.4,Failure to File Facade Technical Report,OPEN,230,0.0,0.0
37027605N,4/11/2024,1002357,139,CENTRE STREET,MANHATTAN,101,CLASS - 2,28-302.4,Failure to File Facade Technical Report,OPEN,230,0.0,0.0
37027608Z,4/11/2024,1002669,118,BAXTER STREET,MANHATTAN,102,CLASS - 2,28-302.4,Failure to File Facade Technical Report,OPEN,230,0.0,0.0
37027609K,4/11/2024,1002961,9,WOOSTER STREET,MANHATTAN,102,CLASS - 2,28-302.4,Failure to File Facade Technical Report,OPEN,230,0.0,0.0
37027610H,4/11/2024,1003345,48,HENRY STREET,MANHATTAN,103,CLASS - 2,28-302.4,Failure to File Facade Technical Report,OPEN,230,0.0,0.0
37027611J,4/11/2024,1003882,54,ELDRIDGE STREET,MANHATTAN,103,CLASS - 2,28-302.4,Failure to File Facade Technical Report,OPEN,230,0.0,0.0
37027613N,4/11/2024,1004041,35,ESSEX STREET,MANHATTAN,103,CLASS - 2,28-302.4,Failure to File Facade Technical Report,OPEN,230,0.0,0.0
37027614P,4/11/2024,1004191,150,DELANCEY STREET,MANHATTAN,103,CLASS - 2,28-302.4,Failure to File Facade Technical Report,OPEN,230,0.0,0.0
37027615R,4/11/2024,1004196,88,CLINTON STREET,MANHATTAN,103,CLASS - 2,28-302.4,Failure to File Facade Technical Report,OPEN,230,0.0,0.0
37027616Z,4/11/2024,1004959,6,AVENUE B,MANHATTAN,103,CLASS - 2,28-302.4,Failure to File Facade Technical Report,OPEN,230,0.0,0.0
37027618M,4/11/2024,1005949,287,EAST   10 STREET,MANHATTAN,103,CLASS - 2,28-302.4,Failure to File Facade Technical Report,OPEN,230,0.0,0.0
37027619Y,4/11/2024,1006580,200,EAST    5 STREET,MANHATTAN,103,CLASS - 2,28-302.4,Failure to File Facade Technical Report,OPEN,230,0.0,0.0
37027620L,4/11/2024,1007177,178,MULBERRY STREET,MANHATTAN,102,CLASS - 2,28-302.4,Failure to File Facade Technical Report,OPEN,230,0.0,0.0
37027621N,4/11/2024,1007320,52,THOMPSON STREET,MANHATTAN,102,CLASS - 2,28-302.4,Failure to File Facade Technical Report,OPEN,230,0.0,0.0
37027622P,4/11/2024,1007578,545,BROADWAY,MANHATTAN,102,CLASS - 2,28-302.4,Failure to File Facade Technical Report,OPEN,230,0.0,0.0
37027624Z,4/11/2024,1008482,45,GREAT JONES STREET,MANHATTAN,102,CLASS - 2,28-302.4,Failure to File Facade Technical Report,OPEN,230,0.0,0.0
37027626M,4/11/2024,1009225,29,   5 AVENUE,MANHATTAN,102,CLASS - 2,28-302.4,Failure to File Facade Technical Report,OPEN,230,0.0,0.0
37027629H,4/11/2024,1009376,61,   5 AVENUE,MANHATTAN,102,CLASS - 2,28-302.4,Failure to File Facade Technical Report,OPEN,230,0.0,0.0
37027630P,4/11/2024,1011094,36,   7 AVENUE,MANHATTAN,102,CLASS - 2,28-302.4,Failure to File Facade Technical Report,OPEN,230,0.0,0.0
37027632Z,4/11/2024,1013596,307,WEST   36 STREET,MANHATTAN,104,CLASS - 2,28-302.4,Failure to File Facade Technical Report,OPEN,230,0.0,0.0
37027633K,4/11/2024,1013885,232,WEST   19 STREET,MANHATTAN,104,CLASS - 2,28-302.4,Failure to File Facade Technical Report,OPEN,230,0.0,0.0
37027635Y,4/11/2024,1014265,210,WEST   29 STREET,MANHATTAN,105,CLASS - 2,28-302.4,Failure to File Facade Technical Report,OPEN,230,0.0,0.0
37027636X,4/11/2024,1014268,222,WEST   29 STREET,MANHATTAN,105,CLASS - 2,28-302.4,Failure to File Facade Technical Report,OPEN,230,0.0,0.0
37027638J,4/11/2024,1014454,247,WEST   37 STREET,MANHATTAN,105,CLASS - 2,28-302.4,Failure to File Facade Technical Report,OPEN,230,0.0,0.0
37027639L,4/11/2024,1014467,256,WEST   38 STREET,MANHATTAN,105,CLASS - 2,28-302.4,Failure to File Facade Technical Report,OPEN,230,0.0,0.0
37027641K,4/11/2024,1014522,135,WEST   14 STREET,MANHATTAN,104,CLASS - 2,28-302.4,Failure to File Facade Technical Report,OPEN,230,0.0,0.0
37027643Y,4/11/2024,1014771,133,WEST   21 STREET,MANHATTAN,104,CLASS - 2,28-302.4,Failure to File Facade Technical Report,OPEN,230,0.0,0.0
37027644X,4/11/2024,1014777,132,WEST   22 STREET,MANHATTAN,104,CLASS - 2,28-302.4,Failure to File Facade Technical Report,OPEN,230,0.0,0.0
37027645H,4/11/2024,1014974,147,WEST   24 STREET,MANHATTAN,104,CLASS - 2,28-302.4,Failure to File Facade Technical Report,OPEN,230,0.0,0.0
37027647L,4/11/2024,1015191,401,   7 AVENUE,MANHATTAN,105,CLASS - 2,28-302.4,Failure to File Facade Technical Report,OPEN,230,0.0,0.0
37027648N,4/11/2024,1015219,151,WEST   34 STREET,MANHATTAN,105,CLASS - 2,28-302.4,Failure to File Facade Technical Report,OPEN,230,0.0,0.0
37027649P,4/11/2024,1015403,40,WEST   17 STREET,MANHATTAN,105,CLASS - 2,28-302.4,Failure to File Facade Technical Report,OPEN,230,0.0,0.0
37027650M,4/11/2024,1015456,8,WEST   19 STREET,MANHATTAN,105,CLASS - 2,28-302.4,Failure to File Facade Technical Report,OPEN,230,0.0,0.0
37027651Y,4/11/2024,1015732,260,   5 AVENUE,MANHATTAN,105,CLASS - 2,28-302.4,Failure to File Facade Technical Report,OPEN,230,0.0,0.0
37027652X,4/11/2024,1015900,386,   5 AVENUE,MANHATTAN,105,CLASS - 2,28-302.4,Failure to File Facade Technical Report,OPEN,230,0.0,0.0
37027657P,4/11/2024,1015951,40,WEST   37 STREET,MANHATTAN,105,CLASS - 2,28-302.4,Failure to File Facade Technical Report,OPEN,230,0.0,0.0
37027658R,4/11/2024,1016002,15,WEST   38 STREET,MANHATTAN,105,CLASS - 2,28-302.4,Failure to File Facade Technical Report,OPEN,230,0.0,0.0
37027659Z,4/11/2024,1016896,243,   5 AVENUE,MANHATTAN,105,CLASS - 2,28-302.4,Failure to File Facade Technical Report,OPEN,230,0.0,0.0
37027662J,4/11/2024,1016955,13,EAST   30 STREET,MANHATTAN,105,CLASS - 2,28-302.4,Failure to File Facade Technical Report,OPEN,230,0.0,0.0
37027664N,4/11/2024,1017193,13,EAST   37 STREET,MANHATTAN,105,CLASS - 2,28-302.4,Failure to File Facade Technical Report,OPEN,230,0.0,0.0
37027666R,4/11/2024,1017990,2,LEXINGTON AVENUE,MANHATTAN,106,CLASS - 2,28-302.4,Failure to File Facade Technical Report,OPEN,230,0.0,0.0
37027669M,4/11/2024,1018083,54,LEXINGTON AVENUE,MANHATTAN,105,CLASS - 2,28-302.4,Failure to File Facade Technical Report,OPEN,230,0.0,0.0
37027671L,4/11/2024,1018471,471,PARK AVENUE SOUTH,MANHATTAN,105,CLASS - 2,28-302.4,Failure to File Facade Technical Report,OPEN,230,0.0,0.0
37027672N,4/11/2024,1018476,145,EAST   32 STREET,MANHATTAN,106,CLASS - 2,28-302.4,Failure to File Facade Technical Report,OPEN,230,0.0,0.0
37027673P,4/11/2024,1018520,245,LEXINGTON AVENUE,MANHATTAN,106,CLASS - 2,28-302.4,Failure to File Facade Technical Report,OPEN,230,0.0,0.0
37027674R,4/11/2024,1018534,148,EAST   35 STREET,MANHATTAN,106,CLASS - 2,28-302.4,Failure to File Facade Technical Report,OPEN,230,0.0,0.0
37027675Z,4/11/2024,1019536,205,EAST   16 STREET,MANHATTAN,106,CLASS - 2,28-302.4,Failure to File Facade Technical Report,OPEN,230,0.0,0.0
37027677M,4/11/2024,1022628,133,WEST   44 STREET,MANHATTAN,105,CLASS - 2,28-302.4,Failure to File Facade Technical Report,OPEN,230,0.0,0.0
37027678Y,4/11/2024,1023384,140,WEST   55 STREET,MANHATTAN,105,CLASS - 2,28-302.4,Failure to File Facade Technical Report,OPEN,230,0.0,0.0
37027679X,4/11/2024,1023386,146,WEST   55 STREET,MANHATTAN,105,CLASS - 2,28-302.4,Failure to File Facade Technical Report,OPEN,230,0.0,0.0
37027681P,4/11/2024,1023726,117,WEST   57 STREET,MANHATTAN,105,CLASS - 2,28-302.4,Failure to File Facade Technical Report,OPEN,230,0.0,0.0
37027682R,4/11/2024,1023732,1411,AVENUE OF THE AMERICAS,MANHATTAN,105,CLASS - 2,28-302.4,Failure to File Facade Technical Report,OPEN,230,0.0,0.0
37027684K,4/11/2024,1024743,224,WEST   47 STREET,MANHATTAN,105,CLASS - 2,28-302.4,Failure to File Facade Technical Report,OPEN,230,0.0,0.0
37027685M,4/11/2024,1024781,220,WEST   49 STREET,MANHATTAN,105,CLASS - 2,28-302.4,Failure to File Facade Technical Report,OPEN,230,0.0,0.0
37027686Y,4/11/2024,1024782,224,WEST   49 STREET,MANHATTAN,105,CLASS - 2,28-302.4,Failure to File Facade Technical Report,OPEN,230,0.0,0.0
37027687X,4/11/2024,1024784,242,WEST   49 STREET,MANHATTAN,105,CLASS - 2,28-302.4,Failure to File Facade Technical Report,OPEN,230,0.0,0.0
37027691Z,4/11/2024,1026051,307,WEST   57 STREET,MANHATTAN,104,CLASS - 2,28-302.4,Failure to File Facade Technical Report,OPEN,230,0.0,0.0
37027692K,4/11/2024,1026317,353,WEST   57 STREET,MANHATTAN,104,CLASS - 2,28-302.4,Failure to File Facade Technical Report,OPEN,230,0.0,0.0
37027693M,4/11/2024,1027038,540,WEST   50 STREET,MANHATTAN,104,CLASS - 2,28-302.4,Failure to File Facade Technical Report,OPEN,230,0.0,0.0
37027694Y,4/11/2024,1028130,35,WEST   64 STREET,MANHATTAN,107,CLASS - 2,28-302.4,Failure to File Facade Technical Report,OPEN,230,0.0,0.0
37027695X,4/11/2024,1028139,10,WEST   65 STREET,MANHATTAN,107,CLASS - 2,28-302.4,Failure to File Facade Technical Report,OPEN,230,0.0,0.0
37027696H,4/11/2024,1028160,37,WEST   65 STREET,MANHATTAN,107,CLASS - 2,28-302.4,Failure to File Facade Technical Report,OPEN,230,0.0,0.0
37027698L,4/11/2024,1028944,110,WEST   69 STREET,MANHATTAN,107,CLASS - 2,28-302.4,Failure to File Facade Technical Report,OPEN,230,0.0,0.0
37027700L,4/11/2024,1030169,175,WEST   76 STREET,MANHATTAN,107,CLASS - 2,28-302.4,Failure to File Facade Technical Report,OPEN,230,0.0,0.0
37027701N,4/11/2024,1030259,102,WEST   79 STREET,MANHATTAN,107,CLASS - 2,28-302.4,Failure to File Facade Technical Report,OPEN,230,0.0,0.0
37027702P,4/11/2024,1030840,207,WEST   75 STREET,MANHATTAN,107,CLASS - 2,28-302.4,Failure to File Facade Technical Report,OPEN,230,0.0,0.0
37027703R,4/11/2024,1030859,235,WEST   76 STREET,MANHATTAN,107,CLASS - 2,28-302.4,Failure to File Facade Technical Report,OPEN,230,0.0,0.0
37027704Z,4/11/2024,1032228,175,WEST   87 STREET,MANHATTAN,107,CLASS - 2,28-302.4,Failure to File Facade Technical Report,OPEN,230,0.0,0.0
37027706M,4/11/2024,1032769,222,WEST   83 STREET,MANHATTAN,107,CLASS - 2,28-302.4,Failure to File Facade Technical Report,OPEN,230,0.0,0.0
37027708X,4/11/2024,1034228,2,WEST   45 STREET,MANHATTAN,105,CLASS - 2,28-302.4,Failure to File Facade Technical Report,OPEN,230,0.0,0.0
37027710P,4/11/2024,1034240,1152,AVENUE OF THE AMERICAS,MANHATTAN,105,CLASS - 2,28-302.4,Failure to File Facade Technical Report,OPEN,230,0.0,0.0
37027712Z,4/11/2024,1035354,509,   5 AVENUE,MANHATTAN,105,CLASS - 2,28-302.4,Failure to File Facade Technical Report,OPEN,230,0.0,0.0
37027715Y,4/11/2024,1035721,665,   5 AVENUE,MANHATTAN,105,CLASS - 2,28-302.4,Failure to File Facade Technical Report,OPEN,230,0.0,0.0
37027717H,4/11/2024,1036161,666,   3 AVENUE,MANHATTAN,106,CLASS - 2,28-302.4,Failure to File Facade Technical Report,OPEN,230,0.0,0.0
37027718J,4/11/2024,1036200,469,LEXINGTON AVENUE,MANHATTAN,106,CLASS - 2,28-302.4,Failure to File Facade Technical Report,OPEN,230,0.0,0.0
37027719L,4/11/2024,1038566,226,EAST   54 STREET,MANHATTAN,106,CLASS - 2,28-302.4,Failure to File Facade Technical Report,OPEN,230,0.0,0.0
37027720Z,4/11/2024,1038591,209,EAST   56 STREET,MANHATTAN,106,CLASS - 2,28-302.4,Failure to File Facade Technical Report,OPEN,230,0.0,0.0
37027721K,4/11/2024,1038592,227,EAST   56 STREET,MANHATTAN,106,CLASS - 2,28-302.4,Failure to File Facade Technical Report,OPEN,230,0.0,0.0
37027723Y,4/11/2024,1039972,1005,   1 AVENUE,MANHATTAN,106,CLASS - 2,28-302.4,Failure to File Facade Technical Report,OPEN,230,0.0,0.0
37027724X,4/11/2024,1040009,338,EAST   58 STREET,MANHATTAN,106,CLASS - 2,28-302.4,Failure to File Facade Technical Report,OPEN,230,0.0,0.0
37027725H,4/11/2024,1040467,405,EAST   56 STREET,MANHATTAN,106,CLASS - 2,28-302.4,Failure to File Facade Technical Report,OPEN,230,0.0,0.0
37027726J,4/11/2024,1040640,1076,   1 AVENUE,MANHATTAN,106,CLASS - 2,28-302.4,Failure to File Facade Technical Report,OPEN,230,0.0,0.0
37027727L,4/11/2024,1040895,27,EAST   62 STREET,MANHATTAN,108,CLASS - 2,28-302.4,Failure to File Facade Technical Report,OPEN,230,0.0,0.0
37027729P,4/11/2024,1041494,23,EAST   73 STREET,MANHATTAN,108,CLASS - 2,28-302.4,Failure to File Facade Technical Report,OPEN,230,0.0,0.0
37027731Y,4/11/2024,1041703,50,EAST   76 STREET,MANHATTAN,108,CLASS - 2,28-302.4,Failure to File Facade Technical Report,OPEN,230,0.0,0.0
37027732X,4/11/2024,1028778,30,WEST   76 STREET,MANHATTAN,107,CLASS - 2,28-302.4,Failure to File Facade Technical Report,OPEN,230,0.0,0.0
37027733H,4/11/2024,1043029,120,EAST   74 STREET,MANHATTAN,108,CLASS - 2,28-302.4,Failure to File Facade Technical Report,OPEN,230,0.0,0.0
37027734J,4/11/2024,1043067,111,EAST   73 STREET,MANHATTAN,108,CLASS - 2,28-302.4,Failure to File Facade Technical Report,OPEN,230,0.0,0.0
37027735L,4/11/2024,1043862,208,EAST   64 STREET,MANHATTAN,108,CLASS - 2,28-302.4,Failure to File Facade Technical Report,OPEN,230,0.0,0.0
37027738R,4/11/2024,1045876,1385,YORK AVENUE,MANHATTAN,108,CLASS - 2,28-302.4,Failure to File Facade Technical Report,OPEN,230,0.0,0.0
37027739Z,4/11/2024,1046407,500,EAST   77 STREET,MANHATTAN,108,CLASS - 2,28-302.4,Failure to File Facade Technical Report,OPEN,230,0.0,0.0
37027741H,4/11/2024,1047424,19,EAST   95 STREET,MANHATTAN,108,CLASS - 2,28-302.4,Failure to File Facade Technical Report,OPEN,230,0.0,0.0
37027742J,4/11/2024,1047437,12,EAST   96 STREET,MANHATTAN,108,CLASS - 2,28-302.4,Failure to File Facade Technical Report,OPEN,230,0.0,0.0
37027743L,4/11/2024,1048121,165,EAST   89 STREET,MANHATTAN,108,CLASS - 2,28-302.4,Failure to File Facade Technical Report,OPEN,230,0.0,0.0
37027745P,4/11/2024,1048569,240,EAST   82 STREET,MANHATTAN,108,CLASS - 2,28-302.4,Failure to File Facade Technical Report,OPEN,230,0.0,0.0
37027746R,4/11/2024,1048647,221,EAST   82 STREET,MANHATTAN,108,CLASS - 2,28-302.4,Failure to File Facade Technical Report,OPEN,230,0.0,0.0
37027747Z,4/11/2024,1050335,333,EAST   95 STREET,MANHATTAN,108,CLASS - 2,28-302.4,Failure to File Facade Technical Report,OPEN,230,0.0,0.0
37027748K,4/11/2024,1050337,334,EAST   96 STREET,MANHATTAN,108,CLASS - 2,28-302.4,Failure to File Facade Technical Report,OPEN,230,0.0,0.0
37027750J,4/11/2024,1050614,1700,   1 AVENUE,MANHATTAN,108,CLASS - 2,28-302.4,Failure to File Facade Technical Report,OPEN,230,0.0,0.0
37027752N,4/11/2024,1051500,21,EAST  104 STREET,MANHATTAN,111,CLASS - 2,28-302.4,Failure to File Facade Technical Report,OPEN,230,0.0,0.0
37027753P,4/11/2024,1051501,29,EAST  104 STREET,MANHATTAN,111,CLASS - 2,28-302.4,Failure to File Facade Technical Report,OPEN,230,0.0,0.0
37027754R,4/11/2024,1052468,2147,   2 AVENUE,MANHATTAN,111,CLASS - 2,28-302.4,Failure to File Facade Technical Report,OPEN,230,0.0,0.0
37027756K,4/11/2024,1052807,341,EAST  108 STREET,MANHATTAN,111,CLASS - 2,28-302.4,Failure to File Facade Technical Report,OPEN,230,0.0,0.0
37027757M,4/11/2024,1053018,455,EAST  114 STREET,MANHATTAN,111,CLASS - 2,28-302.4,Failure to File Facade Technical Report,OPEN,230,0.0,0.0
37027758Y,4/11/2024,1053082,441,EAST  116 STREET,MANHATTAN,111,CLASS - 2,28-302.4,Failure to File Facade Technical Report,OPEN,230,0.0,0.0
37027759X,4/11/2024,1053192,1468,   5 AVENUE,MANHATTAN,110,CLASS - 2,28-302.4,Failure to File Facade Technical Report,OPEN,230,0.0,0.0
37027760N,4/11/2024,1053805,50,WEST  131 STREET,MANHATTAN,110,CLASS - 2,28-302.4,Failure to File Facade Technical Report,OPEN,230,0.0,0.0
37027761P,4/11/2024,1057683,114,WEST  122 STREET,MANHATTAN,110,CLASS - 2,28-302.4,Failure to File Facade Technical Report,OPEN,230,0.0,0.0
37027762R,4/11/2024,1055079,217,WEST  111 STREET,MANHATTAN,110,CLASS - 2,28-302.4,Failure to File Facade Technical Report,OPEN,230,0.0,0.0
37027763Z,4/11/2024,1055083,203,WEST  111 STREET,MANHATTAN,110,CLASS - 2,28-302.4,Failure to File Facade Technical Report,OPEN,230,0.0,0.0
37027764K,4/11/2024,1055119,200,WEST  113 STREET,MANHATTAN,110,CLASS - 2,28-302.4,Failure to File Facade Technical Report,OPEN,230,0.0,0.0
37027765M,4/11/2024,1055487,77,WEST  104 STREET,MANHATTAN,107,CLASS - 2,28-302.4,Failure to File Facade Technical Report,OPEN,230,0.0,0.0
37027766Y,4/11/2024,1055850,370,MANHATTAN AVENUE,MANHATTAN,110,CLASS - 2,28-302.4,Failure to File Facade Technical Report,OPEN,230,0.0,0.0
37027767X,4/11/2024,1055931,149,WEST  105 STREET,MANHATTAN,107,CLASS - 2,28-302.4,Failure to File Facade Technical Report,OPEN,230,0.0,0.0
37027768H,4/11/2024,1055943,156,WEST  106 STREET,MANHATTAN,107,CLASS - 2,28-302.4,Failure to File Facade Technical Report,OPEN,230,0.0,0.0
37027769J,4/11/2024,1056048,419,WEST  115 STREET,MANHATTAN,109,CLASS - 2,28-302.4,Failure to File Facade Technical Report,OPEN,230,0.0,0.0
37027770R,4/11/2024,1056050,411,WEST  115 STREET,MANHATTAN,109,CLASS - 2,28-302.4,Failure to File Facade Technical Report,OPEN,230,0.0,0.0
37027771Z,4/11/2024,1056051,403,WEST  115 STREET,MANHATTAN,109,CLASS - 2,28-302.4,Failure to File Facade Technical Report,OPEN,230,0.0,0.0
37027772K,4/11/2024,1056060,2560,BROADWAY,MANHATTAN,107,CLASS - 2,28-302.4,Failure to File Facade Technical Report,OPEN,230,0.0,0.0
37027774Y,4/11/2024,1056410,2609,BROADWAY,MANHATTAN,107,CLASS - 2,28-302.4,Failure to File Facade Technical Report,OPEN,230,0.0,0.0
37027776H,4/11/2024,1056646,272,WEST  107 STREET,MANHATTAN,107,CLASS - 2,28-302.4,Failure to File Facade Technical Report,OPEN,230,0.0,0.0
37027777J,4/11/2024,1058515,2030,   7 AVENUE,MANHATTAN,110,CLASS - 2,28-302.4,Failure to File Facade Technical Report,OPEN,230,0.0,0.0
37027778L,4/11/2024,1059273,559,MANHATTAN AVENUE,MANHATTAN,109,CLASS - 2,28-302.4,Failure to File Facade Technical Report,OPEN,230,0.0,0.0
37027781M,4/11/2024,1059821,29,CLAREMONT AVENUE,MANHATTAN,109,CLASS - 2,28-302.4,Failure to File Facade Technical Report,OPEN,230,0.0,0.0
37027782Y,4/11/2024,1059822,35,CLAREMONT AVENUE,MANHATTAN,109,CLASS - 2,28-302.4,Failure to File Facade Technical Report,OPEN,230,0.0,0.0
37027783X,4/11/2024,1059824,47,CLAREMONT AVENUE,MANHATTAN,109,CLASS - 2,28-302.4,Failure to File Facade Technical Report,OPEN,230,0.0,0.0
37027784H,4/11/2024,1059827,464,RIVERSIDE DRIVE,MANHATTAN,109,CLASS - 2,28-302.4,Failure to File Facade Technical Report,OPEN,230,0.0,0.0
37027785J,4/11/2024,1059828,460,RIVERSIDE DRIVE,MANHATTAN,109,CLASS - 2,28-302.4,Failure to File Facade Technical Report,OPEN,230,0.0,0.0
37027786L,4/11/2024,1059832,450,RIVERSIDE DRIVE,MANHATTAN,109,CLASS - 2,28-302.4,Failure to File Facade Technical Report,OPEN,230,0.0,0.0
37027787N,4/11/2024,1059833,448,RIVERSIDE DRIVE,MANHATTAN,109,CLASS - 2,28-302.4,Failure to File Facade Technical Report,OPEN,230,0.0,0.0
37027788P,4/11/2024,1060091,625,LENOX AVENUE,MANHATTAN,110,CLASS - 2,28-302.4,Failure to File Facade Technical Report,OPEN,230,0.0,0.0
37027789R,4/11/2024,1060440,2714,   8 AVENUE,MANHATTAN,110,CLASS - 2,28-302.4,Failure to File Facade Technical Report,OPEN,230,0.0,0.0
37027790Y,4/11/2024,1060441,2718,   8 AVENUE,MANHATTAN,110,CLASS - 2,28-302.4,Failure to File Facade Technical Report,OPEN,230,0.0,0.0
37027791X,4/11/2024,1060444,271,WEST  144 STREET,MANHATTAN,110,CLASS - 2,28-302.4,Failure to File Facade Technical Report,OPEN,230,0.0,0.0
37027794L,4/11/2024,1061350,707,ST NICHOLAS AVENUE,MANHATTAN,109,CLASS - 2,28-302.4,Failure to File Facade Technical Report,OPEN,230,0.0,0.0
37027795N,4/11/2024,1061369,470,WEST  146 STREET,MANHATTAN,109,CLASS - 2,28-302.4,Failure to File Facade Technical Report,OPEN,230,0.0,0.0
37027796P,4/11/2024,1061625,400,WEST  153 STREET,MANHATTAN,109,CLASS - 2,28-302.4,Failure to File Facade Technical Report,OPEN,230,0.0,0.0
37027797R,4/11/2024,1061630,853,ST NICHOLAS AVENUE,MANHATTAN,109,CLASS - 2,28-302.4,Failure to File Facade Technical Report,OPEN,230,0.0,0.0
37027798Z,4/11/2024,1061681,1909,AMSTERDAM AVENUE,MANHATTAN,109,CLASS - 2,28-302.4,Failure to File Facade Technical Report,OPEN,230,0.0,0.0
37027799K,4/11/2024,1061723,508,WEST  139 STREET,MANHATTAN,109,CLASS - 2,28-302.4,Failure to File Facade Technical Report,OPEN,230,0.0,0.0
37027800Z,4/11/2024,1062289,610,RIVERSIDE DRIVE,MANHATTAN,109,CLASS - 2,28-302.4,Failure to File Facade Technical Report,OPEN,230,0.0,0.0
37027801K,4/11/2024,1062318,613,WEST  140 STREET,MANHATTAN,109,CLASS - 2,28-302.4,Failure to File Facade Technical Report,OPEN,230,0.0,0.0
37027803Y,4/11/2024,1062325,635,RIVERSIDE DRIVE,MANHATTAN,109,CLASS - 2,28-302.4,Failure to File Facade Technical Report,OPEN,230,0.0,0.0
37027804X,4/11/2024,1062326,640,RIVERSIDE DRIVE,MANHATTAN,109,CLASS - 2,28-302.4,Failure to File Facade Technical Report,OPEN,230,0.0,0.0
37027805H,4/11/2024,1062334,644,RIVERSIDE DRIVE,MANHATTAN,109,CLASS - 2,28-302.4,Failure to File Facade Technical Report,OPEN,230,0.0,0.0
37027807L,4/11/2024,1062447,730,RIVERSIDE DRIVE,MANHATTAN,109,CLASS - 2,28-302.4,Failure to File Facade Technical Report,OPEN,230,0.0,0.0
37027808N,4/11/2024,1062452,736,RIVERSIDE DRIVE,MANHATTAN,109,CLASS - 2,28-302.4,Failure to File Facade Technical Report,OPEN,230,0.0,0.0
37027809P,4/11/2024,1062489,938,ST NICHOLAS AVENUE,MANHATTAN,112,CLASS - 2,28-302.4,Failure to File Facade Technical Report,OPEN,230,0.0,0.0
37027810M,4/11/2024,1062490,1945,AMSTERDAM AVENUE,MANHATTAN,112,CLASS - 2,28-302.4,Failure to File Facade Technical Report,OPEN,230,0.0,0.0
37027814J,4/11/2024,1063119,590,WEST  174 STREET,MANHATTAN,112,CLASS - 2,28-302.4,Failure to File Facade Technical Report,OPEN,230,0.0,0.0
37027815L,4/11/2024,1063350,3841,BROADWAY,MANHATTAN,112,CLASS - 2,28-302.4,Failure to File Facade Technical Report,OPEN,230,0.0,0.0
37027819Z,4/11/2024,1064059,4520,BROADWAY,MANHATTAN,112,CLASS - 2,28-302.4,Failure to File Facade Technical Report,OPEN,230,0.0,0.0
37027820X,4/11/2024,1064074,382,WADSWORTH AVENUE,MANHATTAN,112,CLASS - 2,28-302.4,Failure to File Facade Technical Report,OPEN,230,0.0,0.0
37027821H,4/11/2024,1064075,374,WADSWORTH AVENUE,MANHATTAN,112,CLASS - 2,28-302.4,Failure to File Facade Technical Report,OPEN,230,0.0,0.0
37027822J,4/11/2024,1064291,385,FORT WASHINGTON AVENUE,MANHATTAN,112,CLASS - 2,28-302.4,Failure to File Facade Technical Report,OPEN,230,0.0,0.0
37027823L,4/11/2024,1064299,812,WEST  181 STREET,MANHATTAN,112,CLASS - 2,28-302.4,Failure to File Facade Technical Report,OPEN,230,0.0,0.0
37027824N,4/11/2024,1064459,165,BENNETT AVENUE,MANHATTAN,112,CLASS - 2,28-302.4,Failure to File Facade Technical Report,OPEN,230,0.0,0.0
37027825P,4/11/2024,1064465,4441,BROADWAY,MANHATTAN,112,CLASS - 2,28-302.4,Failure to File Facade Technical Report,OPEN,230,0.0,0.0
37027826R,4/11/2024,1064469,213,BENNETT AVENUE,MANHATTAN,112,CLASS - 2,28-302.4,Failure to File Facade Technical Report,OPEN,230,0.0,0.0
37027827Z,4/11/2024,1065080,583,WEST  215 STREET,MANHATTAN,112,CLASS - 2,28-302.4,Failure to File Facade Technical Report,OPEN,230,0.0,0.0
37027828K,4/11/2024,1065084,260,SEAMAN AVENUE,MANHATTAN,112,CLASS - 2,28-302.4,Failure to File Facade Technical Report,OPEN,230,0.0,0.0
37027829M,4/11/2024,1066317,303,GREENWICH STREET,MANHATTAN,101,CLASS - 2,28-302.4,Failure to File Facade Technical Report,OPEN,230,0.0,0.0
37027830J,4/11/2024,1069581,120,WEST   45 STREET,MANHATTAN,105,CLASS - 2,28-302.4,Failure to File Facade Technical Report,OPEN,230,0.0,0.0
37027832N,4/11/2024,1074155,15,WEST  116 STREET,MANHATTAN,110,CLASS - 2,28-302.4,Failure to File Facade Technical Report,OPEN,230,0.0,0.0
37027833P,4/11/2024,1075741,107,LAFAYETTE STREET,MANHATTAN,101,CLASS - 2,28-302.4,Failure to File Facade Technical Report,OPEN,230,0.0,0.0
37027834R,4/11/2024,1075966,259,ELIZABETH STREET,MANHATTAN,102,CLASS - 2,28-302.4,Failure to File Facade Technical Report,OPEN,230,0.0,0.0
37027836K,4/11/2024,1076177,150,WEST   56 STREET,MANHATTAN,105,CLASS - 2,28-302.4,Failure to File Facade Technical Report,OPEN,230,0.0,0.0
37027837M,4/11/2024,1076195,1601,BROADWAY,MANHATTAN,105,CLASS - 2,28-302.4,Failure to File Facade Technical Report,OPEN,230,0.0,0.0
37027842R,4/11/2024,1077812,60,HENRY STREET,MANHATTAN,103,CLASS - 2,28-302.4,Failure to File Facade Technical Report,OPEN,230,0.0,0.0
37027843Z,4/11/2024,1078696,422,EAST   89 STREET,MANHATTAN,108,CLASS - 2,28-302.4,Failure to File Facade Technical Report,OPEN,230,0.0,0.0
37027851Z,4/11/2024,1080769,37,EAST   21 STREET,MANHATTAN,105,CLASS - 2,28-302.4,Failure to File Facade Technical Report,OPEN,230,0.0,0.0
37027852K,4/11/2024,1080965,521,WEST   48 STREET,MANHATTAN,104,CLASS - 2,28-302.4,Failure to File Facade Technical Report,OPEN,230,0.0,0.0
37027853M,4/11/2024,1081020,60,WEST   75 STREET,MANHATTAN,107,CLASS - 2,28-302.4,Failure to File Facade Technical Report,OPEN,230,0.0,0.0
37027854Y,4/11/2024,1081078,2075,   1 AVENUE,MANHATTAN,111,CLASS - 2,28-302.4,Failure to File Facade Technical Report,OPEN,230,0.0,0.0
37027855X,4/11/2024,1081079,334,EAST  108 STREET,MANHATTAN,111,CLASS - 2,28-302.4,Failure to File Facade Technical Report,OPEN,230,0.0,0.0
37027856H,4/11/2024,1081080,324,EAST  108 STREET,MANHATTAN,111,CLASS - 2,28-302.4,Failure to File Facade Technical Report,OPEN,230,0.0,0.0
37027857J,4/11/2024,1081081,2086,   2 AVENUE,MANHATTAN,111,CLASS - 2,28-302.4,Failure to File Facade Technical Report,OPEN,230,0.0,0.0
37027858L,4/11/2024,1081082,2078,   2 AVENUE,MANHATTAN,111,CLASS - 2,28-302.4,Failure to File Facade Technical Report,OPEN,230,0.0,0.0
37027859N,4/11/2024,1081083,315,EAST  106 STREET,MANHATTAN,111,CLASS - 2,28-302.4,Failure to File Facade Technical Report,OPEN,230,0.0,0.0
37027860K,4/11/2024,1081084,2065,   1 AVENUE,MANHATTAN,111,CLASS - 2,28-302.4,Failure to File Facade Technical Report,OPEN,230,0.0,0.0
37027861M,4/11/2024,1081085,325,EAST  106 STREET,MANHATTAN,111,CLASS - 2,28-302.4,Failure to File Facade Technical Report,OPEN,230,0.0,0.0
37027862Y,4/11/2024,1081105,2160,MADISON AVENUE,MANHATTAN,111,CLASS - 2,28-302.4,Failure to File Facade Technical Report,OPEN,230,0.0,0.0
37027863X,4/11/2024,1081106,2190,MADISON AVENUE,MANHATTAN,111,CLASS - 2,28-302.4,Failure to File Facade Technical Report,OPEN,230,0.0,0.0
37027864H,4/11/2024,1081107,10,EAST  138 STREET,MANHATTAN,111,CLASS - 2,28-302.4,Failure to File Facade Technical Report,OPEN,230,0.0,0.0
37027865J,4/11/2024,1081108,2255,   5 AVENUE,MANHATTAN,111,CLASS - 2,28-302.4,Failure to File Facade Technical Report,OPEN,230,0.0,0.0
37027866L,4/11/2024,1081109,2225,   5 AVENUE,MANHATTAN,111,CLASS - 2,28-302.4,Failure to File Facade Technical Report,OPEN,230,0.0,0.0
37027867N,4/11/2024,1081154,3,EAST   54 STREET,MANHATTAN,105,CLASS - 2,28-302.4,Failure to File Facade Technical Report,OPEN,230,0.0,0.0
37027868P,4/11/2024,1081582,120,WEST  106 STREET,MANHATTAN,107,CLASS - 2,28-302.4,Failure to File Facade Technical Report,OPEN,230,0.0,0.0
37027869R,4/11/2024,1081583,140,WEST  106 STREET,MANHATTAN,107,CLASS - 2,28-302.4,Failure to File Facade Technical Report,OPEN,230,0.0,0.0
37027870Y,4/11/2024,1082606,233,WEST  111 STREET,MANHATTAN,110,CLASS - 2,28-302.4,Failure to File Facade Technical Report,OPEN,230,0.0,0.0
37027871X,4/11/2024,1082614,2171,MADISON AVENUE,MANHATTAN,111,CLASS - 2,28-302.4,Failure to File Facade Technical Report,OPEN,230,0.0,0.0
37027872H,4/11/2024,1082615,45,EAST  135 STREET,MANHATTAN,111,CLASS - 2,28-302.4,Failure to File Facade Technical Report,OPEN,230,0.0,0.0
37027873J,4/11/2024,1082652,66,WEST   94 STREET,MANHATTAN,107,CLASS - 2,28-302.4,Failure to File Facade Technical Report,OPEN,230,0.0,0.0
37027874L,4/11/2024,1083402,305,MADISON STREET,MANHATTAN,103,CLASS - 2,28-302.4,Failure to File Facade Technical Report,OPEN,230,0.0,0.0
37027875N,4/11/2024,1083799,725,  10 AVENUE,MANHATTAN,104,CLASS - 2,28-302.4,Failure to File Facade Technical Report,OPEN,230,0.0,0.0
37027876P,4/11/2024,1084198,635,WEST  165 STREET,MANHATTAN,112,CLASS - 2,28-302.4,Failure to File Facade Technical Report,OPEN,230,0.0,0.0
37027877R,4/11/2024,1084202,4396,BROADWAY,MANHATTAN,112,CLASS - 2,28-302.4,Failure to File Facade Technical Report,OPEN,230,0.0,0.0
37027878Z,4/11/2024,1084206,75,WADSWORTH TERRACE,MANHATTAN,112,CLASS - 2,28-302.4,Failure to File Facade Technical Report,OPEN,230,0.0,0.0
37027879K,4/11/2024,1084206,75,WADSWORTH TERRACE,MANHATTAN,112,CLASS - 2,28-302.4,Failure to File Facade Technical Report,OPEN,230,0.0,0.0
37027880H,4/11/2024,1084293,118,WEST   58 STREET,MANHATTAN,105,CLASS - 2,28-302.4,Failure to File Facade Technical Report,OPEN,230,0.0,0.0
37027881J,4/11/2024,1085146,421,EAST  116 STREET,MANHATTAN,111,CLASS - 2,28-302.4,Failure to File Facade Technical Report,OPEN,230,0.0,0.0
37027882L,4/11/2024,1085273,335,EAST  105 STREET,MANHATTAN,111,CLASS - 2,28-302.4,Failure to File Facade Technical Report,OPEN,230,0.0,0.0
37027883N,4/11/2024,1086217,325,EAST  115 STREET,MANHATTAN,111,CLASS - 2,28-302.4,Failure to File Facade Technical Report,OPEN,230,0.0,0.0
37027884P,4/11/2024,1086220,2073,   8 AVENUE,MANHATTAN,110,CLASS - 2,28-302.4,Failure to File Facade Technical Report,OPEN,230,0.0,0.0
37027885R,4/11/2024,1086359,211,WEST   18 STREET,MANHATTAN,104,CLASS - 2,28-302.4,Failure to File Facade Technical Report,OPEN,230,0.0,0.0
37027887K,4/11/2024,1087427,350,WEST  124 STREET,MANHATTAN,109,CLASS - 2,28-302.4,Failure to File Facade Technical Report,OPEN,230,0.0,0.0
37027888M,4/11/2024,1087439,315,EAST  105 STREET,MANHATTAN,111,CLASS - 2,28-302.4,Failure to File Facade Technical Report,OPEN,230,0.0,0.0
37027889Y,4/11/2024,1087484,125,MAIDEN LANE,MANHATTAN,101,CLASS - 2,28-302.4,Failure to File Facade Technical Report,OPEN,230,0.0,0.0
37027890L,4/11/2024,1087488,311,WEST BROADWAY,MANHATTAN,102,CLASS - 2,28-302.4,Failure to File Facade Technical Report,OPEN,230,0.0,0.0
37027891N,4/11/2024,1087539,635,WEST   42 STREET,MANHATTAN,104,CLASS - 2,28-302.4,Failure to File Facade Technical Report,OPEN,230,0.0,0.0
37027895K,4/11/2024,1087667,190,ALLEN STREET,MANHATTAN,103,CLASS - 2,28-302.4,Failure to File Facade Technical Report,OPEN,230,0.0,0.0
37027896M,4/11/2024,1087671,360,WEST   11 STREET,MANHATTAN,102,CLASS - 2,28-302.4,Failure to File Facade Technical Report,OPEN,230,0.0,0.0
37027898X,4/11/2024,1087753,220,EAST   64 STREET,MANHATTAN,108,CLASS - 2,28-302.4,Failure to File Facade Technical Report,OPEN,230,0.0,0.0
37027900X,4/11/2024,1087767,735,AVENUE OF THE AMERICAS,MANHATTAN,104,CLASS - 2,28-302.4,Failure to File Facade Technical Report,OPEN,230,0.0,0.0
37027903L,4/11/2024,1088513,14,WEST   14 STREET,MANHATTAN,102,CLASS - 2,28-302.4,Failure to File Facade Technical Report,OPEN,230,0.0,0.0
37027904N,4/11/2024,1088604,521,WEST  133 STREET,MANHATTAN,109,CLASS - 2,28-302.4,Failure to File Facade Technical Report,OPEN,230,0.0,0.0
37027905P,4/11/2024,1088963,445,WEST   20 STREET,MANHATTAN,104,CLASS - 2,28-302.4,Failure to File Facade Technical Report,OPEN,230,0.0,0.0
37027908K,4/11/2024,1089438,605,WEST   42 STREET,MANHATTAN,104,CLASS - 2,28-302.4,Failure to File Facade Technical Report,OPEN,230,0.0,0.0
37027911L,4/11/2024,1089806,1,   7 AVENUE,MANHATTAN,102,CLASS - 2,28-302.4,Failure to File Facade Technical Report,OPEN,230,0.0,0.0
37027912N,4/11/2024,1089880,227,EAST   44 STREET,MANHATTAN,106,CLASS - 2,28-302.4,Failure to File Facade Technical Report,OPEN,230,0.0,0.0
37027913P,4/11/2024,1089960,213,EAST   43 STREET,MANHATTAN,106,CLASS - 2,28-302.4,Failure to File Facade Technical Report,OPEN,230,0.0,0.0
37027914R,4/11/2024,1090192,50,JOE DIMAGGIO HIGHWAY,MANHATTAN,101,CLASS - 2,28-302.4,Failure to File Facade Technical Report,OPEN,230,0.0,0.0
37027918Y,4/11/2024,1090878,220,EAST   20 STREET,MANHATTAN,106,CLASS - 2,28-302.4,Failure to File Facade Technical Report,OPEN,230,0.0,0.0
37027919X,4/11/2024,1087079,736,WEST  187 STREET,MANHATTAN,112,CLASS - 2,28-302.4,Failure to File Facade Technical Report,OPEN,230,0.0,0.0
37027920N,4/11/2024,2000680,509,WILLIS AVENUE,BRONX,201,CLASS - 2,28-302.4,Failure to File Facade Technical Report,OPEN,230,0.0,0.0
37027921P,4/11/2024,2001077,175,EAST  151 STREET,BRONX,204,CLASS - 2,28-302.4,Failure to File Facade Technical Report,OPEN,230,0.0,0.0
37027923Z,4/11/2024,2002792,773,SHERIDAN AVENUE,BRONX,204,CLASS - 2,28-302.4,Failure to File Facade Technical Report,OPEN,230,0.0,0.0
37027924K,4/11/2024,2002792,775,SHERIDAN AVENUE,BRONX,204,CLASS - 2,28-302.4,Failure to File Facade Technical Report,OPEN,230,0.0,0.0
37027925M,4/11/2024,2002792,779,SHERIDAN AVENUE,BRONX,204,CLASS - 2,28-302.4,Failure to File Facade Technical Report,OPEN,230,0.0,0.0
37027927X,4/11/2024,2002953,1055,WALTON AVENUE,BRONX,204,CLASS - 2,28-302.4,Failure to File Facade Technical Report,OPEN,230,0.0,0.0
37027929J,4/11/2024,2003161,1240,WOODYCREST AVENUE,BRONX,204,CLASS - 2,28-302.4,Failure to File Facade Technical Report,OPEN,230,0.0,0.0
37027930R,4/11/2024,2003170,1187,ANDERSON AVENUE,BRONX,204,CLASS - 2,28-302.4,Failure to File Facade Technical Report,OPEN,230,0.0,0.0
37027931Z,4/11/2024,2003170,1191,ANDERSON AVENUE,BRONX,204,CLASS - 2,28-302.4,Failure to File Facade Technical Report,OPEN,230,0.0,0.0
37027933M,4/11/2024,2003174,1201,SHAKESPEARE AVENUE,BRONX,204,CLASS - 2,28-302.4,Failure to File Facade Technical Report,OPEN,230,0.0,0.0
37027934Y,4/11/2024,2003314,132,WEST  169 STREET,BRONX,204,CLASS - 2,28-302.4,Failure to File Facade Technical Report,OPEN,230,0.0,0.0
37027935X,4/11/2024,2005012,830,EAST  163 STREET,BRONX,203,CLASS - 2,28-302.4,Failure to File Facade Technical Report,OPEN,230,0.0,0.0
37027938L,4/11/2024,2005213,980,PROSPECT AVENUE,BRONX,202,CLASS - 2,28-302.4,Failure to File Facade Technical Report,OPEN,230,0.0,0.0
37027939N,4/11/2024,2005517,745,FOX STREET,BRONX,202,CLASS - 2,28-302.4,Failure to File Facade Technical Report,OPEN,230,0.0,0.0
37027940K,4/11/2024,2007314,1660,TOPPING AVENUE,BRONX,204,CLASS - 2,28-302.4,Failure to File Facade Technical Report,OPEN,230,0.0,0.0
37027941M,4/11/2024,2007446,1790,WEEKS AVENUE,BRONX,205,CLASS - 2,28-302.4,Failure to File Facade Technical Report,OPEN,230,0.0,0.0
37027942Y,4/11/2024,2007689,163,EAST  179 STREET,BRONX,205,CLASS - 2,28-302.4,Failure to File Facade Technical Report,OPEN,230,0.0,0.0
37027943X,4/11/2024,2007724,214,EAST  178 STREET,BRONX,205,CLASS - 2,28-302.4,Failure to File Facade Technical Report,OPEN,230,0.0,0.0
37027944H,4/11/2024,2007907,1895,MORRIS AVENUE,BRONX,205,CLASS - 2,28-302.4,Failure to File Facade Technical Report,OPEN,230,0.0,0.0
37027945J,4/11/2024,2007910,1920,WALTON AVENUE,BRONX,205,CLASS - 2,28-302.4,Failure to File Facade Technical Report,OPEN,230,0.0,0.0
37027946L,4/11/2024,2008024,1645,GRAND CONCOURSE,BRONX,204,CLASS - 2,28-302.4,Failure to File Facade Technical Report,OPEN,230,0.0,0.0
37027947N,4/11/2024,2008053,1325,GRAND CONCOURSE,BRONX,204,CLASS - 2,28-302.4,Failure to File Facade Technical Report,OPEN,230,0.0,0.0
37027948P,4/11/2024,2008054,133,CLARKE PLACE,BRONX,204,CLASS - 2,28-302.4,Failure to File Facade Technical Report,OPEN,230,0.0,0.0
37027949R,4/11/2024,2008055,121,CLARKE PLACE,BRONX,204,CLASS - 2,28-302.4,Failure to File Facade Technical Report,OPEN,230,0.0,0.0
37027950Y,4/11/2024,2008216,1775,WALTON AVENUE,BRONX,205,CLASS - 2,28-302.4,Failure to File Facade Technical Report,OPEN,230,0.0,0.0
37027951X,4/11/2024,2008313,1460,MACOMBS ROAD,BRONX,204,CLASS - 2,28-302.4,Failure to File Facade Technical Report,OPEN,230,0.0,0.0
37027952H,4/11/2024,2008629,2010,GRAND AVENUE,BRONX,205,CLASS - 2,28-302.4,Failure to File Facade Technical Report,OPEN,230,0.0,0.0
37027953J,4/11/2024,2009009,1760,MONTGOMERY AVENUE,BRONX,205,CLASS - 2,28-302.4,Failure to File Facade Technical Report,OPEN,230,0.0,0.0
37027954L,4/11/2024,2009012,1710,ANDREWS AVENUE,BRONX,205,CLASS - 2,28-302.4,Failure to File Facade Technical Report,OPEN,230,0.0,0.0
37027955N,4/11/2024,2009013,1730,ANDREWS AVENUE,BRONX,205,CLASS - 2,28-302.4,Failure to File Facade Technical Report,OPEN,230,0.0,0.0
37027956P,4/11/2024,2009870,1660,CROTONA PARK EAST,BRONX,203,CLASS - 2,28-302.4,Failure to File Facade Technical Report,OPEN,230,0.0,0.0
37027958Z,4/11/2024,2012955,800,EAST  180 STREET,BRONX,206,CLASS - 2,28-302.4,Failure to File Facade Technical Report,OPEN,230,0.0,0.0
37027959K,4/11/2024,2013244,975,EAST TREMONT AVENUE,BRONX,206,CLASS - 2,28-302.4,Failure to File Facade Technical Report,OPEN,230,0.0,0.0
37027960H,4/11/2024,2013722,2254,GRAND CONCOURSE,BRONX,205,CLASS - 2,28-302.4,Failure to File Facade Technical Report,OPEN,230,0.0,0.0
37027961J,4/11/2024,2013829,2608,CRESTON AVENUE,BRONX,207,CLASS - 2,28-302.4,Failure to File Facade Technical Report,OPEN,230,0.0,0.0
37027962L,4/11/2024,2013832,2615,GRAND CONCOURSE,BRONX,207,CLASS - 2,28-302.4,Failure to File Facade Technical Report,OPEN,230,0.0,0.0
37027963N,4/11/2024,2014233,2290,DAVIDSON AVENUE,BRONX,207,CLASS - 2,28-302.4,Failure to File Facade Technical Report,OPEN,230,0.0,0.0
37027964P,4/11/2024,2014265,2344,DAVIDSON AVENUE,BRONX,207,CLASS - 2,28-302.4,Failure to File Facade Technical Report,OPEN,230,0.0,0.0
37027965R,4/11/2024,2015260,101,WEST KINGSBRIDGE ROAD,BRONX,208,CLASS - 2,28-302.4,Failure to File Facade Technical Report,OPEN,230,0.0,0.0
37027966Z,4/11/2024,2015397,2840,SEDGWICK AVENUE,BRONX,208,CLASS - 2,28-302.4,Failure to File Facade Technical Report,OPEN,230,0.0,0.0
37027967K,4/11/2024,2015403,2835,WEBB AVENUE,BRONX,208,CLASS - 2,28-302.4,Failure to File Facade Technical Report,OPEN,230,0.0,0.0
37027968M,4/11/2024,2015803,3311,GILES PLACE,BRONX,208,CLASS - 2,28-302.4,Failure to File Facade Technical Report,OPEN,230,0.0,0.0
37027969Y,4/11/2024,2016147,3130,ALBANY CRESCENT,BRONX,208,CLASS - 2,28-302.4,Failure to File Facade Technical Report,OPEN,230,0.0,0.0
37027971N,4/11/2024,2017214,3000,VALENTINE AVENUE,BRONX,207,CLASS - 2,28-302.4,Failure to File Facade Technical Report,OPEN,230,0.0,0.0
37027972P,4/11/2024,2017513,2775,MORRIS AVENUE,BRONX,207,CLASS - 2,28-302.4,Failure to File Facade Technical Report,OPEN,230,0.0,0.0
37027973R,4/11/2024,2017797,3551,DEKALB AVENUE,BRONX,207,CLASS - 2,28-302.4,Failure to File Facade Technical Report,OPEN,230,0.0,0.0
37027974Z,4/11/2024,2018349,3260,PERRY AVENUE,BRONX,207,CLASS - 2,28-302.4,Failure to File Facade Technical Report,OPEN,230,0.0,0.0
37027975K,4/11/2024,2019831,4315,WEBSTER AVENUE,BRONX,212,CLASS - 2,28-302.4,Failure to File Facade Technical Report,OPEN,230,0.0,0.0
37027976M,4/11/2024,2019832,4295,WEBSTER AVENUE,BRONX,212,CLASS - 2,28-302.4,Failure to File Facade Technical Report,OPEN,230,0.0,0.0
37027977Y,4/11/2024,2022208,2025,SEWARD AVENUE,BRONX,209,CLASS - 2,28-302.4,Failure to File Facade Technical Report,OPEN,230,0.0,0.0
37027979H,4/11/2024,2048791,2125,CRUGER AVENUE,BRONX,211,CLASS - 2,28-302.4,Failure to File Facade Technical Report,OPEN,230,0.0,0.0
37027980P,4/11/2024,2049243,1144,PELHAM PARKWAY,BRONX,211,CLASS - 2,28-302.4,Failure to File Facade Technical Report,OPEN,230,0.0,0.0
37027981R,4/11/2024,2049754,610,WARING AVENUE,BRONX,211,CLASS - 2,28-302.4,Failure to File Facade Technical Report,OPEN,230,0.0,0.0
37027982Z,4/11/2024,2051276,2526,BRONX PARK EAST,BRONX,211,CLASS - 2,28-302.4,Failure to File Facade Technical Report,OPEN,230,0.0,0.0
37027983K,4/11/2024,2051277,612,ALLERTON AVENUE,BRONX,211,CLASS - 2,28-302.4,Failure to File Facade Technical Report,OPEN,230,0.0,0.0
37027984M,4/11/2024,2055615,3039,WALLACE AVENUE,BRONX,212,CLASS - 2,28-302.4,Failure to File Facade Technical Report,OPEN,230,0.0,0.0
37027985Y,4/11/2024,2056265,3230,CRUGER AVENUE,BRONX,212,CLASS - 2,28-302.4,Failure to File Facade Technical Report,OPEN,230,0.0,0.0
37027986X,4/11/2024,2058144,720,EAST  221 STREET,BRONX,212,CLASS - 2,28-302.4,Failure to File Facade Technical Report,OPEN,230,0.0,0.0
37027989L,4/11/2024,2071999,834,PENFIELD STREET,BRONX,212,CLASS - 2,28-302.4,Failure to File Facade Technical Report,OPEN,230,0.0,0.0
37027990Z,4/11/2024,2083686,3424,KINGSBRIDGE AVENUE,BRONX,208,CLASS - 2,28-302.4,Failure to File Facade Technical Report,OPEN,230,0.0,0.0
37027991K,4/11/2024,2091800,1265,FULTON AVENUE,BRONX,203,CLASS - 2,28-302.4,Failure to File Facade Technical Report,OPEN,230,0.0,0.0
37027992M,4/11/2024,2092668,2050,SEWARD AVENUE,BRONX,209,CLASS - 2,28-302.4,Failure to File Facade Technical Report,OPEN,230,0.0,0.0
37027993Y,4/11/2024,2092669,633,OLMSTEAD AVENUE,BRONX,209,CLASS - 2,28-302.4,Failure to File Facade Technical Report,OPEN,230,0.0,0.0
37027994X,4/11/2024,2092670,630,PUGSLEY AVENUE,BRONX,209,CLASS - 2,28-302.4,Failure to File Facade Technical Report,OPEN,230,0.0,0.0
37027995H,4/11/2024,2092671,2070,SEWARD AVENUE,BRONX,209,CLASS - 2,28-302.4,Failure to File Facade Technical Report,OPEN,230,0.0,0.0
37027997L,4/11/2024,2092767,945,UNDERHILL AVENUE,BRONX,209,CLASS - 2,28-302.4,Failure to File Facade Technical Report,OPEN,230,0.0,0.0
37027998N,4/11/2024,2092768,910,THIERIOT AVENUE,BRONX,209,CLASS - 2,28-302.4,Failure to File Facade Technical Report,OPEN,230,0.0,0.0
37027999P,4/11/2024,2094189,441,EAST  155 STREET,BRONX,201,CLASS - 2,28-302.4,Failure to File Facade Technical Report,OPEN,230,0.0,0.0
37028000P,4/11/2024,2097360,1811,EASTCHESTER ROAD,BRONX,211,CLASS - 2,28-302.4,Failure to File Facade Technical Report,OPEN,230,0.0,0.0
37028001R,4/11/2024,2097865,1197,ANDERSON AVENUE,BRONX,204,CLASS - 2,28-302.4,Failure to File Facade Technical Report,OPEN,230,0.0,0.0
37028003K,4/11/2024,2098786,1185,ANDERSON AVENUE,BRONX,204,CLASS - 2,28-302.4,Failure to File Facade Technical Report,OPEN,230,0.0,0.0
37028004M,4/11/2024,2100381,2975,INDEPENDENCE AVENUE,BRONX,208,CLASS - 2,28-302.4,Failure to File Facade Technical Report,OPEN,230,0.0,0.0
37028005Y,4/11/2024,2102390,2130,CROTONA AVENUE,BRONX,206,CLASS - 2,28-302.4,Failure to File Facade Technical Report,OPEN,230,0.0,0.0
37028006X,4/11/2024,2113134,973,REV JAMES A POLITE AVENUE,BRONX,202,CLASS - 2,28-302.4,Failure to File Facade Technical Report,OPEN,230,0.0,0.0
37028007H,4/11/2024,2115074,2090,CROTONA PARKWAY,BRONX,206,CLASS - 2,28-302.4,Failure to File Facade Technical Report,OPEN,230,0.0,0.0
37028009L,4/11/2024,2116641,1765,TOWNSEND AVENUE,BRONX,205,CLASS - 2,28-302.4,Failure to File Facade Technical Report,OPEN,230,0.0,0.0
37028010Z,4/11/2024,2117123,1468,HOE AVENUE,BRONX,203,CLASS - 2,28-302.4,Failure to File Facade Technical Report,OPEN,230,0.0,0.0
37028011K,4/11/2024,2119487,1041,EAST  179 STREET,BRONX,206,CLASS - 2,28-302.4,Failure to File Facade Technical Report,OPEN,230,0.0,0.0
37028012M,4/11/2024,2120261,780,PROSPECT AVENUE,BRONX,202,CLASS - 2,28-302.4,Failure to File Facade Technical Report,OPEN,230,0.0,0.0
37028015H,4/11/2024,2124490,2776,MORRIS AVENUE,BRONX,207,CLASS - 2,28-302.4,Failure to File Facade Technical Report,OPEN,230,0.0,0.0
37028017L,4/11/2024,2127594,499,EAST  188 STREET,BRONX,206,CLASS - 2,28-302.4,Failure to File Facade Technical Report,OPEN,230,0.0,0.0
37028018N,4/11/2024,2128381,42,EAST GUN HILL ROAD,BRONX,207,CLASS - 2,28-302.4,Failure to File Facade Technical Report,OPEN,230,0.0,0.0
37028019P,4/11/2024,2128382,109,EAST  210 STREET,BRONX,207,CLASS - 2,28-302.4,Failure to File Facade Technical Report,OPEN,230,0.0,0.0
37028020M,4/11/2024,2128716,92,WEST TREMONT AVENUE,BRONX,205,CLASS - 2,28-302.4,Failure to File Facade Technical Report,OPEN,230,0.0,0.0
37028021Y,4/11/2024,2128907,2170,PROSPECT AVENUE,BRONX,206,CLASS - 2,28-302.4,Failure to File Facade Technical Report,OPEN,230,0.0,0.0
37028022X,4/11/2024,2128971,2757,MORRIS AVENUE,BRONX,207,CLASS - 2,28-302.4,Failure to File Facade Technical Report,OPEN,230,0.0,0.0
37028023H,4/11/2024,2129010,4,GOUVERNEUR PLACE,BRONX,203,CLASS - 2,28-302.4,Failure to File Facade Technical Report,OPEN,230,0.0,0.0
37028024J,4/11/2024,,45,CADMAN PLAZA EAST,BROOKLYN,   ,CLASS - 2,28-302.4,Failure to File Facade Technical Report,OPEN,230,0.0,0.0
37028025L,4/11/2024,3000090,68,JAY STREET,BROOKLYN,302,CLASS - 2,28-302.4,Failure to File Facade Technical Report,OPEN,230,0.0,0.0
37028026N,4/11/2024,3000178,157,PEARL STREET,BROOKLYN,302,CLASS - 2,28-302.4,Failure to File Facade Technical Report,OPEN,230,0.0,0.0
37028027P,4/11/2024,3000261,375,PEARL STREET,BROOKLYN,302,CLASS - 2,28-302.4,Failure to File Facade Technical Report,OPEN,230,0.0,0.0
37028030X,4/11/2024,3006476,126,   4 AVENUE,BROOKLYN,306,CLASS - 2,28-302.4,Failure to File Facade Technical Report,OPEN,230,0.0,0.0
37028031H,4/11/2024,3016180,5805,   7 AVENUE,BROOKLYN,307,CLASS - 2,28-302.4,Failure to File Facade Technical Report,OPEN,230,0.0,0.0
37028032J,4/11/2024,3020221,543,CARROLL STREET,BROOKLYN,306,CLASS - 2,28-302.4,Failure to File Facade Technical Report,OPEN,230,0.0,0.0
37028033L,4/11/2024,3025434,300,   8 AVENUE,BROOKLYN,306,CLASS - 2,28-302.4,Failure to File Facade Technical Report,OPEN,230,0.0,0.0
37028035P,4/11/2024,3030046,1296,PACIFIC STREET,BROOKLYN,308,CLASS - 2,28-302.4,Failure to File Facade Technical Report,OPEN,230,0.0,0.0
37028036R,4/11/2024,3031048,925,PROSPECT PLACE,BROOKLYN,308,CLASS - 2,28-302.4,Failure to File Facade Technical Report,OPEN,230,0.0,0.0
37028037Z,4/11/2024,3034860,456,BROOKLYN AVENUE,BROOKLYN,309,CLASS - 2,28-302.4,Failure to File Facade Technical Report,OPEN,230,0.0,0.0
37028038K,4/11/2024,3043194,1086,BROADWAY,BROOKLYN,303,CLASS - 2,28-302.4,Failure to File Facade Technical Report,OPEN,230,0.0,0.0
37028039M,4/11/2024,3047981,575,HERKIMER STREET,BROOKLYN,303,CLASS - 2,28-302.4,Failure to File Facade Technical Report,OPEN,230,0.0,0.0
37028040J,4/11/2024,3055849,50,GREENE AVENUE,BROOKLYN,302,CLASS - 2,28-302.4,Failure to File Facade Technical Report,OPEN,230,0.0,0.0
37028041L,4/11/2024,3056641,500,WASHINGTON AVENUE,BROOKLYN,302,CLASS - 2,28-302.4,Failure to File Facade Technical Report,OPEN,230,0.0,0.0
37028042N,4/11/2024,3058411,240,WILLOUGHBY STREET,BROOKLYN,302,CLASS - 2,28-302.4,Failure to File Facade Technical Report,OPEN,230,0.0,0.0
37028043P,4/11/2024,3058921,101,LAFAYETTE AVENUE,BROOKLYN,302,CLASS - 2,28-302.4,Failure to File Facade Technical Report,OPEN,230,0.0,0.0
37028044R,4/11/2024,3058922,99,LAFAYETTE AVENUE,BROOKLYN,302,CLASS - 2,28-302.4,Failure to File Facade Technical Report,OPEN,230,0.0,0.0
37028047M,4/11/2024,3061457,646,BROADWAY,BROOKLYN,301,CLASS - 2,28-302.4,Failure to File Facade Technical Report,OPEN,230,0.0,0.0
37028048Y,4/11/2024,3063350,340,SOUTH    3 STREET,BROOKLYN,301,CLASS - 2,28-302.4,Failure to File Facade Technical Report,OPEN,230,0.0,0.0
37028050N,4/11/2024,3083106,27,PENNSYLVANIA AVENUE,BROOKLYN,305,CLASS - 2,28-302.4,Failure to File Facade Technical Report,OPEN,230,0.0,0.0
37028052R,4/11/2024,3107769,762,NEW YORK AVENUE,BROOKLYN,317,CLASS - 2,28-302.4,Failure to File Facade Technical Report,OPEN,230,0.0,0.0
37028054K,4/11/2024,3117131,612,OCEAN AVENUE,BROOKLYN,314,CLASS - 2,28-302.4,Failure to File Facade Technical Report,OPEN,230,0.0,0.0
37028055M,4/11/2024,3117133,630,OCEAN AVENUE,BROOKLYN,314,CLASS - 2,28-302.4,Failure to File Facade Technical Report,OPEN,230,0.0,0.0
37028056Y,4/11/2024,3117572,200,EAST   17 STREET,BROOKLYN,314,CLASS - 2,28-302.4,Failure to File Facade Technical Report,OPEN,230,0.0,0.0
37028057X,4/11/2024,3117573,222,EAST   17 STREET,BROOKLYN,314,CLASS - 2,28-302.4,Failure to File Facade Technical Report,OPEN,230,0.0,0.0
37028061Z,4/11/2024,3121359,1170,OCEAN AVENUE,BROOKLYN,314,CLASS - 2,28-302.4,Failure to File Facade Technical Report,OPEN,230,0.0,0.0
37028062K,4/11/2024,3126837,483,OCEAN PARKWAY,BROOKLYN,312,CLASS - 2,28-302.4,Failure to File Facade Technical Report,OPEN,230,0.0,0.0
37028063M,4/11/2024,3126838,465,OCEAN PARKWAY,BROOKLYN,312,CLASS - 2,28-302.4,Failure to File Facade Technical Report,OPEN,230,0.0,0.0
37028064Y,4/11/2024,3127251,525,OCEAN PARKWAY,BROOKLYN,312,CLASS - 2,28-302.4,Failure to File Facade Technical Report,OPEN,230,0.0,0.0
37028065X,4/11/2024,3127761,345,WEBSTER AVENUE,BROOKLYN,314,CLASS - 2,28-302.4,Failure to File Facade Technical Report,OPEN,230,0.0,0.0
37028067J,4/11/2024,3128143,250,PARKVILLE AVENUE,BROOKLYN,314,CLASS - 2,28-302.4,Failure to File Facade Technical Report,OPEN,230,0.0,0.0
37028069N,4/11/2024,3154422,8901,NARROWS AVENUE,BROOKLYN,310,CLASS - 2,28-302.4,Failure to File Facade Technical Report,OPEN,230,0.0,0.0
37028070K,4/11/2024,3155718,125,  96 STREET,BROOKLYN,310,CLASS - 2,28-302.4,Failure to File Facade Technical Report,OPEN,230,0.0,0.0
37028073X,4/11/2024,3181608,1916,OCEAN AVENUE,BROOKLYN,314,CLASS - 2,28-302.4,Failure to File Facade Technical Report,OPEN,230,0.0,0.0
37028076L,4/11/2024,3429668,2610,OCEAN AVENUE,BROOKLYN,315,CLASS - 2,28-302.4,Failure to File Facade Technical Report,OPEN,230,0.0,0.0
37028077N,4/11/2024,3196064,2620,OCEAN PARKWAY,BROOKLYN,313,CLASS - 2,28-302.4,Failure to File Facade Technical Report,OPEN,230,0.0,0.0
37028079R,4/11/2024,3204894,2611,EAST   13 STREET,BROOKLYN,315,CLASS - 2,28-302.4,Failure to File Facade Technical Report,OPEN,230,0.0,0.0
37028080Y,4/11/2024,3204914,2645,EAST   13 STREET,BROOKLYN,315,CLASS - 2,28-302.4,Failure to File Facade Technical Report,OPEN,230,0.0,0.0
37028081X,4/11/2024,3205927,720,EAST   31 STREET,BROOKLYN,314,CLASS - 2,28-302.4,Failure to File Facade Technical Report,OPEN,230,0.0,0.0
37028082H,4/11/2024,3205952,3215,AVENUE H,BROOKLYN,317,CLASS - 2,28-302.4,Failure to File Facade Technical Report,OPEN,230,0.0,0.0
37028084L,4/11/2024,3245104,500,BRIGHTWATER COURT,BROOKLYN,313,CLASS - 2,28-302.4,Failure to File Facade Technical Report,OPEN,230,0.0,0.0
37028085N,4/11/2024,3245686,1159,BRIGHTON BEACH AVENUE,BROOKLYN,313,CLASS - 2,28-302.4,Failure to File Facade Technical Report,OPEN,230,0.0,0.0
37028086P,4/11/2024,3247935,3205,EMMONS AVENUE,BROOKLYN,315,CLASS - 2,28-302.4,Failure to File Facade Technical Report,OPEN,230,0.0,0.0
37028087R,4/11/2024,3247936,3191,EMMONS AVENUE,BROOKLYN,315,CLASS - 2,28-302.4,Failure to File Facade Technical Report,OPEN,230,0.0,0.0
37028088Z,4/11/2024,3250373,75,POPLAR STREET,BROOKLYN,302,CLASS - 2,28-302.4,Failure to File Facade Technical Report,OPEN,230,0.0,0.0
37028089K,4/11/2024,3255616,55,POPLAR STREET,BROOKLYN,302,CLASS - 2,28-302.4,Failure to File Facade Technical Report,OPEN,230,0.0,0.0
37028091J,4/11/2024,3321834,2929,WEST   31 STREET,BROOKLYN,313,CLASS - 2,28-302.4,Failure to File Facade Technical Report,OPEN,230,0.0,0.0
37028093N,4/11/2024,3324274,872,ASHFORD STREET,BROOKLYN,305,CLASS - 2,28-302.4,Failure to File Facade Technical Report,OPEN,230,0.0,0.0
37028101Y,4/11/2024,3324286,804,ASHFORD STREET,BROOKLYN,305,CLASS - 2,28-302.4,Failure to File Facade Technical Report,OPEN,230,0.0,0.0
37028103H,4/11/2024,3324288,842,ASHFORD STREET,BROOKLYN,305,CLASS - 2,28-302.4,Failure to File Facade Technical Report,OPEN,230,0.0,0.0
37028107P,4/11/2024,3324293,817,SCHENCK AVENUE,BROOKLYN,305,CLASS - 2,28-302.4,Failure to File Facade Technical Report,OPEN,230,0.0,0.0
37028110X,4/11/2024,,21,CADMAN PLAZA EAST,BROOKLYN,   ,CLASS - 2,28-302.4,Failure to File Facade Technical Report,OPEN,230,0.0,0.0
37028111H,4/11/2024,3335922,18,COLUMBIA HEIGHTS,BROOKLYN,302,CLASS - 2,28-302.4,Failure to File Facade Technical Report,OPEN,230,0.0,0.0
37028113L,4/11/2024,3341882,5613,   2 AVENUE,BROOKLYN,307,CLASS - 2,28-302.4,Failure to File Facade Technical Report,OPEN,230,0.0,0.0
37028114N,4/11/2024,3344163,113,WATER STREET,BROOKLYN,302,CLASS - 2,28-302.4,Failure to File Facade Technical Report,OPEN,230,0.0,0.0
37028115P,4/11/2024,3378157,106,COURT STREET,BROOKLYN,302,CLASS - 2,28-302.4,Failure to File Facade Technical Report,OPEN,230,0.0,0.0
37028116R,4/11/2024,3378528,58,COLUMBIA HEIGHTS,BROOKLYN,302,CLASS - 2,28-302.4,Failure to File Facade Technical Report,OPEN,230,0.0,0.0
37028118K,4/11/2024,3388607,649,WASHINGTON AVENUE,BROOKLYN,308,CLASS - 2,28-302.4,Failure to File Facade Technical Report,OPEN,230,0.0,0.0
37028119M,4/11/2024,3388608,647,WASHINGTON AVENUE,BROOKLYN,308,CLASS - 2,28-302.4,Failure to File Facade Technical Report,OPEN,230,0.0,0.0
37028120J,4/11/2024,3389676,800,BERGEN STREET,BROOKLYN,308,CLASS - 2,28-302.4,Failure to File Facade Technical Report,OPEN,230,0.0,0.0
37028121L,4/11/2024,3394449,86,MIDDLETON STREET,BROOKLYN,301,CLASS - 2,28-302.4,Failure to File Facade Technical Report,OPEN,230,0.0,0.0
37028122N,4/11/2024,3396505,162,NORTH   12 STREET,BROOKLYN,301,CLASS - 2,28-302.4,Failure to File Facade Technical Report,OPEN,230,0.0,0.0
37028123P,4/11/2024,3397048,95,SKILLMAN STREET,BROOKLYN,303,CLASS - 2,28-302.4,Failure to File Facade Technical Report,OPEN,230,0.0,0.0
37028129X,4/11/2024,3399789,497,VANDERBILT AVENUE,BROOKLYN,302,CLASS - 2,28-302.4,Failure to File Facade Technical Report,OPEN,230,0.0,0.0
37028131P,4/11/2024,3404051,443,WINTHROP STREET,BROOKLYN,309,CLASS - 2,28-302.4,Failure to File Facade Technical Report,OPEN,230,0.0,0.0
37028132R,4/11/2024,3413702,226,LINDEN BOULEVARD,BROOKLYN,317,CLASS - 2,28-302.4,Failure to File Facade Technical Report,OPEN,230,0.0,0.0
37028134K,4/11/2024,3418152,2,DUFFIELD STREET,BROOKLYN,302,CLASS - 2,28-302.4,Failure to File Facade Technical Report,OPEN,230,0.0,0.0
37028140R,4/11/2024,3425111,951,MADISON STREET,BROOKLYN,304,CLASS - 2,28-302.4,Failure to File Facade Technical Report,OPEN,230,0.0,0.0
37028143M,4/11/2024,3425505,618,BUSHWICK AVENUE,BROOKLYN,304,CLASS - 2,28-302.4,Failure to File Facade Technical Report,OPEN,230,0.0,0.0
37028144Y,4/11/2024,3426491,1288,EAST   19 STREET,BROOKLYN,314,CLASS - 2,28-302.4,Failure to File Facade Technical Report,OPEN,230,0.0,0.0
37028145X,4/11/2024,3426720,212,LINDEN BOULEVARD,BROOKLYN,317,CLASS - 2,28-302.4,Failure to File Facade Technical Report,OPEN,230,0.0,0.0
37028146H,4/11/2024,3428877,886,DAHILL ROAD,BROOKLYN,312,CLASS - 2,28-302.4,Failure to File Facade Technical Report,OPEN,230,0.0,0.0
37028147J,4/11/2024,3428877,886,DAHILL ROAD,BROOKLYN,312,CLASS - 2,28-302.4,Failure to File Facade Technical Report,OPEN,230,0.0,0.0
37028148L,4/11/2024,4001282,43-11,  49 STREET,QUEENS,402,CLASS - 2,28-302.4,Failure to File Facade Technical Report,OPEN,230,0.0,0.0
37028149N,4/11/2024,4001769,41-28,  44 STREET,QUEENS,402,CLASS - 2,28-302.4,Failure to File Facade Technical Report,OPEN,230,0.0,0.0
37028150K,4/11/2024,4004703,25-10,  38 AVENUE,QUEENS,401,CLASS - 2,28-302.4,Failure to File Facade Technical Report,OPEN,230,0.0,0.0
37028152Y,4/11/2024,4006947,2530,  30 ROAD,QUEENS,401,CLASS - 2,28-302.4,Failure to File Facade Technical Report,OPEN,230,0.0,0.0
37028155J,4/11/2024,4007748,26-80,  30 STREET,QUEENS,401,CLASS - 2,28-302.4,Failure to File Facade Technical Report,OPEN,230,0.0,0.0
37028156L,4/11/2024,4009162,28-15,  34 STREET,QUEENS,401,CLASS - 2,28-302.4,Failure to File Facade Technical Report,OPEN,230,0.0,0.0
37028157N,4/11/2024,4027128,60-11,BROADWAY,QUEENS,402,CLASS - 2,28-302.4,Failure to File Facade Technical Report,OPEN,230,0.0,0.0
37028158P,4/11/2024,4030159,39-25,  65 STREET,QUEENS,402,CLASS - 2,28-302.4,Failure to File Facade Technical Report,OPEN,230,0.0,0.0
37028159R,4/11/2024,4036196,37-30,  83 STREET,QUEENS,403,CLASS - 2,28-302.4,Failure to File Facade Technical Report,OPEN,230,0.0,0.0
37028160Y,4/11/2024,4037274,42-05,LAYTON STREET,QUEENS,404,CLASS - 2,28-302.4,Failure to File Facade Technical Report,OPEN,230,0.0,0.0
37028161X,4/11/2024,4037275,80-50,BAXTER AVENUE,QUEENS,404,CLASS - 2,28-302.4,Failure to File Facade Technical Report,OPEN,230,0.0,0.0
37028162H,4/11/2024,4037494,83-40,BRITTON AVENUE,QUEENS,404,CLASS - 2,28-302.4,Failure to File Facade Technical Report,OPEN,230,0.0,0.0
37028163J,4/11/2024,4038744,85-14,BROADWAY,QUEENS,404,CLASS - 2,28-302.4,Failure to File Facade Technical Report,OPEN,230,0.0,0.0
37028164L,4/11/2024,4038932,42-30,HAMPTON STREET,QUEENS,404,CLASS - 2,28-302.4,Failure to File Facade Technical Report,OPEN,230,0.0,0.0
37028166P,4/11/2024,4039232,91-31,LAMONT AVENUE,QUEENS,404,CLASS - 2,28-302.4,Failure to File Facade Technical Report,OPEN,230,0.0,0.0
37028169K,4/11/2024,4051279,68-12,YELLOWSTONE BOULEVARD,QUEENS,406,CLASS - 2,28-302.4,Failure to File Facade Technical Report,OPEN,230,0.0,0.0
37028170H,4/11/2024,4051280,103-19,  68 ROAD,QUEENS,406,CLASS - 2,28-302.4,Failure to File Facade Technical Report,OPEN,230,0.0,0.0
37028171J,4/11/2024,4051283,68-38,YELLOWSTONE BOULEVARD,QUEENS,406,CLASS - 2,28-302.4,Failure to File Facade Technical Report,OPEN,230,0.0,0.0
37028172L,4/11/2024,4052230,68-37,YELLOWSTONE BOULEVARD,QUEENS,406,CLASS - 2,28-302.4,Failure to File Facade Technical Report,OPEN,230,0.0,0.0
37028173N,4/11/2024,4052231,68-36, 108 STREET,QUEENS,406,CLASS - 2,28-302.4,Failure to File Facade Technical Report,OPEN,230,0.0,0.0
37028176Z,4/11/2024,4052716,72-35, 112 STREET,QUEENS,406,CLASS - 2,28-302.4,Failure to File Facade Technical Report,OPEN,230,0.0,0.0
37028177K,4/11/2024,4072167,65-41,BOOTH STREET,QUEENS,406,CLASS - 2,28-302.4,Failure to File Facade Technical Report,OPEN,230,0.0,0.0
37028178M,4/11/2024,4072537,64-56,BOOTH STREET,QUEENS,406,CLASS - 2,28-302.4,Failure to File Facade Technical Report,OPEN,230,0.0,0.0
37028180L,4/11/2024,4075086,98-30,  67 AVENUE,QUEENS,406,CLASS - 2,28-302.4,Failure to File Facade Technical Report,OPEN,230,0.0,0.0
37028181N,4/11/2024,4075090,99-15,  67 ROAD,QUEENS,406,CLASS - 2,28-302.4,Failure to File Facade Technical Report,OPEN,230,0.0,0.0
37028182P,4/11/2024,4078031,109-01,  72 ROAD,QUEENS,406,CLASS - 2,28-302.4,Failure to File Facade Technical Report,OPEN,230,0.0,0.0
37028183R,4/11/2024,4112390,136-75,  37 AVENUE,QUEENS,407,CLASS - 2,28-302.4,Failure to File Facade Technical Report,OPEN,230,0.0,0.0
37028184Z,4/11/2024,4113262,149-35,NORTHERN BOULEVARD,QUEENS,407,CLASS - 2,28-302.4,Failure to File Facade Technical Report,OPEN,230,0.0,0.0
37028186M,4/11/2024,4113595,38-20,BOWNE STREET,QUEENS,407,CLASS - 2,28-302.4,Failure to File Facade Technical Report,OPEN,230,0.0,0.0
37028187Y,4/11/2024,4115903,43-10,KISSENA BOULEVARD,QUEENS,407,CLASS - 2,28-302.4,Failure to File Facade Technical Report,OPEN,230,0.0,0.0
37028188X,4/11/2024,4115910,138-35,ELDER AVENUE,QUEENS,407,CLASS - 2,28-302.4,Failure to File Facade Technical Report,OPEN,230,0.0,0.0
37028189H,4/11/2024,4173982,271-11,  76 AVENUE,QUEENS,413,CLASS - 2,28-302.4,Failure to File Facade Technical Report,OPEN,230,0.0,0.0
37028191R,4/11/2024,4208850,90-04, 161 STREET,QUEENS,412,CLASS - 2,28-302.4,Failure to File Facade Technical Report,OPEN,230,0.0,0.0
37028194M,4/11/2024,4208869,89-31, 161 STREET,QUEENS,412,CLASS - 2,28-302.4,Failure to File Facade Technical Report,OPEN,230,0.0,0.0
37028195Y,4/11/2024,4208875,161-19,JAMAICA AVENUE,QUEENS,412,CLASS - 2,28-302.4,Failure to File Facade Technical Report,OPEN,230,0.0,0.0
37028197H,4/11/2024,4210316,173-17,  89 AVENUE,QUEENS,412,CLASS - 2,28-302.4,Failure to File Facade Technical Report,OPEN,230,0.0,0.0
37028199L,4/11/2024,4301620,1925,SEAGIRT BOULEVARD,QUEENS,414,CLASS - 2,28-302.4,Failure to File Facade Technical Report,OPEN,230,0.0,0.0
37028200J,4/11/2024,4301622,125,BEACH   19 STREET,QUEENS,414,CLASS - 2,28-302.4,Failure to File Facade Technical Report,OPEN,230,0.0,0.0
37028201L,4/11/2024,4301622,135,BEACH   19 STREET,QUEENS,414,CLASS - 2,28-302.4,Failure to File Facade Technical Report,OPEN,230,0.0,0.0
37028202N,4/11/2024,4303817,107-10,SHORE FRONT PARKWAY,QUEENS,414,CLASS - 2,28-302.4,Failure to File Facade Technical Report,OPEN,230,0.0,0.0
37028203P,4/11/2024,4303818,106-20,SHORE FRONT PARKWAY,QUEENS,414,CLASS - 2,28-302.4,Failure to File Facade Technical Report,OPEN,230,0.0,0.0
37028204R,4/11/2024,4303819,1,BEACH  105 STREET,QUEENS,414,CLASS - 2,28-302.4,Failure to File Facade Technical Report,OPEN,230,0.0,0.0
37028205Z,4/11/2024,4312089,80-02,KEW GARDENS ROAD,QUEENS,409,CLASS - 2,28-302.4,Failure to File Facade Technical Report,OPEN,230,0.0,0.0
37028215M,4/11/2024,4431398,33-05,  90 STREET,QUEENS,403,CLASS - 2,28-302.4,Failure to File Facade Technical Report,OPEN,230,0.0,0.0
37028216Y,4/11/2024,4431398,33-05,  90 STREET,QUEENS,403,CLASS - 2,28-302.4,Failure to File Facade Technical Report,OPEN,230,0.0,0.0
37028217X,4/11/2024,4431400,33-45,  90 STREET,QUEENS,403,CLASS - 2,28-302.4,Failure to File Facade Technical Report,OPEN,230,0.0,0.0
37028218H,4/11/2024,4431401,33-04,  91 STREET,QUEENS,403,CLASS - 2,28-302.4,Failure to File Facade Technical Report,OPEN,230,0.0,0.0
37028219J,4/11/2024,4431402,33-24,  91 STREET,QUEENS,403,CLASS - 2,28-302.4,Failure to File Facade Technical Report,OPEN,230,0.0,0.0
37028220R,4/11/2024,4431403,33-44,  91 STREET,QUEENS,403,CLASS - 2,28-302.4,Failure to File Facade Technical Report,OPEN,230,0.0,0.0
37028221Z,4/11/2024,4432063,105-24,  64 ROAD,QUEENS,406,CLASS - 2,28-302.4,Failure to File Facade Technical Report,OPEN,230,0.0,0.0
37028222K,4/11/2024,4432063,105-24,  64 ROAD,QUEENS,406,CLASS - 2,28-302.4,Failure to File Facade Technical Report,OPEN,230,0.0,0.0
37028223M,4/11/2024,4432064,105-38,  64 ROAD,QUEENS,406,CLASS - 2,28-302.4,Failure to File Facade Technical Report,OPEN,230,0.0,0.0
37028224Y,4/11/2024,4432064,105-38,  64 ROAD,QUEENS,406,CLASS - 2,28-302.4,Failure to File Facade Technical Report,OPEN,230,0.0,0.0
37028226H,4/11/2024,4432065,64-35,YELLOWSTONE BOULEVARD,QUEENS,406,CLASS - 2,28-302.4,Failure to File Facade Technical Report,OPEN,230,0.0,0.0
37028227J,4/11/2024,4437037,19-19,  24 AVENUE,QUEENS,401,CLASS - 2,28-302.4,Failure to File Facade Technical Report,OPEN,230,0.0,0.0
37028228L,4/11/2024,4439540,270-05,  76 AVENUE,QUEENS,413,CLASS - 2,28-302.4,Failure to File Facade Technical Report,OPEN,230,0.0,0.0
37028229N,4/11/2024,4439608,76-01, 113 STREET,QUEENS,406,CLASS - 2,28-302.4,Failure to File Facade Technical Report,OPEN,230,0.0,0.0
37028231M,4/11/2024,4444028,188-02,  64 AVENUE,QUEENS,408,CLASS - 2,28-302.4,Failure to File Facade Technical Report,OPEN,230,0.0,0.0
37028232Y,4/11/2024,4444031,189-02,  64 AVENUE,QUEENS,408,CLASS - 2,28-302.4,Failure to File Facade Technical Report,OPEN,230,0.0,0.0
37028233X,4/11/2024,4444025,67-00, 192 STREET,QUEENS,408,CLASS - 2,28-302.4,Failure to File Facade Technical Report,OPEN,230,0.0,0.0
37028234H,4/11/2024,4453812,19-15,SEAGIRT BOULEVARD,QUEENS,414,CLASS - 2,28-302.4,Failure to File Facade Technical Report,OPEN,230,0.0,0.0
37028235J,4/11/2024,4457773,155,BEACH   19 STREET,QUEENS,414,CLASS - 2,28-302.4,Failure to File Facade Technical Report,OPEN,230,0.0,0.0
37028236L,4/11/2024,4531289,142-23,  37 AVENUE,QUEENS,407,CLASS - 2,28-302.4,Failure to File Facade Technical Report,OPEN,230,0.0,0.0
37028238P,4/11/2024,,17472,47 ROAD,QUEENS,   ,CLASS - 2,28-302.4,Failure to File Facade Technical Report,OPEN,230,0.0,0.0
37028239R,4/11/2024,4539398,13-14,JACKSON AVENUE,QUEENS,402,CLASS - 2,28-302.4,Failure to File Facade Technical Report,OPEN,230,0.0,0.0
37028240Y,4/11/2024,4539428,38-28,  27 STREET,QUEENS,401,CLASS - 2,28-302.4,Failure to File Facade Technical Report,OPEN,230,0.0,0.0
37028241X,4/11/2024,4540143,142-28,  38 AVENUE,QUEENS,407,CLASS - 2,28-302.4,Failure to File Facade Technical Report,OPEN,230,0.0,0.0
37028242H,4/11/2024,4540178,41-35,  67 STREET,QUEENS,402,CLASS - 2,28-302.4,Failure to File Facade Technical Report,OPEN,230,0.0,0.0
37028243J,4/11/2024,4595352,120,BEACH   26 STREET,QUEENS,414,CLASS - 2,28-302.4,Failure to File Facade Technical Report,OPEN,230,0.0,0.0
37028244L,4/11/2024,4596217,29-09A,QUEENS PLAZA,QUEENS,401,CLASS - 2,28-302.4,Failure to File Facade Technical Report,OPEN,230,0.0,0.0
37028245N,4/11/2024,4596827,136-33,  37 AVENUE,QUEENS,407,CLASS - 2,28-302.4,Failure to File Facade Technical Report,OPEN,230,0.0,0.0
37028246P,4/11/2024,4600457,87-12, 175 STREET,QUEENS,412,CLASS - 2,28-302.4,Failure to File Facade Technical Report,OPEN,230,0.0,0.0
37028247R,4/11/2024,4613455,89-34, 162 STREET,QUEENS,412,CLASS - 2,28-302.4,Failure to File Facade Technical Report,OPEN,230,0.0,0.0
37028248Z,4/11/2024,4614364,143-28,  41 AVENUE,QUEENS,407,CLASS - 2,28-302.4,Failure to File Facade Technical Report,OPEN,230,0.0,0.0
37028253N,4/11/2024,4855568,267-20,  74 AVENUE,QUEENS,413,CLASS - 2,28-302.4,Failure to File Facade Technical Report,OPEN,230,0.0,0.0
37028257K,4/11/2024,1060096,140,WEST  142 STREET,MANHATTAN,110,CLASS - 2,28-302.4,Failure to File Facade Technical Report,OPEN,230,0.0,0.0
37028258M,4/11/2024,1064472,801,WEST  190 STREET,MANHATTAN,112,CLASS - 2,28-302.4,Failure to File Facade Technical Report,OPEN,230,0.0,0.0
37028260L,4/11/2024,2010515,1571,SOUTHERN BOULEVARD,BRONX,203,CLASS - 2,28-302.4,Failure to File Facade Technical Report,OPEN,230,0.0,0.0
37028261N,4/11/2024,2013831,2625,GRAND CONCOURSE,BRONX,207,CLASS - 2,28-302.4,Failure to File Facade Technical Report,OPEN,230,0.0,0.0
37034422X,4/8/2025,1012308,541,WEST   21 STREET,MANHATTAN,104,CLASS - 2,28-302.4,,OPEN,230,0.0,0.0
37034423H,4/8/2025,1034184,330,WEST   95 STREET,MANHATTAN,107,CLASS - 2,28-302.4,,OPEN,230,0.0,0.0
37034424J,4/8/2025,1034826,13,WEST   55 STREET,MANHATTAN,105,CLASS - 2,28-302.4,,OPEN,230,0.0,0.0
37034425L,4/8/2025,1035063,45,WEST   57 STREET,MANHATTAN,105,CLASS - 2,28-302.4,,OPEN,230,0.0,0.0
37034426N,4/8/2025,1056486,2647,BROADWAY,MANHATTAN,107,CLASS - 2,28-302.4,,OPEN,230,0.0,0.0
37034427P,4/8/2025,1056980,508,WEST  112 STREET,MANHATTAN,109,CLASS - 2,28-302.4,,OPEN,230,0.0,0.0
37034428R,4/8/2025,1057240,929,WEST END AVENUE,MANHATTAN,107,CLASS - 2,28-302.4,,OPEN,230,0.0,0.0
37034429Z,4/8/2025,1064123,55,NAGLE AVENUE,MANHATTAN,112,CLASS - 2,28-302.4,,OPEN,230,0.0,0.0
37034430X,4/8/2025,2002822,1000,GRAND CONCOURSE,BRONX,204,CLASS - 2,28-302.4,,OPEN,230,0.0,0.0
37034431H,4/8/2025,2013578,2380,RYER AVENUE,BRONX,205,CLASS - 2,28-302.4,,OPEN,230,0.0,0.0
37034432J,4/8/2025,2015994,3489,FORT INDEPENDENCE STREET,BRONX,208,CLASS - 2,28-302.4,,OPEN,230,0.0,0.0
37034433L,4/8/2025,2016026,3855,ORLOFF AVENUE,BRONX,208,CLASS - 2,28-302.4,,OPEN,230,0.0,0.0
37034435P,4/8/2025,3167929,8714,  21 AVENUE,BROOKLYN,311,CLASS - 2,28-302.4,,OPEN,230,0.0,0.0
37034437Z,4/8/2025,2016213,3816,REVIEW PLACE,BRONX,208,CLASS - 2,28-302.4,,OPEN,230,0.0,0.0
37034438K,4/8/2025,2003232,1035,WOODYCREST AVENUE,BRONX,204,CLASS - 2,28-302.4,,OPEN,230,0.0,0.0
37034439M,4/8/2025,2001316,1186,WASHINGTON AVENUE,BRONX,203,CLASS - 2,28-302.4,,OPEN,230,0.0,0.0
37034441L,4/8/2025,1008186,26,BLEECKER STREET,MANHATTAN,102,CLASS - 2,28-302.4,,OPEN,230,0.0,0.0
37034443P,4/8/2025,1015005,133,WEST   25 STREET,MANHATTAN,104,CLASS - 2,28-302.4,,OPEN,230,0.0,0.0
37034444R,4/8/2025,1015819,310,   5 AVENUE,MANHATTAN,105,CLASS - 2,28-302.4,,OPEN,230,0.0,0.0
37034445Z,4/8/2025,1017075,341,   5 AVENUE,MANHATTAN,105,CLASS - 2,28-302.4,,OPEN,230,0.0,0.0
37034446K,4/8/2025,1024644,215,WEST   40 STREET,MANHATTAN,105,CLASS - 2,28-302.4,,OPEN,230,0.0,0.0
37034449X,4/8/2025,1035065,41,WEST   57 STREET,MANHATTAN,105,CLASS - 2,28-302.4,,OPEN,230,0.0,0.0
37034451P,4/8/2025,1040111,20,BEEKMAN PLACE,MANHATTAN,106,CLASS - 2,28-302.4,,OPEN,230,0.0,0.0
37034453Z,4/8/2025,1059502,417,WEST  118 STREET,MANHATTAN,109,CLASS - 2,28-302.4,,OPEN,230,0.0,0.0
37034454K,4/8/2025,1061758,3440,BROADWAY,MANHATTAN,109,CLASS - 2,28-302.4,,OPEN,230,0.0,0.0
37034455M,4/8/2025,1062924,561,WEST  163 STREET,MANHATTAN,112,CLASS - 2,28-302.4,,OPEN,230,0.0,0.0
37034456Y,4/8/2025,1063495,621,WEST  172 STREET,MANHATTAN,112,CLASS - 2,28-302.4,,OPEN,230,0.0,0.0
37034457X,4/8/2025,1063864,598,WEST  191 STREET,MANHATTAN,112,CLASS - 2,28-302.4,,OPEN,230,0.0,0.0
37034458H,4/8/2025,1063919,130,WADSWORTH AVENUE,MANHATTAN,112,CLASS - 2,28-302.4,,OPEN,230,0.0,0.0
37034459J,4/8/2025,1063921,661,WEST  180 STREET,MANHATTAN,112,CLASS - 2,28-302.4,,OPEN,230,0.0,0.0
37034460R,4/8/2025,1064132,34,BOGARDUS PLACE,MANHATTAN,112,CLASS - 2,28-302.4,,OPEN,230,0.0,0.0
37034461Z,4/8/2025,2003406,903,SUMMIT AVENUE,BRONX,204,CLASS - 2,28-302.4,,OPEN,230,0.0,0.0
37034463M,4/8/2025,2007867,1685,SELWYN AVENUE,BRONX,204,CLASS - 2,28-302.4,,OPEN,230,0.0,0.0
37034464Y,4/8/2025,2011182,406,EAST  184 STREET,BRONX,206,CLASS - 2,28-302.4,,OPEN,230,0.0,0.0
37034465X,4/8/2025,2018227,3411,WAYNE AVENUE,BRONX,207,CLASS - 2,28-302.4,,OPEN,230,0.0,0.0
37034466H,4/8/2025,,65,CADMAN PLAZA EAST,BROOKLYN,   ,CLASS - 2,28-302.4,,OPEN,230,0.0,0.0
37034467J,4/8/2025,3055375,309,LAFAYETTE AVENUE,BROOKLYN,302,CLASS - 2,28-302.4,,OPEN,230,0.0,0.0
37034469N,4/8/2025,4432110,110-01,  62 DRIVE,QUEENS,406,CLASS - 2,28-302.4,,OPEN,230,0.0,0.0
37034470K,4/8/2025,4079258,83-30, 118 STREET,QUEENS,409,CLASS - 2,28-302.4,,OPEN,230,0.0,0.0
37034472Y,4/8/2025,2002626,1060,SHERMAN AVENUE,BRONX,204,CLASS - 2,28-302.4,,OPEN,230,0.0,0.0
37034473X,4/8/2025,,81,CADMAN PLAZA EAST,BROOKLYN,   ,CLASS - 2,28-302.4,,OPEN,230,0.0,0.0
37034474H,4/8/2025,2088408,2240,WALTON AVENUE,BRONX,205,CLASS - 2,28-302.4,,OPEN,230,0.0,0.0
37034475J,4/8/2025,4114815,147-25,SANFORD AVENUE,QUEENS,407,CLASS - 2,28-302.4,,OPEN,230,0.0,0.0
37034476L,4/8/2025,4037357,88-11,ELMHURST AVENUE,QUEENS,404,CLASS - 2,28-302.4,,OPEN,230,0.0,0.0
37034477N,4/8/2025,3196055,2677,COLBY COURT,BROOKLYN,313,CLASS - 2,28-302.4,,OPEN,230,0.0,0.0
37034478P,4/8/2025,3320725,2612,WEST    3 STREET,BROOKLYN,313,CLASS - 2,28-302.4,,OPEN,230,0.0,0.0
37034479R,4/8/2025,3320724,556,AVENUE Z,BROOKLYN,313,CLASS - 2,28-302.4,,OPEN,230,0.0,0.0
37034480Y,4/8/2025,3335871,53,BRIDGE STREET,BROOKLYN,302,CLASS - 2,28-302.4,,OPEN,230,0.0,0.0
37034481X,4/8/2025,3117149,625,OCEAN AVENUE,BROOKLYN,314,CLASS - 2,28-302.4,,OPEN,230,0.0,0.0
37034482H,4/8/2025,3336554,557,AVENUE Z,BROOKLYN,313,CLASS - 2,28-302.4,,OPEN,230,0.0,0.0
37034483J,4/8/2025,3344528,2676,WEST    3 STREET,BROOKLYN,313,CLASS - 2,28-302.4,,OPEN,230,0.0,0.0
37034484L,4/8/2025,3320675,2670,COLBY COURT,BROOKLYN,313,CLASS - 2,28-302.4,,OPEN,230,0.0,0.0
37034485N,4/8/2025,3322376,63,BOKEE COURT,BROOKLYN,313,CLASS - 2,28-302.4,,OPEN,230,0.0,0.0
37034486P,4/8/2025,2115990,871,EAST  179 STREET,BRONX,206,CLASS - 2,28-302.4,,OPEN,230,0.0,0.0
37034487R,4/8/2025,3394375,165,WEST    9 STREET,BROOKLYN,306,CLASS - 2,28-302.4,,OPEN,230,0.0,0.0
37034488Z,4/8/2025,3388745,189,FRANKLIN AVENUE,BROOKLYN,303,CLASS - 2,28-302.4,,OPEN,230,0.0,0.0
37034490H,4/8/2025,3388250,790,WYTHE AVENUE,BROOKLYN,301,CLASS - 2,28-302.4,,OPEN,230,0.0,0.0
37034491J,4/8/2025,3388251,796,WYTHE AVENUE,BROOKLYN,301,CLASS - 2,28-302.4,,OPEN,230,0.0,0.0
37034492L,4/8/2025,3388255,136,WALLABOUT STREET,BROOKLYN,301,CLASS - 2,28-302.4,,OPEN,230,0.0,0.0
37034494P,4/8/2025,3389358,417,FLUSHING AVENUE,BROOKLYN,301,CLASS - 2,28-302.4,,OPEN,230,0.0,0.0
37034495R,4/8/2025,3391407,2617,EAST   17 STREET,BROOKLYN,315,CLASS - 2,28-302.4,,OPEN,230,0.0,0.0
37034497K,4/8/2025,1059944,634,WEST  135 STREET,MANHATTAN,109,CLASS - 2,28-302.4,,OPEN,230,0.0,0.0
37034498M,4/8/2025,1035044,33,WEST   56 STREET,MANHATTAN,105,CLASS - 2,28-302.4,,OPEN,230,0.0,0.0
37034501Y,4/8/2025,2009360,1818,CLAY AVENUE,BRONX,205,CLASS - 2,28-302.4,,OPEN,230,0.0,0.0
37034502X,4/8/2025,1004302,122,NORFOLK STREET,MANHATTAN,103,CLASS - 2,28-302.4,,OPEN,230,0.0,0.0
37034503H,4/8/2025,4210566,17040,HIGHLAND AVENUE,QUEENS,408,CLASS - 2,28-302.4,,OPEN,230,0.0,0.0
37034504J,4/8/2025,2008697,80,FEATHERBED LANE,BRONX,205,CLASS - 2,28-302.4,,OPEN,230,0.0,0.0
37034505L,4/8/2025,1061455,410,WEST  148 STREET,MANHATTAN,109,CLASS - 2,28-302.4,,OPEN,230,0.0,0.0
37034506N,4/8/2025,1061763,83,HAMILTON PLACE,MANHATTAN,109,CLASS - 2,28-302.4,,OPEN,230,0.0,0.0
37034507P,4/8/2025,2023884,1106,BOYNTON AVENUE,BRONX,209,CLASS - 2,28-302.4,,OPEN,230,0.0,0.0
37034508R,4/8/2025,2014591,2240,UNIVERSITY AVENUE,BRONX,205,CLASS - 2,28-302.4,,OPEN,230,0.0,0.0
37034509Z,4/8/2025,1000809,63,BROADWAY,MANHATTAN,101,CLASS - 2,28-302.4,,OPEN,230,0.0,0.0
37034510X,4/8/2025,1001013,62,WILLIAM STREET,MANHATTAN,101,CLASS - 2,28-302.4,,OPEN,230,0.0,0.0
37034511H,4/8/2025,1001011,50,PINE STREET,MANHATTAN,101,CLASS - 2,28-302.4,,OPEN,230,0.0,0.0
37034512J,4/8/2025,1001031,2,RECTOR STREET,MANHATTAN,101,CLASS - 2,28-302.4,,OPEN,230,0.0,0.0
37034513L,4/8/2025,1001033,78,TRINITY PLACE,MANHATTAN,101,CLASS - 2,28-302.4,,OPEN,230,0.0,0.0
37034514N,4/8/2025,1001035,88,TRINITY PLACE,MANHATTAN,101,CLASS - 2,28-302.4,,OPEN,230,0.0,0.0
37034515P,4/8/2025,1001037,96,TRINITY PLACE,MANHATTAN,101,CLASS - 2,28-302.4,,OPEN,230,0.0,0.0
37034516R,4/8/2025,1001139,163,FRONT STREET,MANHATTAN,101,CLASS - 2,28-302.4,,OPEN,230,0.0,0.0
37034517Z,4/8/2025,1001142,85,SOUTH STREET,MANHATTAN,101,CLASS - 2,28-302.4,,OPEN,230,0.0,0.0
37034518K,4/8/2025,1079094,110,NASSAU STREET,MANHATTAN,101,CLASS - 2,28-302.4,,OPEN,230,0.0,0.0
37034520J,4/8/2025,1001870,78,LAFAYETTE STREET,MANHATTAN,101,CLASS - 2,28-302.4,,OPEN,230,0.0,0.0
37034521L,4/8/2025,1066447,6,HARRISON STREET,MANHATTAN,101,CLASS - 2,28-302.4,,OPEN,230,0.0,0.0
37034522N,4/8/2025,1003139,7,GOUVERNEUR SLIP EAST,MANHATTAN,103,CLASS - 2,28-302.4,,OPEN,230,0.0,0.0
37034525Z,4/8/2025,1003511,47,DIVISION STREET,MANHATTAN,103,CLASS - 2,28-302.4,,OPEN,230,0.0,0.0
37034526K,4/8/2025,1003905,77,BOWERY,MANHATTAN,103,CLASS - 2,28-302.4,,OPEN,230,0.0,0.0
37034527M,4/8/2025,1004065,500,GRAND STREET,MANHATTAN,103,CLASS - 2,28-302.4,,OPEN,230,0.0,0.0
37034528Y,4/8/2025,1076784,550,GRAND STREET,MANHATTAN,103,CLASS - 2,28-302.4,,OPEN,230,0.0,0.0
37034529X,4/8/2025,1076783,530,GRAND STREET,MANHATTAN,103,CLASS - 2,28-302.4,,OPEN,230,0.0,0.0
37034530N,4/8/2025,1086089,85,COLUMBIA STREET,MANHATTAN,103,CLASS - 2,28-302.4,,OPEN,230,0.0,0.0
37034531P,4/8/2025,1082666,75,COLUMBIA STREET,MANHATTAN,103,CLASS - 2,28-302.4,,OPEN,230,0.0,0.0
37034532R,4/8/2025,1082667,65,COLUMBIA STREET,MANHATTAN,103,CLASS - 2,28-302.4,,OPEN,230,0.0,0.0
37034533Z,4/8/2025,1004086,53,PITT STREET,MANHATTAN,103,CLASS - 2,28-302.4,,OPEN,230,0.0,0.0
37034535M,4/8/2025,1078024,411,EAST   10 STREET,MANHATTAN,103,CLASS - 2,28-302.4,,OPEN,230,0.0,0.0
37034536Y,4/8/2025,1078022,711,EAST   11 STREET,MANHATTAN,103,CLASS - 2,28-302.4,,OPEN,230,0.0,0.0
37034537X,4/8/2025,1006456,237,EAST   10 STREET,MANHATTAN,103,CLASS - 2,28-302.4,,OPEN,230,0.0,0.0
37034538H,4/8/2025,1006977,172,MULBERRY STREET,MANHATTAN,102,CLASS - 2,28-302.4,,OPEN,230,0.0,0.0
37034540R,4/8/2025,1006987,167,MOTT STREET,MANHATTAN,102,CLASS - 2,28-302.4,,OPEN,230,0.0,0.0
37034541Z,4/8/2025,1007002,407,BROOME STREET,MANHATTAN,102,CLASS - 2,28-302.4,,OPEN,230,0.0,0.0
37034543M,4/8/2025,1076935,37,CROSBY STREET,MANHATTAN,102,CLASS - 2,28-302.4,,OPEN,230,0.0,0.0
37034545X,4/8/2025,1007411,9,SPRING STREET,MANHATTAN,102,CLASS - 2,28-302.4,,OPEN,230,0.0,0.0
37034546H,4/8/2025,1007975,169,MERCER STREET,MANHATTAN,102,CLASS - 2,28-302.4,,OPEN,230,0.0,0.0
37034547J,4/8/2025,1008181,304,MULBERRY STREET,MANHATTAN,102,CLASS - 2,28-302.4,,OPEN,230,0.0,0.0
37034548L,4/8/2025,1008184,308,MOTT STREET,MANHATTAN,102,CLASS - 2,28-302.4,,OPEN,230,0.0,0.0
37034551M,4/8/2025,1009104,58,EAST   11 STREET,MANHATTAN,102,CLASS - 2,28-302.4,,OPEN,230,0.0,0.0
37034552Y,4/8/2025,1009105,60,EAST   11 STREET,MANHATTAN,102,CLASS - 2,28-302.4,,OPEN,230,0.0,0.0
37034553X,4/8/2025,1009128,97,UNIVERSITY PLACE,MANHATTAN,102,CLASS - 2,28-302.4,,OPEN,230,0.0,0.0
37034554H,4/8/2025,1009134,817,BROADWAY,MANHATTAN,102,CLASS - 2,28-302.4,,OPEN,230,0.0,0.0
37034555J,4/8/2025,1009400,120,UNIVERSITY PLACE,MANHATTAN,102,CLASS - 2,28-302.4,,OPEN,230,0.0,0.0
37034556L,4/8/2025,1009429,20,   5 AVENUE,MANHATTAN,102,CLASS - 2,28-302.4,,OPEN,230,0.0,0.0
37034557N,4/8/2025,1012126,110,HORATIO STREET,MANHATTAN,102,CLASS - 2,28-302.4,,OPEN,230,0.0,0.0
37034558P,4/8/2025,1012268,200,  12 AVENUE,MANHATTAN,104,CLASS - 2,28-302.4,,OPEN,230,0.0,0.0
37034559R,4/8/2025,1080355,444,WEST   15 STREET,MANHATTAN,104,CLASS - 2,28-302.4,,OPEN,230,0.0,0.0
37034561X,4/8/2025,1013639,335,WEST   38 STREET,MANHATTAN,104,CLASS - 2,28-302.4,,OPEN,230,0.0,0.0
37034562H,4/8/2025,1013642,325,WEST   38 STREET,MANHATTAN,104,CLASS - 2,28-302.4,,OPEN,230,0.0,0.0
37034563J,4/8/2025,1013644,571,   8 AVENUE,MANHATTAN,104,CLASS - 2,28-302.4,,OPEN,230,0.0,0.0
37034564L,4/8/2025,1014111,233,WEST   22 STREET,MANHATTAN,104,CLASS - 2,28-302.4,,OPEN,230,0.0,0.0
37034566P,4/8/2025,1080576,113,   7 AVENUE,MANHATTAN,104,CLASS - 2,28-302.4,,OPEN,230,0.0,0.0
37034567R,4/8/2025,1014648,119,   7 AVENUE,MANHATTAN,104,CLASS - 2,28-302.4,,OPEN,230,0.0,0.0
37034568Z,4/8/2025,1015001,159,WEST   25 STREET,MANHATTAN,104,CLASS - 2,28-302.4,,OPEN,230,0.0,0.0
37034569K,4/8/2025,1015002,151,WEST   25 STREET,MANHATTAN,104,CLASS - 2,28-302.4,,OPEN,230,0.0,0.0
37034570H,4/8/2025,1015003,147,WEST   25 STREET,MANHATTAN,104,CLASS - 2,28-302.4,,OPEN,230,0.0,0.0
37034572L,4/8/2025,1015054,154,WEST   27 STREET,MANHATTAN,105,CLASS - 2,28-302.4,,OPEN,230,0.0,0.0
37034573N,4/8/2025,1015070,109,WEST   27 STREET,MANHATTAN,105,CLASS - 2,28-302.4,,OPEN,230,0.0,0.0
37034574P,4/8/2025,1015234,469,   7 AVENUE,MANHATTAN,105,CLASS - 2,28-302.4,,OPEN,230,0.0,0.0
37034575R,4/8/2025,1015460,636,AVENUE OF THE AMERICAS,MANHATTAN,105,CLASS - 2,28-302.4,,OPEN,230,0.0,0.0
37034576Z,4/8/2025,1015466,37,WEST   19 STREET,MANHATTAN,105,CLASS - 2,28-302.4,,OPEN,230,0.0,0.0
37034580L,4/8/2025,1078654,1232,BROADWAY,MANHATTAN,105,CLASS - 2,28-302.4,,OPEN,230,0.0,0.0
37034581N,4/8/2025,1015811,19,WEST   31 STREET,MANHATTAN,105,CLASS - 2,28-302.4,,OPEN,230,0.0,0.0
37034582P,4/8/2025,1015824,6,WEST   32 STREET,MANHATTAN,105,CLASS - 2,28-302.4,,OPEN,230,0.0,0.0
37034583R,4/8/2025,1016041,25,WEST   39 STREET,MANHATTAN,105,CLASS - 2,28-302.4,,OPEN,230,0.0,0.0
37034584Z,4/8/2025,1016990,31,EAST   31 STREET,MANHATTAN,105,CLASS - 2,28-302.4,,OPEN,230,0.0,0.0
37034585K,4/8/2025,1017076,1,EAST   33 STREET,MANHATTAN,105,CLASS - 2,28-302.4,,OPEN,230,0.0,0.0
37034586M,4/8/2025,1076152,105,LEXINGTON AVENUE,MANHATTAN,106,CLASS - 2,28-302.4,,OPEN,230,0.0,0.0
37034587Y,4/8/2025,1018180,382,   3 AVENUE,MANHATTAN,106,CLASS - 2,28-302.4,,OPEN,230,0.0,0.0
37034588X,4/8/2025,1018902,264,LEXINGTON AVENUE,MANHATTAN,106,CLASS - 2,28-302.4,,OPEN,230,0.0,0.0
37034590P,4/8/2025,1020084,233,EAST   32 STREET,MANHATTAN,106,CLASS - 2,28-302.4,,OPEN,230,0.0,0.0
37034591R,4/8/2025,1020414,318,EAST   15 STREET,MANHATTAN,106,CLASS - 2,28-302.4,,OPEN,230,0.0,0.0
37034592Z,4/8/2025,1081662,337,EAST   17 STREET,MANHATTAN,106,CLASS - 2,28-302.4,,OPEN,230,0.0,0.0
37034593K,4/8/2025,1020438,347,EAST   17 STREET,MANHATTAN,106,CLASS - 2,28-302.4,,OPEN,230,0.0,0.0
37034599L,4/8/2025,1085404,155,WEST   60 STREET,MANHATTAN,107,CLASS - 2,28-302.4,,OPEN,230,0.0,0.0
37034600J,4/8/2025,1029749,155,WEST   70 STREET,MANHATTAN,107,CLASS - 2,28-302.4,,OPEN,230,0.0,0.0
37034601L,4/8/2025,1029874,167,WEST   71 STREET,MANHATTAN,107,CLASS - 2,28-302.4,,OPEN,230,0.0,0.0
37034602N,4/8/2025,1029881,133,WEST   71 STREET,MANHATTAN,107,CLASS - 2,28-302.4,,OPEN,230,0.0,0.0
37034603P,4/8/2025,1029901,164,WEST   72 STREET,MANHATTAN,107,CLASS - 2,28-302.4,,OPEN,230,0.0,0.0
37034604R,4/8/2025,1032037,148,WEST   82 STREET,MANHATTAN,107,CLASS - 2,28-302.4,,OPEN,230,0.0,0.0
37034605Z,4/8/2025,1000000,215,WEST   84 STREET,MANHATTAN,   ,CLASS - 2,28-302.4,,OPEN,230,0.0,0.0
37034606K,4/8/2025,1033652,2512,BROADWAY,MANHATTAN,107,CLASS - 2,28-302.4,,OPEN,230,0.0,0.0
37034607M,4/8/2025,1034140,316,WEST   94 STREET,MANHATTAN,107,CLASS - 2,28-302.4,,OPEN,230,0.0,0.0
37034608Y,4/8/2025,1034248,17,WEST   45 STREET,MANHATTAN,105,CLASS - 2,28-302.4,,OPEN,230,0.0,0.0
37034609X,4/8/2025,1082895,546,   5 AVENUE,MANHATTAN,105,CLASS - 2,28-302.4,,OPEN,230,0.0,0.0
37034610N,4/8/2025,1083858,550,   5 AVENUE,MANHATTAN,105,CLASS - 2,28-302.4,,OPEN,230,0.0,0.0
37034611P,4/8/2025,1034254,2,WEST   46 STREET,MANHATTAN,105,CLASS - 2,28-302.4,,OPEN,230,0.0,0.0
37034612R,4/8/2025,1081126,59,WEST   46 STREET,MANHATTAN,105,CLASS - 2,28-302.4,,OPEN,230,0.0,0.0
37034613Z,4/8/2025,1034326,21,WEST   46 STREET,MANHATTAN,105,CLASS - 2,28-302.4,,OPEN,230,0.0,0.0
37034614K,4/8/2025,1034327,15,WEST   46 STREET,MANHATTAN,105,CLASS - 2,28-302.4,,OPEN,230,0.0,0.0
37034615M,4/8/2025,1091853,570,   5 AVENUE,MANHATTAN,105,CLASS - 2,28-302.4,,OPEN,230,0.0,0.0
37034619J,4/8/2025,1034481,23,WEST   47 STREET,MANHATTAN,105,CLASS - 2,28-302.4,,OPEN,230,0.0,0.0
37034620R,4/8/2025,1034821,39,WEST   55 STREET,MANHATTAN,105,CLASS - 2,28-302.4,,OPEN,230,0.0,0.0
37034622K,4/8/2025,1077363,712,   5 AVENUE,MANHATTAN,105,CLASS - 2,28-302.4,,OPEN,230,0.0,0.0
37034623M,4/8/2025,1034855,1370,AVENUE OF THE AMERICAS,MANHATTAN,105,CLASS - 2,28-302.4,,OPEN,230,0.0,0.0
37034624Y,4/8/2025,1035037,1380,AVENUE OF THE AMERICAS,MANHATTAN,105,CLASS - 2,28-302.4,,OPEN,230,0.0,0.0
37034625X,4/8/2025,1081135,24,WEST   57 STREET,MANHATTAN,105,CLASS - 2,28-302.4,,OPEN,230,0.0,0.0
37034626H,4/8/2025,1035052,724,   5 AVENUE,MANHATTAN,105,CLASS - 2,28-302.4,,OPEN,230,0.0,0.0
37034629N,4/8/2025,1035064,43,WEST   57 STREET,MANHATTAN,105,CLASS - 2,28-302.4,,OPEN,230,0.0,0.0
37034632Y,4/8/2025,1035395,18,EAST   46 STREET,MANHATTAN,105,CLASS - 2,28-302.4,,OPEN,230,0.0,0.0
37034633X,4/8/2025,1035417,17,EAST   47 STREET,MANHATTAN,105,CLASS - 2,28-302.4,,OPEN,230,0.0,0.0
37034635J,4/8/2025,1035423,16,EAST   48 STREET,MANHATTAN,105,CLASS - 2,28-302.4,,OPEN,230,0.0,0.0
37034636L,4/8/2025,1035428,587,   5 AVENUE,MANHATTAN,105,CLASS - 2,28-302.4,,OPEN,230,0.0,0.0
37034640Y,4/8/2025,1036232,523,LEXINGTON AVENUE,MANHATTAN,106,CLASS - 2,28-302.4,,OPEN,230,0.0,0.0
37034641X,4/8/2025,1038608,238,EAST   58 STREET,MANHATTAN,106,CLASS - 2,28-302.4,,OPEN,230,0.0,0.0
37034642H,4/8/2025,1038623,973,   3 AVENUE,MANHATTAN,106,CLASS - 2,28-302.4,,OPEN,230,0.0,0.0
37034643J,4/8/2025,1040043,339,EAST   58 STREET,MANHATTAN,106,CLASS - 2,28-302.4,,OPEN,230,0.0,0.0
37034644L,4/8/2025,1072021,3,EAST   66 STREET,MANHATTAN,108,CLASS - 2,28-302.4,,OPEN,230,0.0,0.0
37034645N,4/8/2025,1076285,45,EAST   66 STREET,MANHATTAN,108,CLASS - 2,28-302.4,,OPEN,230,0.0,0.0
37034646P,4/8/2025,1078337,6,EAST   68 STREET,MANHATTAN,108,CLASS - 2,28-302.4,,OPEN,230,0.0,0.0
37034647R,4/8/2025,1041821,25,EAST   77 STREET,MANHATTAN,108,CLASS - 2,28-302.4,,OPEN,230,0.0,0.0
37034648Z,4/8/2025,1041828,860,PARK AVENUE,MANHATTAN,108,CLASS - 2,28-302.4,,OPEN,230,0.0,0.0
37034650H,4/8/2025,1042468,904,LEXINGTON AVENUE,MANHATTAN,108,CLASS - 2,28-302.4,,OPEN,230,0.0,0.0
37034651J,4/8/2025,1042477,162,EAST   68 STREET,MANHATTAN,108,CLASS - 2,28-302.4,,OPEN,230,0.0,0.0
37034652L,4/8/2025,1042478,150,EAST   68 STREET,MANHATTAN,108,CLASS - 2,28-302.4,,OPEN,230,0.0,0.0
37034653N,4/8/2025,1042479,150,EAST   69 STREET,MANHATTAN,108,CLASS - 2,28-302.4,,OPEN,230,0.0,0.0
37034654P,4/8/2025,1044112,266,EAST   78 STREET,MANHATTAN,108,CLASS - 2,28-302.4,,OPEN,230,0.0,0.0
37034655R,4/8/2025,1044177,236,EAST   79 STREET,MANHATTAN,108,CLASS - 2,28-302.4,,OPEN,230,0.0,0.0
37034656Z,4/8/2025,1044740,327,EAST   66 STREET,MANHATTAN,108,CLASS - 2,28-302.4,,OPEN,230,0.0,0.0
37034657K,4/8/2025,1044795,359,EAST   68 STREET,MANHATTAN,108,CLASS - 2,28-302.4,,OPEN,230,0.0,0.0
37034658M,4/8/2025,1045169,343,EAST   76 STREET,MANHATTAN,108,CLASS - 2,28-302.4,,OPEN,230,0.0,0.0
37034660L,4/8/2025,1045958,1433,YORK AVENUE,MANHATTAN,108,CLASS - 2,28-302.4,,OPEN,230,0.0,0.0
37034661N,4/8/2025,1046256,535,EAST   70 STREET,MANHATTAN,108,CLASS - 2,28-302.4,,OPEN,230,0.0,0.0
37034662P,4/8/2025,1046258,545,EAST   71 STREET,MANHATTAN,108,CLASS - 2,28-302.4,,OPEN,230,0.0,0.0
37034664Z,4/8/2025,1046686,1001,   5 AVENUE,MANHATTAN,108,CLASS - 2,28-302.4,,OPEN,230,0.0,0.0
37034665K,4/8/2025,1048765,221,EAST   85 STREET,MANHATTAN,108,CLASS - 2,28-302.4,,OPEN,230,0.0,0.0
37034666M,4/8/2025,1048766,223,EAST   85 STREET,MANHATTAN,108,CLASS - 2,28-302.4,,OPEN,230,0.0,0.0
37034667Y,4/8/2025,1048782,210,EAST   86 STREET,MANHATTAN,108,CLASS - 2,28-302.4,,OPEN,230,0.0,0.0
37034668X,4/8/2025,1050459,451,EAST   83 STREET,MANHATTAN,108,CLASS - 2,28-302.4,,OPEN,230,0.0,0.0
37034669H,4/8/2025,1050756,1749,YORK AVENUE,MANHATTAN,108,CLASS - 2,28-302.4,,OPEN,230,0.0,0.0
37034671R,4/8/2025,1051287,500,EAST   87 STREET,MANHATTAN,108,CLASS - 2,28-302.4,,OPEN,230,0.0,0.0
37034672Z,4/8/2025,1051436,8,WEST  118 STREET,MANHATTAN,110,CLASS - 2,28-302.4,,OPEN,230,0.0,0.0
37034673K,4/8/2025,1079342,305,EAST  101 STREET,MANHATTAN,111,CLASS - 2,28-302.4,,OPEN,230,0.0,0.0
37034674M,4/8/2025,1052876,321,EAST  111 STREET,MANHATTAN,111,CLASS - 2,28-302.4,,OPEN,230,0.0,0.0
37034675Y,4/8/2025,1083956,425,EAST  110 STREET,MANHATTAN,111,CLASS - 2,28-302.4,,OPEN,230,0.0,0.0
37034676X,4/8/2025,1083955,2120,   1 AVENUE,MANHATTAN,111,CLASS - 2,28-302.4,,OPEN,230,0.0,0.0
37034677H,4/8/2025,1083954,2100,   1 AVENUE,MANHATTAN,111,CLASS - 2,28-302.4,,OPEN,230,0.0,0.0
37034678J,4/8/2025,1083953,2070,   1 AVENUE,MANHATTAN,111,CLASS - 2,28-302.4,,OPEN,230,0.0,0.0
37034679L,4/8/2025,1053399,24,MOUNT MORRIS PARK WEST,MANHATTAN,110,CLASS - 2,28-302.4,,OPEN,230,0.0,0.0
37034680Z,4/8/2025,1053438,74,WEST  124 STREET,MANHATTAN,110,CLASS - 2,28-302.4,,OPEN,230,0.0,0.0
37034681K,4/8/2025,1054129,2049,   5 AVENUE,MANHATTAN,111,CLASS - 2,28-302.4,,OPEN,230,0.0,0.0
37034682M,4/8/2025,1054164,2071,   5 AVENUE,MANHATTAN,111,CLASS - 2,28-302.4,,OPEN,230,0.0,0.0
37034683Y,4/8/2025,1055008,60,ST NICHOLAS AVENUE,MANHATTAN,110,CLASS - 2,28-302.4,,OPEN,230,0.0,0.0
37034684X,4/8/2025,1087335,965,COLUMBUS AVENUE,MANHATTAN,107,CLASS - 2,28-302.4,,OPEN,230,0.0,0.0
37034685H,4/8/2025,1056487,2651,BROADWAY,MANHATTAN,107,CLASS - 2,28-302.4,,OPEN,230,0.0,0.0
37034686J,4/8/2025,1056505,2660,BROADWAY,MANHATTAN,107,CLASS - 2,28-302.4,,OPEN,230,0.0,0.0
37034688N,4/8/2025,1056975,535,WEST  111 STREET,MANHATTAN,109,CLASS - 2,28-302.4,,OPEN,230,0.0,0.0
37034689P,4/8/2025,1056976,529,WEST  111 STREET,MANHATTAN,109,CLASS - 2,28-302.4,,OPEN,230,0.0,0.0
37034690M,4/8/2025,1056977,521,WEST  111 STREET,MANHATTAN,109,CLASS - 2,28-302.4,,OPEN,230,0.0,0.0
37034691Y,4/8/2025,1056981,512,WEST  112 STREET,MANHATTAN,109,CLASS - 2,28-302.4,,OPEN,230,0.0,0.0
37034692X,4/8/2025,1056984,522,WEST  112 STREET,MANHATTAN,109,CLASS - 2,28-302.4,,OPEN,230,0.0,0.0
37034693H,4/8/2025,1056985,526,WEST  112 STREET,MANHATTAN,109,CLASS - 2,28-302.4,,OPEN,230,0.0,0.0
37034694J,4/8/2025,1056986,530,WEST  112 STREET,MANHATTAN,109,CLASS - 2,28-302.4,,OPEN,230,0.0,0.0
37034695L,4/8/2025,1056987,540,WEST  112 STREET,MANHATTAN,109,CLASS - 2,28-302.4,,OPEN,230,0.0,0.0
37034696N,4/8/2025,1056988,2874,BROADWAY,MANHATTAN,109,CLASS - 2,28-302.4,,OPEN,230,0.0,0.0
37034698R,4/8/2025,1081513,240,WEST  131 STREET,MANHATTAN,110,CLASS - 2,28-302.4,,OPEN,230,0.0,0.0
37034699Z,4/8/2025,1081511,225,WEST  129 STREET,MANHATTAN,110,CLASS - 2,28-302.4,,OPEN,230,0.0,0.0
37034700R,4/8/2025,1081512,260,WEST  131 STREET,MANHATTAN,110,CLASS - 2,28-302.4,,OPEN,230,0.0,0.0
37034701Z,4/8/2025,1081510,2410,   8 AVENUE,MANHATTAN,110,CLASS - 2,28-302.4,,OPEN,230,0.0,0.0
37034702K,4/8/2025,1081515,200,WEST  131 STREET,MANHATTAN,110,CLASS - 2,28-302.4,,OPEN,230,0.0,0.0
37034703M,4/8/2025,1081514,220,WEST  131 STREET,MANHATTAN,110,CLASS - 2,28-302.4,,OPEN,230,0.0,0.0
37034704Y,4/8/2025,1059317,320,ST NICHOLAS AVENUE,MANHATTAN,110,CLASS - 2,28-302.4,,OPEN,230,0.0,0.0
37034705X,4/8/2025,1059500,421,WEST  118 STREET,MANHATTAN,109,CLASS - 2,28-302.4,,OPEN,230,0.0,0.0
37034706H,4/8/2025,1059501,419,WEST  118 STREET,MANHATTAN,109,CLASS - 2,28-302.4,,OPEN,230,0.0,0.0
37034707J,4/8/2025,1059503,415,WEST  118 STREET,MANHATTAN,109,CLASS - 2,28-302.4,,OPEN,230,0.0,0.0
37034708L,4/8/2025,1059504,405,WEST  118 STREET,MANHATTAN,109,CLASS - 2,28-302.4,,OPEN,230,0.0,0.0
37034709N,4/8/2025,1059510,1201,AMSTERDAM AVENUE,MANHATTAN,109,CLASS - 2,28-302.4,,OPEN,230,0.0,0.0
37034710K,4/8/2025,1059514,1211,AMSTERDAM AVENUE,MANHATTAN,109,CLASS - 2,28-302.4,,OPEN,230,0.0,0.0
37034711M,4/8/2025,1059523,110,MORNINGSIDE DRIVE,MANHATTAN,109,CLASS - 2,28-302.4,,OPEN,230,0.0,0.0
37034712Y,4/8/2025,1059525,130,MORNINGSIDE DRIVE,MANHATTAN,109,CLASS - 2,28-302.4,,OPEN,230,0.0,0.0
37034713X,4/8/2025,1059716,556,WEST  126 STREET,MANHATTAN,109,CLASS - 2,28-302.4,,OPEN,230,0.0,0.0
37034714H,4/8/2025,1059717,560,WEST  126 STREET,MANHATTAN,109,CLASS - 2,28-302.4,,OPEN,230,0.0,0.0
37034715J,4/8/2025,1086559,100,CLAREMONT AVENUE,MANHATTAN,109,CLASS - 2,28-302.4,,OPEN,230,0.0,0.0
37034716L,4/8/2025,1060482,201,WEST  145 STREET,MANHATTAN,110,CLASS - 2,28-302.4,,OPEN,230,0.0,0.0
37034717N,4/8/2025,1061152,770,ST NICHOLAS AVENUE,MANHATTAN,109,CLASS - 2,28-302.4,,OPEN,230,0.0,0.0
37034718P,4/8/2025,1061155,2,ST NICHOLAS PLACE,MANHATTAN,109,CLASS - 2,28-302.4,,OPEN,230,0.0,0.0
37034719R,4/8/2025,1061738,1616,AMSTERDAM AVENUE,MANHATTAN,109,CLASS - 2,28-302.4,,OPEN,230,0.0,0.0
37034720Y,4/8/2025,1061806,98,HAMILTON PLACE,MANHATTAN,109,CLASS - 2,28-302.4,,OPEN,230,0.0,0.0
37034721X,4/8/2025,1062161,516,WEST  151 STREET,MANHATTAN,109,CLASS - 2,28-302.4,,OPEN,230,0.0,0.0
37034722H,4/8/2025,1062392,690,RIVERSIDE DRIVE,MANHATTAN,109,CLASS - 2,28-302.4,,OPEN,230,0.0,0.0
37034723J,4/8/2025,1063181,219,AUDUBON AVENUE,MANHATTAN,112,CLASS - 2,28-302.4,,OPEN,230,0.0,0.0
37034724L,4/8/2025,1063182,227,AUDUBON AVENUE,MANHATTAN,112,CLASS - 2,28-302.4,,OPEN,230,0.0,0.0
37034725N,4/8/2025,1063500,629,WEST  173 STREET,MANHATTAN,112,CLASS - 2,28-302.4,,OPEN,230,0.0,0.0
37034726P,4/8/2025,1063502,636,WEST  174 STREET,MANHATTAN,112,CLASS - 2,28-302.4,,OPEN,230,0.0,0.0
37034727R,4/8/2025,1063507,370,FORT WASHINGTON AVENUE,MANHATTAN,112,CLASS - 2,28-302.4,,OPEN,230,0.0,0.0
37034728Z,4/8/2025,1063510,701,WEST  176 STREET,MANHATTAN,112,CLASS - 2,28-302.4,,OPEN,230,0.0,0.0
37034729K,4/8/2025,1064126,36,ELLWOOD STREET,MANHATTAN,112,CLASS - 2,28-302.4,,OPEN,230,0.0,0.0
37034730H,4/8/2025,1064129,2,ELLWOOD STREET,MANHATTAN,112,CLASS - 2,28-302.4,,OPEN,230,0.0,0.0
37034731J,4/8/2025,1064130,34,HILLSIDE AVENUE,MANHATTAN,112,CLASS - 2,28-302.4,,OPEN,230,0.0,0.0
37034732L,4/8/2025,1065021,100,PARK TERRACE WEST,MANHATTAN,112,CLASS - 2,28-302.4,,OPEN,230,0.0,0.0
37034733N,4/8/2025,2000000,825,EAST  175 STREET,BRONX,   ,CLASS - 2,28-302.4,,OPEN,230,0.0,0.0
37034734P,4/8/2025,2014902,120,WEST  183 STREET,BRONX,207,CLASS - 2,28-302.4,,OPEN,230,0.0,0.0
37034735R,4/8/2025,2000104,443,ST ANNS AVENUE,BRONX,201,CLASS - 2,28-302.4,,OPEN,230,0.0,0.0
37034736Z,4/8/2025,2002665,222,EAST  167 STREET,BRONX,204,CLASS - 2,28-302.4,,OPEN,230,0.0,0.0
37034737K,4/8/2025,2002808,910,GRAND CONCOURSE,BRONX,204,CLASS - 2,28-302.4,,OPEN,230,0.0,0.0
37034738M,4/8/2025,2002812,909,SHERIDAN AVENUE,BRONX,204,CLASS - 2,28-302.4,,OPEN,230,0.0,0.0
37034739Y,4/8/2025,2002813,185,EAST  162 STREET,BRONX,204,CLASS - 2,28-302.4,,OPEN,230,0.0,0.0
37034740L,4/8/2025,2002814,940,GRAND CONCOURSE,BRONX,204,CLASS - 2,28-302.4,,OPEN,230,0.0,0.0
37034741N,4/8/2025,2002815,960,GRAND CONCOURSE,BRONX,204,CLASS - 2,28-302.4,,OPEN,230,0.0,0.0
37034742P,4/8/2025,2002827,1072,GRAND CONCOURSE,BRONX,204,CLASS - 2,28-302.4,,OPEN,230,0.0,0.0
37034743R,4/8/2025,2002971,751,GERARD AVENUE,BRONX,204,CLASS - 2,28-302.4,,OPEN,230,0.0,0.0
37034744Z,4/8/2025,2002974,691,GERARD AVENUE,BRONX,204,CLASS - 2,28-302.4,,OPEN,230,0.0,0.0
37034745K,4/8/2025,2002978,815,GERARD AVENUE,BRONX,204,CLASS - 2,28-302.4,,OPEN,230,0.0,0.0
37034746M,4/8/2025,2003383,1406,OGDEN AVENUE,BRONX,204,CLASS - 2,28-302.4,,OPEN,230,0.0,0.0
37034747Y,4/8/2025,2087620,575,EAST  140 STREET,BRONX,201,CLASS - 2,28-302.4,,OPEN,230,0.0,0.0
37034748X,4/8/2025,2004408,601,EAST  149 STREET,BRONX,201,CLASS - 2,28-302.4,,OPEN,230,0.0,0.0
37034749H,4/8/2025,2004415,611,EAST  149 STREET,BRONX,201,CLASS - 2,28-302.4,,OPEN,230,0.0,0.0
37034750P,4/8/2025,2004426,620,TRINITY AVENUE,BRONX,201,CLASS - 2,28-302.4,,OPEN,230,0.0,0.0
37034751R,4/8/2025,2006421,1291,LAFAYETTE AVENUE,BRONX,202,CLASS - 2,28-302.4,,OPEN,230,0.0,0.0
37034752Z,4/8/2025,2007333,1654,MONROE AVENUE,BRONX,204,CLASS - 2,28-302.4,,OPEN,230,0.0,0.0
37034753K,4/8/2025,2007544,1860,GRAND CONCOURSE,BRONX,205,CLASS - 2,28-302.4,,OPEN,230,0.0,0.0
37034754M,4/8/2025,2007994,1475,SHERIDAN AVENUE,BRONX,204,CLASS - 2,28-302.4,,OPEN,230,0.0,0.0
37034755Y,4/8/2025,2008698,1592,JESUP AVENUE,BRONX,205,CLASS - 2,28-302.4,,OPEN,230,0.0,0.0
37034756X,4/8/2025,2009351,1744,CLAY AVENUE,BRONX,205,CLASS - 2,28-302.4,,OPEN,230,0.0,0.0
37034757H,4/8/2025,2088325,1,FORDHAM PLAZA,BRONX,206,CLASS - 2,28-302.4,,OPEN,230,0.0,0.0
37034758J,4/8/2025,2012632,740,EAST  178 STREET,BRONX,206,CLASS - 2,28-302.4,,OPEN,230,0.0,0.0
37034759L,4/8/2025,2012642,750,EAST  179 STREET,BRONX,206,CLASS - 2,28-302.4,,OPEN,230,0.0,0.0
37034760Z,4/8/2025,2013340,2332,TIEBOUT AVENUE,BRONX,205,CLASS - 2,28-302.4,,OPEN,230,0.0,0.0
37034761K,4/8/2025,2013999,2249,MORRIS AVENUE,BRONX,205,CLASS - 2,28-302.4,,OPEN,230,0.0,0.0
37034762M,4/8/2025,2095200,3975,SEDGWICK AVENUE,BRONX,208,CLASS - 2,28-302.4,,OPEN,230,0.0,0.0
37034763Y,4/8/2025,2015449,66,VAN CORTLANDT PARK SOUTH,BRONX,208,CLASS - 2,28-302.4,,OPEN,230,0.0,0.0
37034764X,4/8/2025,2015450,3960,HILLMAN AVENUE,BRONX,208,CLASS - 2,28-302.4,,OPEN,230,0.0,0.0
37034765H,4/8/2025,2015481,3980,ORLOFF AVENUE,BRONX,208,CLASS - 2,28-302.4,,OPEN,230,0.0,0.0
37034767L,4/8/2025,2015496,100,VAN CORTLANDT PARK SOUTH,BRONX,208,CLASS - 2,28-302.4,,OPEN,230,0.0,0.0
37034768N,4/8/2025,2015502,2678,KINGSBRIDGE TERRACE,BRONX,208,CLASS - 2,28-302.4,,OPEN,230,0.0,0.0
37034770M,4/8/2025,2016021,3900,BAILEY AVENUE,BRONX,208,CLASS - 2,28-302.4,,OPEN,230,0.0,0.0
37034771Y,4/8/2025,2017320,3131,GRAND CONCOURSE,BRONX,207,CLASS - 2,28-302.4,,OPEN,230,0.0,0.0
37034772X,4/8/2025,2017346,3155,GRAND CONCOURSE,BRONX,207,CLASS - 2,28-302.4,,OPEN,230,0.0,0.0
37034773H,4/8/2025,2017933,3051,DECATUR AVENUE,BRONX,207,CLASS - 2,28-302.4,,OPEN,230,0.0,0.0
37034774J,4/8/2025,2018224,3405,PUTNAM PLACE,BRONX,207,CLASS - 2,28-302.4,,OPEN,230,0.0,0.0
37034775L,4/8/2025,2018225,3450,WAYNE AVENUE,BRONX,207,CLASS - 2,28-302.4,,OPEN,230,0.0,0.0
37034777P,4/8/2025,2019336,4260,KATONAH AVENUE,BRONX,212,CLASS - 2,28-302.4,,OPEN,230,0.0,0.0
37034778R,4/8/2025,2092770,2001,STORY AVENUE,BRONX,209,CLASS - 2,28-302.4,,OPEN,230,0.0,0.0
37034779Z,4/8/2025,2092769,2045,STORY AVENUE,BRONX,209,CLASS - 2,28-302.4,,OPEN,230,0.0,0.0
37034780X,4/8/2025,2027647,1690,EAST  174 STREET,BRONX,209,CLASS - 2,28-302.4,,OPEN,230,0.0,0.0
37034784N,4/8/2025,2099381,777,CO-OP CITY BOULEVARD,BRONX,210,CLASS - 2,28-302.4,,OPEN,230,0.0,0.0
37034785P,4/8/2025,2078259,3255,RANDALL AVENUE,BRONX,210,CLASS - 2,28-302.4,,OPEN,230,0.0,0.0
37034786R,4/8/2025,2083155,3045,GODWIN TERRACE,BRONX,208,CLASS - 2,28-302.4,,OPEN,230,0.0,0.0
37034787Z,4/8/2025,2084220,4410,CAYUGA AVENUE,BRONX,208,CLASS - 2,28-302.4,,OPEN,230,0.0,0.0
37034788K,4/8/2025,2084221,4414,CAYUGA AVENUE,BRONX,208,CLASS - 2,28-302.4,,OPEN,230,0.0,0.0
37034790J,4/8/2025,3000116,78,HUDSON AVENUE,BROOKLYN,302,CLASS - 2,28-302.4,,OPEN,230,0.0,0.0
37034791L,4/8/2025,3024928,130,   8 AVENUE,BROOKLYN,306,CLASS - 2,28-302.4,,OPEN,230,0.0,0.0
37034792N,4/8/2025,3027473,892,ATLANTIC AVENUE,BROOKLYN,308,CLASS - 2,28-302.4,,OPEN,230,0.0,0.0
37034794R,4/8/2025,3054043,400,HERKIMER STREET,BROOKLYN,303,CLASS - 2,28-302.4,,OPEN,230,0.0,0.0
37034795Z,4/8/2025,3321975,161,SOUTH ELLIOTT PLACE,BROOKLYN,302,CLASS - 2,28-302.4,,OPEN,230,0.0,0.0
37034796K,4/8/2025,3321974,170,SOUTH PORTLAND AVENUE,BROOKLYN,302,CLASS - 2,28-302.4,,OPEN,230,0.0,0.0
37034798Y,4/8/2025,3115913,160,PARKSIDE AVENUE,BROOKLYN,314,CLASS - 2,28-302.4,,OPEN,230,0.0,0.0
37034799X,4/8/2025,3117588,201,EAST   17 STREET,BROOKLYN,314,CLASS - 2,28-302.4,,OPEN,230,0.0,0.0
37034800Y,4/8/2025,3118551,2102,BEVERLEY ROAD,BROOKLYN,314,CLASS - 2,28-302.4,,OPEN,230,0.0,0.0
37034801X,4/8/2025,3135596,4112,FORT HAMILTON PARKWAY,BROOKLYN,312,CLASS - 2,28-302.4,,OPEN,230,0.0,0.0
37034802H,4/8/2025,3156066,9949,SHORE ROAD,BROOKLYN,310,CLASS - 2,28-302.4,,OPEN,230,0.0,0.0
37034803J,4/8/2025,3156070,9902,   3 AVENUE,BROOKLYN,310,CLASS - 2,28-302.4,,OPEN,230,0.0,0.0
37034804L,4/8/2025,3184059,1815,EAST   17 STREET,BROOKLYN,315,CLASS - 2,28-302.4,,OPEN,230,0.0,0.0
37034807R,4/8/2025,3245130,3161,BRIGHTON    6 STREET,BROOKLYN,313,CLASS - 2,28-302.4,,OPEN,230,0.0,0.0
37034808Z,4/8/2025,4003516,29-10,THOMSON AVENUE,QUEENS,402,CLASS - 2,28-302.4,,OPEN,230,0.0,0.0
37034809K,4/8/2025,4031242,58-21,  43 AVENUE,QUEENS,402,CLASS - 2,28-302.4,,OPEN,230,0.0,0.0
37034810H,4/8/2025,4035935,89-10,  35 AVENUE,QUEENS,403,CLASS - 2,28-302.4,,OPEN,230,0.0,0.0
37034811J,4/8/2025,4461962,78-06,  46 AVENUE,QUEENS,404,CLASS - 2,28-302.4,,OPEN,230,0.0,0.0
37034812L,4/8/2025,4045396,89-20,  55 AVENUE,QUEENS,404,CLASS - 2,28-302.4,,OPEN,230,0.0,0.0
37034815R,4/8/2025,4072135,64-00,SAUNDERS STREET,QUEENS,406,CLASS - 2,28-302.4,,OPEN,230,0.0,0.0
37034817K,4/8/2025,4078797,109-14,ASCAN AVENUE,QUEENS,406,CLASS - 2,28-302.4,,OPEN,230,0.0,0.0
37034818M,4/8/2025,4079402,115-25,METROPOLITAN AVENUE,QUEENS,409,CLASS - 2,28-302.4,,OPEN,230,0.0,0.0
37034819Y,4/8/2025,4114755,144-07,SANFORD AVENUE,QUEENS,407,CLASS - 2,28-302.4,,OPEN,230,0.0,0.0
37034820L,4/8/2025,4449972,144-39,SANFORD AVENUE,QUEENS,407,CLASS - 2,28-302.4,,OPEN,230,0.0,0.0
37034821N,4/8/2025,4449973,144-45,SANFORD AVENUE,QUEENS,407,CLASS - 2,28-302.4,,OPEN,230,0.0,0.0
37034822P,4/8/2025,4114762,144-35,SANFORD AVENUE,QUEENS,407,CLASS - 2,28-302.4,,OPEN,230,0.0,0.0
37034824Z,4/8/2025,4206529,80-08, 135 STREET,QUEENS,408,CLASS - 2,28-302.4,,OPEN,230,0.0,0.0
37034825K,4/8/2025,4206530,81-10, 135 STREET,QUEENS,408,CLASS - 2,28-302.4,,OPEN,230,0.0,0.0
37034826M,4/8/2025,4209577,89-29, 163 STREET,QUEENS,412,CLASS - 2,28-302.4,,OPEN,230,0.0,0.0
37034827Y,4/8/2025,4210382,88-10, 178 STREET,QUEENS,412,CLASS - 2,28-302.4,,OPEN,230,0.0,0.0
37034829H,4/8/2025,4298444,7-07,BEACH    9 STREET,QUEENS,414,CLASS - 2,28-302.4,,OPEN,230,0.0,0.0
37034831R,4/8/2025,4457813,8800,SHORE FRONT PARKWAY,QUEENS,414,CLASS - 2,28-302.4,,OPEN,230,0.0,0.0
37034832Z,4/8/2025,4457811,8400,SHORE FRONT PARKWAY,QUEENS,414,CLASS - 2,28-302.4,,OPEN,230,0.0,0.0
37034833K,4/8/2025,4457812,8600,SHORE FRONT PARKWAY,QUEENS,414,CLASS - 2,28-302.4,,OPEN,230,0.0,0.0
37034834M,4/8/2025,5091251,175,ZOE STREET,STATEN ISLAND,502,CLASS - 2,28-302.4,,OPEN,230,0.0,0.0
37034836X,4/8/2025,1082665,71,COLUMBIA STREET,MANHATTAN,103,CLASS - 2,28-302.4,,OPEN,230,0.0,0.0
37034837H,4/8/2025,4113657,143-40,ROOSEVELT AVENUE,QUEENS,407,CLASS - 2,28-302.4,,OPEN,230,0.0,0.0
37034838J,4/8/2025,4029767,72-10,  37 AVENUE,QUEENS,403,CLASS - 2,28-302.4,,OPEN,230,0.0,0.0
37034839L,4/8/2025,5002463,288,KISSEL AVENUE,STATEN ISLAND,501,CLASS - 2,28-302.4,,OPEN,230,0.0,0.0
37034841K,4/8/2025,2007589,325,EAST  176 STREET,BRONX,205,CLASS - 2,28-302.4,,OPEN,230,0.0,0.0
37034842M,4/8/2025,2008228,35,EAST  176 STREET,BRONX,205,CLASS - 2,28-302.4,,OPEN,230,0.0,0.0
37034844X,4/8/2025,2092054,9,MARCY PLACE,BRONX,204,CLASS - 2,28-302.4,,OPEN,230,0.0,0.0
37034845H,4/8/2025,4047304,94-10,  60 AVENUE,QUEENS,404,CLASS - 2,28-302.4,,OPEN,230,0.0,0.0
37034848N,4/8/2025,4112550,33-23,UNION STREET,QUEENS,407,CLASS - 2,28-302.4,,OPEN,230,0.0,0.0
37034850M,4/8/2025,2062876,4030,BRONX BOULEVARD,BRONX,212,CLASS - 2,28-302.4,,OPEN,230,0.0,0.0
37034851Y,4/8/2025,4119879,170-06,CROCHERON AVENUE,QUEENS,407,CLASS - 2,28-302.4,,OPEN,230,0.0,0.0
37034852X,4/8/2025,2016494,2700,MARION AVENUE,BRONX,207,CLASS - 2,28-302.4,,OPEN,230,0.0,0.0
37034853H,4/8/2025,2057548,3830,BRONX BOULEVARD,BRONX,212,CLASS - 2,28-302.4,,OPEN,230,0.0,0.0
37034854J,4/8/2025,3346034,1180,PENNSYLVANIA AVENUE,BROOKLYN,305,CLASS - 2,28-302.4,,OPEN,230,0.0,0.0
37034855L,4/8/2025,2028661,1500,THIERIOT AVENUE,BRONX,209,CLASS - 2,28-302.4,,OPEN,230,0.0,0.0
37034856N,4/8/2025,2047113,1545,RHINELANDER AVENUE,BRONX,211,CLASS - 2,28-302.4,,OPEN,230,0.0,0.0
37034857P,4/8/2025,1004760,299,EAST    8 STREET,MANHATTAN,103,CLASS - 2,28-302.4,,OPEN,230,0.0,0.0
37034858R,4/8/2025,1084673,13,WEST   56 STREET,MANHATTAN,105,CLASS - 2,28-302.4,,OPEN,230,0.0,0.0
37034859Z,4/8/2025,1086164,19,EAST   57 STREET,MANHATTAN,105,CLASS - 2,28-302.4,,OPEN,230,0.0,0.0
37034860X,4/8/2025,2128999,4487,   3 AVENUE,BRONX,206,CLASS - 2,28-302.4,,OPEN,230,0.0,0.0
37034862J,4/8/2025,4299581,22-88,MOTT AVENUE,QUEENS,414,CLASS - 2,28-302.4,,OPEN,230,0.0,0.0
37034863L,4/8/2025,3245122,3130,BRIGHTON    7 STREET,BROOKLYN,313,CLASS - 2,28-302.4,,OPEN,230,0.0,0.0
37034864N,4/8/2025,3177428,1750,OCEAN PARKWAY,BROOKLYN,315,CLASS - 2,28-302.4,,OPEN,230,0.0,0.0
37034865P,4/8/2025,3107464,647,ALBANY AVENUE,BROOKLYN,309,CLASS - 2,28-302.4,,OPEN,230,0.0,0.0
37034867Z,4/8/2025,3245124,3109,BRIGHTON    7 STREET,BROOKLYN,313,CLASS - 2,28-302.4,,OPEN,230,0.0,0.0
37034868K,4/8/2025,4113654,143-05,  41 AVENUE,QUEENS,407,CLASS - 2,28-302.4,,OPEN,230,0.0,0.0
37034870J,4/8/2025,4038795,92-05,WHITNEY AVENUE,QUEENS,404,CLASS - 2,28-302.4,,OPEN,230,0.0,0.0
37034871L,4/8/2025,3024212,287,PROSPECT AVENUE,BROOKLYN,307,CLASS - 2,28-302.4,,OPEN,230,0.0,0.0
37034872N,4/8/2025,2006567,750,BRYANT AVENUE,BRONX,202,CLASS - 2,28-302.4,,OPEN,230,0.0,0.0
37034873P,4/8/2025,2004406,591,EAST  165 STREET,BRONX,203,CLASS - 2,28-302.4,,OPEN,230,0.0,0.0
37034874R,4/8/2025,2114272,3800,PUTNAM AVENUE WEST,BRONX,208,CLASS - 2,28-302.4,,OPEN,230,0.0,0.0
37034875Z,4/8/2025,4458036,140-26,FRANKLIN AVENUE,QUEENS,407,CLASS - 2,28-302.4,,OPEN,230,0.0,0.0
37034876K,4/8/2025,4463151,43-73,UNION STREET,QUEENS,407,CLASS - 2,28-302.4,,OPEN,230,0.0,0.0
37034877M,4/8/2025,4115401,134-25,FRANKLIN AVENUE,QUEENS,407,CLASS - 2,28-302.4,,OPEN,230,0.0,0.0
37034878Y,4/8/2025,4207730,141-28,  84 DRIVE,QUEENS,408,CLASS - 2,28-302.4,,OPEN,230,0.0,0.0
37034879X,4/8/2025,2116011,3815,PUTNAM AVENUE WEST,BRONX,208,CLASS - 2,28-302.4,,OPEN,230,0.0,0.0
37034880N,4/8/2025,1087440,1955,   1 AVENUE,MANHATTAN,111,CLASS - 2,28-302.4,,OPEN,230,0.0,0.0
37034883Z,4/8/2025,1057906,103,WEST  127 STREET,MANHATTAN,110,CLASS - 2,28-302.4,,OPEN,230,0.0,0.0
37034884K,4/8/2025,3213184,885,EAST   38 STREET,BROOKLYN,317,CLASS - 2,28-302.4,,OPEN,230,0.0,0.0
37034885M,4/8/2025,1059949,583,RIVERSIDE DRIVE,MANHATTAN,109,CLASS - 2,28-302.4,,OPEN,230,0.0,0.0
37034887X,4/8/2025,2103647,3880,ORLOFF AVENUE,BRONX,208,CLASS - 2,28-302.4,,OPEN,230,0.0,0.0
37034888H,4/8/2025,1065033,235,SEAMAN AVENUE,MANHATTAN,112,CLASS - 2,28-302.4,,OPEN,230,0.0,0.0
37034891Z,4/8/2025,3322377,49,BOKEE COURT,BROOKLYN,313,CLASS - 2,28-302.4,,OPEN,230,0.0,0.0
37034894Y,4/8/2025,2115299,2348,WEBSTER AVENUE,BRONX,206,CLASS - 2,28-302.4,,OPEN,230,0.0,0.0
37034895X,4/8/2025,1064131,1,BOGARDUS PLACE,MANHATTAN,112,CLASS - 2,28-302.4,,OPEN,230,0.0,0.0
37034897J,4/8/2025,2116260,2732,MARION AVENUE,BRONX,207,CLASS - 2,28-302.4,,OPEN,230,0.0,0.0
37034899N,4/8/2025,3350160,119,LORIMER STREET,BROOKLYN,301,CLASS - 2,28-302.4,,OPEN,230,0.0,0.0
37034901N,4/8/2025,3183131,1812,QUENTIN ROAD,BROOKLYN,315,CLASS - 2,28-302.4,,OPEN,230,0.0,0.0
37034904Z,4/8/2025,4534925,140-14,CHERRY AVENUE,QUEENS,407,CLASS - 2,28-302.4,,OPEN,230,0.0,0.0
37034905K,4/8/2025,4115369,133-36,SANFORD AVENUE,QUEENS,407,CLASS - 2,28-302.4,,OPEN,230,0.0,0.0
37034907Y,4/8/2025,1015038,125,WEST   26 STREET,MANHATTAN,105,CLASS - 2,28-302.4,,OPEN,230,0.0,0.0
37034908X,4/8/2025,4536856,31-10,  23 STREET,QUEENS,401,CLASS - 2,28-302.4,,OPEN,230,0.0,0.0
37034911R,4/8/2025,1004887,638,EAST   11 STREET,MANHATTAN,103,CLASS - 2,28-302.4,,OPEN,230,0.0,0.0
37034912Z,4/8/2025,2045760,1632,HUTCHINSON RIVER PARKWAY,BRONX,210,CLASS - 2,28-302.4,,OPEN,230,0.0,0.0
37034913K,4/8/2025,1088444,86,BOWERY,MANHATTAN,102,CLASS - 2,28-302.4,,OPEN,230,0.0,0.0
37034914M,4/8/2025,1003548,98,EAST BROADWAY,MANHATTAN,103,CLASS - 2,28-302.4,,OPEN,230,0.0,0.0
37034915Y,4/8/2025,1007198,56,SPRING STREET,MANHATTAN,102,CLASS - 2,28-302.4,,OPEN,230,0.0,0.0
37034916X,4/8/2025,1805781,428,WEST   25 STREET,MANHATTAN,104,CLASS - 2,28-302.4,,OPEN,230,0.0,0.0
37034917H,4/8/2025,2116415,400,EAST FORDHAM ROAD,BRONX,206,CLASS - 2,28-302.4,,OPEN,230,0.0,0.0
37034918J,4/8/2025,3425067,9,COOK STREET,BROOKLYN,301,CLASS - 2,28-302.4,,OPEN,230,0.0,0.0
37034920Z,4/8/2025,4538607,36-16,ASTORIA BOULEVARD,QUEENS,401,CLASS - 2,28-302.4,,OPEN,230,0.0,0.0
37034921K,4/8/2025,3397657,2140,OCEAN AVENUE,BROOKLYN,315,CLASS - 2,28-302.4,,OPEN,230,0.0,0.0
37034922M,4/8/2025,1088161,2167,   2 AVENUE,MANHATTAN,111,CLASS - 2,28-302.4,,OPEN,230,0.0,0.0
37034923Y,4/8/2025,3006392,110,   4 AVENUE,BROOKLYN,306,CLASS - 2,28-302.4,,OPEN,230,0.0,0.0
37034924X,4/8/2025,2120514,1382,SHAKESPEARE AVENUE,BRONX,204,CLASS - 2,28-302.4,,OPEN,230,0.0,0.0
37034927L,4/8/2025,3199767,2630,OCEAN AVENUE,BROOKLYN,315,CLASS - 2,28-302.4,,OPEN,230,0.0,0.0
37034928N,4/8/2025,2050000,2265,OLINVILLE AVENUE,BRONX,211,CLASS - 2,28-302.4,,OPEN,230,0.0,0.0
37034929P,4/8/2025,4115061,132-70,SANFORD AVENUE,QUEENS,407,CLASS - 2,28-302.4,,OPEN,230,0.0,0.0
37034930M,4/8/2025,2002977,825,GERARD AVENUE,BRONX,204,CLASS - 2,28-302.4,,OPEN,230,0.0,0.0
37034932X,4/8/2025,3117592,120,EAST   19 STREET,BROOKLYN,314,CLASS - 2,28-302.4,,OPEN,230,0.0,0.0
37034934J,4/8/2025,4029558,35-60,  74 STREET,QUEENS,403,CLASS - 2,28-302.4,,OPEN,230,0.0,0.0
37034935L,4/8/2025,4013055,32-06,  47 STREET,QUEENS,401,CLASS - 2,28-302.4,,OPEN,230,0.0,0.0
37034936N,4/8/2025,1061794,503,WEST  141 STREET,MANHATTAN,109,CLASS - 2,28-302.4,,OPEN,230,0.0,0.0
37034937P,4/8/2025,4008345,32-42,  33 STREET,QUEENS,401,CLASS - 2,28-302.4,,OPEN,230,0.0,0.0
37034938R,4/8/2025,4008346,32-52,  33 STREET,QUEENS,401,CLASS - 2,28-302.4,,OPEN,230,0.0,0.0
37034939Z,4/8/2025,1061730,51,HAMILTON PLACE,MANHATTAN,109,CLASS - 2,28-302.4,,OPEN,230,0.0,0.0
37034940X,4/8/2025,1059970,590,RIVERSIDE DRIVE,MANHATTAN,109,CLASS - 2,28-302.4,,OPEN,230,0.0,0.0
37034941H,4/8/2025,3116149,50,EAST   21 STREET,BROOKLYN,314,CLASS - 2,28-302.4,,OPEN,230,0.0,0.0
37034942J,4/8/2025,1089025,136,EAST BROADWAY,MANHATTAN,103,CLASS - 2,28-302.4,,OPEN,230,0.0,0.0
37034944N,4/8/2025,2083469,2390,PALISADE AVENUE,BRONX,208,CLASS - 2,28-302.4,,OPEN,230,0.0,0.0
37034945P,4/8/2025,1090088,535,WEST   52 STREET,MANHATTAN,104,CLASS - 2,28-302.4,,OPEN,230,0.0,0.0
37034946R,4/8/2025,2109440,445,EAST  171 STREET,BRONX,203,CLASS - 2,28-302.4,,OPEN,230,0.0,0.0
37034948K,4/8/2025,3396870,574,   4 AVENUE,BROOKLYN,307,CLASS - 2,28-302.4,,OPEN,230,0.0,0.0
37034949M,4/8/2025,1087343,57,EAST  128 STREET,MANHATTAN,111,CLASS - 2,28-302.4,,OPEN,230,0.0,0.0
37034950J,4/8/2025,1090911,73,EAST  128 STREET,MANHATTAN,111,CLASS - 2,28-302.4,,OPEN,230,0.0,0.0
37034952N,4/8/2025,2045914,2860,BUHRE AVENUE,BRONX,210,CLASS - 2,28-302.4,,OPEN,230,0.0,0.0
37034953P,4/8/2025,1082738,1046,AMSTERDAM AVENUE,MANHATTAN,109,CLASS - 2,28-302.4,,OPEN,230,0.0,0.0
37034954R,4/8/2025,3425406,125,PARKSIDE AVENUE,BROOKLYN,314,CLASS - 2,28-302.4,,OPEN,230,0.0,0.0
37034956K,4/8/2025,3055994,395,CLINTON AVENUE,BROOKLYN,302,CLASS - 2,28-302.4,,OPEN,230,0.0,0.0
37034959X,4/8/2025,2028937,2022,BENEDICT AVENUE,BRONX,209,CLASS - 2,28-302.4,,OPEN,230,0.0,0.0
37034960N,4/8/2025,4215619,92-32,UNION HALL STREET,QUEENS,412,CLASS - 2,28-302.4,,OPEN,230,0.0,0.0
37034962R,4/8/2025,1088906,222,EAST  104 STREET,MANHATTAN,111,CLASS - 2,28-302.4,,OPEN,230,0.0,0.0
37034963Z,4/8/2025,1002610,78,BOWERY,MANHATTAN,102,CLASS - 2,28-302.4,,OPEN,230,0.0,0.0
37034966Y,4/8/2025,1084874,25,AVENUE D,MANHATTAN,103,CLASS - 2,28-302.4,,OPEN,230,0.0,0.0
37034967X,4/8/2025,1088687,304,   5 AVENUE,MANHATTAN,105,CLASS - 2,28-302.4,,OPEN,230,0.0,0.0
37034968H,4/8/2025,1088863,175,WEST   60 STREET,MANHATTAN,107,CLASS - 2,28-302.4,,OPEN,230,0.0,0.0
37034969J,4/8/2025,1089326,49,ANN STREET,MANHATTAN,101,CLASS - 2,28-302.4,,OPEN,230,0.0,0.0
37034974Y,4/8/2025,1090231,7,WEST   21 STREET,MANHATTAN,105,CLASS - 2,28-302.4,,OPEN,230,0.0,0.0
37034978L,4/8/2025,1090478,306,WEST  142 STREET,MANHATTAN,110,CLASS - 2,28-302.4,,OPEN,230,0.0,0.0
37034980K,4/8/2025,1090587,433,BROADWAY,MANHATTAN,102,CLASS - 2,28-302.4,,OPEN,230,0.0,0.0
37034981M,4/8/2025,1090717,445,WEST   35 STREET,MANHATTAN,104,CLASS - 2,28-302.4,,OPEN,230,0.0,0.0
37034983X,4/8/2025,2007561,250,MOUNT HOPE PLACE,BRONX,205,CLASS - 2,28-302.4,,OPEN,230,0.0,0.0
37034984H,4/8/2025,2016731,2848,BAINBRIDGE AVENUE,BRONX,207,CLASS - 2,28-302.4,,OPEN,230,0.0,0.0
37034985J,4/8/2025,2119255,1776,BOSTON ROAD,BRONX,203,CLASS - 2,28-302.4,,OPEN,230,0.0,0.0
37034987N,4/8/2025,2127027,655,MORRIS AVENUE,BRONX,201,CLASS - 2,28-302.4,,OPEN,230,0.0,0.0
37034989R,4/8/2025,2128690,1060,REV JAMES A POLITE AVENUE,BRONX,202,CLASS - 2,28-302.4,,OPEN,230,0.0,0.0
37034990Y,4/8/2025,2128727,2980,PARK AVENUE,BRONX,201,CLASS - 2,28-302.4,,OPEN,230,0.0,0.0
37034991X,4/8/2025,2130370,1180,FULTON AVENUE,BRONX,203,CLASS - 2,28-302.4,,OPEN,230,0.0,0.0
37034993J,4/8/2025,2129176,316,EAST  162 STREET,BRONX,204,CLASS - 2,28-302.4,,OPEN,230,0.0,0.0
37034994L,4/8/2025,2129267,425,EAST  161 STREET,BRONX,203,CLASS - 2,28-302.4,,OPEN,230,0.0,0.0
37034995N,4/8/2025,3000250,156,TILLARY STREET,BROOKLYN,302,CLASS - 2,28-302.4,,OPEN,230,0.0,0.0
37034996P,4/8/2025,3059555,216,BROADWAY,BROOKLYN,301,CLASS - 2,28-302.4,,OPEN,230,0.0,0.0
37034998Z,4/8/2025,3116151,62,EAST   21 STREET,BROOKLYN,314,CLASS - 2,28-302.4,,OPEN,230,0.0,0.0
37034999K,4/8/2025,3116577,850,FLATBUSH AVENUE,BROOKLYN,314,CLASS - 2,28-302.4,,OPEN,230,0.0,0.0
37035001M,4/8/2025,3179457,1326,OCEAN AVENUE,BROOKLYN,314,CLASS - 2,28-302.4,,OPEN,230,0.0,0.0
37035003X,4/8/2025,3394371,2908,BRIGHTON    1 STREET,BROOKLYN,313,CLASS - 2,28-302.4,,OPEN,230,0.0,0.0
37035004H,4/8/2025,3395317,3440,GUIDER AVENUE,BROOKLYN,313,CLASS - 2,28-302.4,,OPEN,230,0.0,0.0
37035005J,4/8/2025,3396814,492,LEFFERTS AVENUE,BROOKLYN,309,CLASS - 2,28-302.4,,OPEN,230,0.0,0.0
37035007N,4/8/2025,3414138,285,JAY STREET,BROOKLYN,302,CLASS - 2,28-302.4,,OPEN,230,0.0,0.0
37035011X,4/8/2025,3421590,1867,ATLANTIC AVENUE,BROOKLYN,303,CLASS - 2,28-302.4,,OPEN,230,0.0,0.0
37035013J,4/8/2025,3424488,3054,CROPSEY AVENUE,BROOKLYN,313,CLASS - 2,28-302.4,,OPEN,230,0.0,0.0
37035014L,4/8/2025,3425166,1460,FULTON STREET,BROOKLYN,303,CLASS - 2,28-302.4,,OPEN,230,0.0,0.0
37035015N,4/8/2025,3425399,323,EAST   19 STREET,BROOKLYN,314,CLASS - 2,28-302.4,,OPEN,230,0.0,0.0
37035016P,4/8/2025,3425793,843,LEXINGTON AVENUE,BROOKLYN,303,CLASS - 2,28-302.4,,OPEN,230,0.0,0.0
37035017R,4/8/2025,3425954,125,GRAND STREET EXTENSION,BROOKLYN,301,CLASS - 2,28-302.4,,OPEN,230,0.0,0.0
37035019K,4/8/2025,4005129,27-07,  43 AVENUE,QUEENS,402,CLASS - 2,28-302.4,,OPEN,230,0.0,0.0
37035020H,4/8/2025,4005132,42-77,HUNTER STREET,QUEENS,402,CLASS - 2,28-302.4,,OPEN,230,0.0,0.0
37035021J,4/8/2025,4030036,37-63,  81 STREET,QUEENS,403,CLASS - 2,28-302.4,,OPEN,230,0.0,0.0
37035025R,4/8/2025,4593964,41-22,  24 STREET,QUEENS,401,CLASS - 2,28-302.4,,OPEN,230,0.0,0.0
37035026Z,4/8/2025,4594302,88-39, 163 STREET,QUEENS,412,CLASS - 2,28-302.4,,OPEN,230,0.0,0.0
37035028M,4/8/2025,4596214,89-14, 150 STREET,QUEENS,412,CLASS - 2,28-302.4,,OPEN,230,0.0,0.0
37035029Y,4/8/2025,4602735,4419,ROCKAWAY BEACH BOULEVARD,QUEENS,414,CLASS - 2,28-302.4,,OPEN,230,0.0,0.0
37035030L,4/8/2025,,14550,49 AV,QUEENS,   ,CLASS - 2,28-302.4,,OPEN,230,0.0,0.0
37035031N,4/8/2025,4617745,14-07,BROADWAY,QUEENS,401,CLASS - 2,28-302.4,,OPEN,230,0.0,0.0
37035032P,4/8/2025,4617746,14-23,BROADWAY,QUEENS,401,CLASS - 2,28-302.4,,OPEN,230,0.0,0.0
37035033R,4/8/2025,4617747,23-23,ASTORIA BOULEVARD,QUEENS,401,CLASS - 2,28-302.4,,OPEN,230,0.0,0.0
37035034Z,4/8/2025,4617817,38-58,  12 STREET,QUEENS,401,CLASS - 2,28-302.4,,OPEN,230,0.0,0.0
37035035K,4/8/2025,4617954,44-72,  11 STREET,QUEENS,402,CLASS - 2,28-302.4,,OPEN,230,0.0,0.0
37035038X,4/8/2025,4617793,65-15,QUEENS BOULEVARD,QUEENS,402,CLASS - 2,28-302.4,,OPEN,230,0.0,0.0
37035040P,4/8/2025,2124699,1117,INTERVALE AVENUE,BRONX,202,CLASS - 2,28-302.4,,OPEN,230,0.0,0.0
37035041R,4/8/2025,1088708,115,NORFOLK STREET,MANHATTAN,103,CLASS - 2,28-302.4,,OPEN,230,0.0,0.0
37035042Z,4/8/2025,3396392,130,FLUSHING AVENUE,BROOKLYN,302,CLASS - 2,28-302.4,,OPEN,230,0.0,0.0
37035044M,4/8/2025,1032506,148,WEST   92 STREET,MANHATTAN,107,CLASS - 2,28-302.4,,OPEN,230,0.0,0.0
37035045Y,4/8/2025,3387707,152,SKILLMAN STREET,BROOKLYN,303,CLASS - 2,28-302.4,,OPEN,230,0.0,0.0
37035046X,4/8/2025,3348670,154,SKILLMAN STREET,BROOKLYN,303,CLASS - 2,28-302.4,,OPEN,230,0.0,0.0
37035047H,4/8/2025,1090920,142,WEST   62 STREET,MANHATTAN,107,CLASS - 2,28-302.4,,OPEN,230,0.0,0.0
37035048J,4/8/2025,1089447,160,WEST   62 STREET,MANHATTAN,107,CLASS - 2,28-302.4,,OPEN,230,0.0,0.0
37035049L,4/8/2025,3348912,163,FRANKLIN AVENUE,BROOKLYN,303,CLASS - 2,28-302.4,,OPEN,230,0.0,0.0
37035050Z,4/8/2025,3348909,169,FRANKLIN AVENUE,BROOKLYN,303,CLASS - 2,28-302.4,,OPEN,230,0.0,0.0
37035052M,4/8/2025,3395181,20,SUMNER PLACE,BROOKLYN,304,CLASS - 2,28-302.4,,OPEN,230,0.0,0.0
37035053Y,4/8/2025,1088288,203,WEST  146 STREET,MANHATTAN,110,CLASS - 2,28-302.4,,OPEN,230,0.0,0.0
37035054X,4/8/2025,3396878,2151,OCEAN AVENUE,BROOKLYN,315,CLASS - 2,28-302.4,,OPEN,230,0.0,0.0
37035056J,4/8/2025,2124686,2727,DECATUR AVENUE,BRONX,207,CLASS - 2,28-302.4,,OPEN,230,0.0,0.0
37035057L,4/8/2025,1089414,344,EAST  110 STREET,MANHATTAN,111,CLASS - 2,28-302.4,,OPEN,230,0.0,0.0
37035058N,4/8/2025,3395153,40,VANDERBILT AVENUE,BROOKLYN,302,CLASS - 2,28-302.4,,OPEN,230,0.0,0.0
37035059P,4/8/2025,1026757,439,WEST   53 STREET,MANHATTAN,104,CLASS - 2,28-302.4,,OPEN,230,0.0,0.0
37035061Y,4/8/2025,1089346,5,ALLEN STREET,MANHATTAN,103,CLASS - 2,28-302.4,,OPEN,230,0.0,0.0
37035062X,4/8/2025,4079270,82-65, 116 STREET,QUEENS,409,CLASS - 2,28-302.4,,OPEN,230,0.0,0.0
37035063H,4/8/2025,1005400,179,LUDLOW STREET,MANHATTAN,103,CLASS - 2,28-302.4,,OPEN,230,0.0,0.0
37035065L,4/8/2025,1076370,225,EAST  111 STREET,MANHATTAN,111,CLASS - 2,28-302.4,,OPEN,230,0.0,0.0
37035067P,4/8/2025,3244657,52,BRIGHTON    1 PLACE,BROOKLYN,313,CLASS - 2,28-302.4,,OPEN,230,0.0,0.0
37035069Z,4/8/2025,4029771,37-22,  73 STREET,QUEENS,403,CLASS - 2,28-302.4,,OPEN,230,0.0,0.0
37035073L,4/8/2025,,44137,49 AV,QUEENS,   ,CLASS - 2,28-302.4,,OPEN,230,0.0,0.0
37035074N,4/8/2025,3203916,2555,EAST   12 STREET,BROOKLYN,315,CLASS - 2,28-302.4,,OPEN,230,0.0,0.0
37035075P,4/8/2025,1055649,53,WEST  106 STREET,MANHATTAN,107,CLASS - 2,28-302.4,,OPEN,230,0.0,0.0
37035076R,4/8/2025,2057272,635,EAST  211 STREET,BRONX,212,CLASS - 2,28-302.4,,OPEN,230,0.0,0.0
37035077Z,4/8/2025,1006022,211,AVENUE A,MANHATTAN,103,CLASS - 2,28-302.4,,OPEN,230,0.0,0.0
37035078K,4/8/2025,1090675,1912,   1 AVENUE,MANHATTAN,111,CLASS - 2,28-302.4,,OPEN,230,0.0,0.0
37035079M,4/8/2025,2016025,3873,ORLOFF AVENUE,BRONX,208,CLASS - 2,28-302.4,,OPEN,230,0.0,0.0
37035081L,4/8/2025,2013770,2255,GRAND CONCOURSE,BRONX,205,CLASS - 2,28-302.4,,OPEN,230,0.0,0.0
37035082N,4/8/2025,1081693,534,   1 AVENUE,MANHATTAN,106,CLASS - 2,28-302.4,,OPEN,230,0.0,0.0
37035083P,4/8/2025,2014011,2325,MORRIS AVENUE,BRONX,205,CLASS - 2,28-302.4,,OPEN,230,0.0,0.0
37035085Z,4/8/2025,2012089,2236,ADAMS PLACE,BRONX,206,CLASS - 2,28-302.4,,OPEN,230,0.0,0.0
37035086K,4/8/2025,2063233,655,EAST  230 STREET,BRONX,212,CLASS - 2,28-302.4,,OPEN,230,0.0,0.0
37035087M,4/8/2025,2063233,655,EAST  230 STREET,BRONX,212,CLASS - 2,28-302.4,,OPEN,230,0.0,0.0
37035088Y,4/8/2025,2062877,4040,BRONX BOULEVARD,BRONX,212,CLASS - 2,28-302.4,,OPEN,230,0.0,0.0
37035089X,4/8/2025,2083256,500,KAPPOCK STREET,BRONX,208,CLASS - 2,28-302.4,,OPEN,230,0.0,0.0
37035090N,4/8/2025,2015073,2175,CEDAR AVENUE,BRONX,207,CLASS - 2,28-302.4,,OPEN,230,0.0,0.0
37035091P,4/8/2025,2014617,2385,GRAND AVENUE,BRONX,207,CLASS - 2,28-302.4,,OPEN,230,0.0,0.0
37035092R,4/8/2025,2002874,1035,GRAND CONCOURSE,BRONX,204,CLASS - 2,28-302.4,,OPEN,230,0.0,0.0
37035093Z,4/8/2025,2002897,735,WALTON AVENUE,BRONX,204,CLASS - 2,28-302.4,,OPEN,230,0.0,0.0
37035094K,4/8/2025,2005291,861,EAST  167 STREET,BRONX,202,CLASS - 2,28-302.4,,OPEN,230,0.0,0.0
37035095M,4/8/2025,2013903,2396,MORRIS AVENUE,BRONX,205,CLASS - 2,28-302.4,,OPEN,230,0.0,0.0
37035096Y,4/8/2025,2049420,2150,WALLACE AVENUE,BRONX,211,CLASS - 2,28-302.4,,OPEN,230,0.0,0.0
37035097X,4/8/2025,2014580,2162,UNIVERSITY AVENUE,BRONX,205,CLASS - 2,28-302.4,,OPEN,230,0.0,0.0
37035098H,4/8/2025,2093291,2100,WALLACE AVENUE,BRONX,211,CLASS - 2,28-302.4,,OPEN,230,0.0,0.0
37035099J,4/8/2025,2063154,635,EAST  228 STREET,BRONX,212,CLASS - 2,28-302.4,,OPEN,230,0.0,0.0
37035100H,4/8/2025,2048824,2074,WALLACE AVENUE,BRONX,211,CLASS - 2,28-302.4,,OPEN,230,0.0,0.0
37035101J,4/8/2025,1091036,355,WEST   39 STREET,MANHATTAN,104,CLASS - 2,28-302.4,,OPEN,230,0.0,0.0
37035102L,4/8/2025,4000250,49-16,  11 STREET,QUEENS,402,CLASS - 2,28-302.4,,OPEN,230,0.0,0.0
37035104P,4/8/2025,2007560,236,MOUNT HOPE PLACE,BRONX,205,CLASS - 2,28-302.4,,OPEN,230,0.0,0.0
37035105R,4/8/2025,2008383,62,WEST TREMONT AVENUE,BRONX,205,CLASS - 2,28-302.4,,OPEN,230,0.0,0.0
37035106Z,4/8/2025,2002811,917,SHERIDAN AVENUE,BRONX,204,CLASS - 2,28-302.4,,OPEN,230,0.0,0.0
37035107K,4/8/2025,2002818,955,SHERIDAN AVENUE,BRONX,204,CLASS - 2,28-302.4,,OPEN,230,0.0,0.0
37035108M,4/8/2025,2002825,1001,SHERIDAN AVENUE,BRONX,204,CLASS - 2,28-302.4,,OPEN,230,0.0,0.0
37035110L,4/8/2025,2062882,4065,CARPENTER AVENUE,BRONX,212,CLASS - 2,28-302.4,,OPEN,230,0.0,0.0
37035111N,4/8/2025,2002897,735,WALTON AVENUE,BRONX,204,CLASS - 2,28-302.4,,OPEN,230,0.0,0.0
37035112P,4/8/2025,2009716,605,EAST  169 STREET,BRONX,203,CLASS - 2,28-302.4,,OPEN,230,0.0,0.0
37035113R,4/8/2025,2005456,931,EAST  163 STREET,BRONX,202,CLASS - 2,28-302.4,,OPEN,230,0.0,0.0
37035114Z,4/8/2025,2127129,600,BERGEN AVENUE,BRONX,201,CLASS - 2,28-302.4,,OPEN,230,0.0,0.0
37035115K,4/8/2025,2102399,2260,BARKER AVENUE,BRONX,211,CLASS - 2,28-302.4,,OPEN,230,0.0,0.0
37035116M,4/8/2025,2057274,3520,OLINVILLE AVENUE,BRONX,212,CLASS - 2,28-302.4,,OPEN,230,0.0,0.0
37035118X,4/8/2025,2017641,3053,VILLA AVENUE,BRONX,207,CLASS - 2,28-302.4,,OPEN,230,0.0,0.0
37035119H,4/8/2025,2017637,3081,VILLA AVENUE,BRONX,207,CLASS - 2,28-302.4,,OPEN,230,0.0,0.0
37035120P,4/8/2025,2048821,2075,WALLACE AVENUE,BRONX,211,CLASS - 2,28-302.4,,OPEN,230,0.0,0.0
37035121R,4/8/2025,2028977,2112,STARLING AVENUE,BRONX,209,CLASS - 2,28-302.4,,OPEN,230,0.0,0.0
37035122Z,4/8/2025,1038635,232,EAST   59 STREET,MANHATTAN,106,CLASS - 2,28-302.4,,OPEN,230,0.0,0.0
37035124M,4/8/2025,2050370,2211,THROOP AVENUE,BRONX,211,CLASS - 2,28-302.4,,OPEN,230,0.0,0.0
37035125Y,4/8/2025,4431307,33-52,  81 STREET,QUEENS,403,CLASS - 2,28-302.4,,OPEN,230,0.0,0.0
37035126X,4/8/2025,4431308,33-15,  80 STREET,QUEENS,403,CLASS - 2,28-302.4,,OPEN,230,0.0,0.0
37035127H,4/8/2025,4431310,33-39,  80 STREET,QUEENS,403,CLASS - 2,28-302.4,,OPEN,230,0.0,0.0
37035128J,4/8/2025,4431313,33-28,  81 STREET,QUEENS,403,CLASS - 2,28-302.4,,OPEN,230,0.0,0.0
37035129L,4/8/2025,4431314,33-40,  81 STREET,QUEENS,403,CLASS - 2,28-302.4,,OPEN,230,0.0,0.0
37035130Z,4/8/2025,2047065,2074,EASTCHESTER ROAD,BRONX,211,CLASS - 2,28-302.4,,OPEN,230,0.0,0.0
37035131K,4/8/2025,4431312,33-16,  81 STREET,QUEENS,403,CLASS - 2,28-302.4,,OPEN,230,0.0,0.0
37035132M,4/8/2025,4431309,33-27,  80 STREET,QUEENS,403,CLASS - 2,28-302.4,,OPEN,230,0.0,0.0
37035133Y,4/8/2025,4431311,33-51,  80 STREET,QUEENS,403,CLASS - 2,28-302.4,,OPEN,230,0.0,0.0
37035134X,4/8/2025,2049435,810,PELHAM PARKWAY,BRONX,211,CLASS - 2,28-302.4,,OPEN,230,0.0,0.0
37035135H,4/8/2025,2007545,1855,MONROE AVENUE,BRONX,205,CLASS - 2,28-302.4,,OPEN,230,0.0,0.0
37035136J,4/8/2025,2010993,2405,MARION AVENUE,BRONX,205,CLASS - 2,28-302.4,,OPEN,230,0.0,0.0
37035137L,4/8/2025,2050092,789,ASTOR AVENUE,BRONX,211,CLASS - 2,28-302.4,,OPEN,230,0.0,0.0
37035138N,4/8/2025,2053720,788,ARNOW AVENUE,BRONX,211,CLASS - 2,28-302.4,,OPEN,230,0.0,0.0
37035139P,4/8/2025,2053739,2707,BARNES AVENUE,BRONX,211,CLASS - 2,28-302.4,,OPEN,230,0.0,0.0
37035140M,4/8/2025,2053736,2723,BARNES AVENUE,BRONX,211,CLASS - 2,28-302.4,,OPEN,230,0.0,0.0
37035141Y,4/8/2025,2048830,2110,BARNES AVENUE,BRONX,211,CLASS - 2,28-302.4,,OPEN,230,0.0,0.0
37035142X,4/8/2025,2049434,2194,BARNES AVENUE,BRONX,211,CLASS - 2,28-302.4,,OPEN,230,0.0,0.0
37035143H,4/8/2025,2049423,780,PELHAM PARKWAY,BRONX,211,CLASS - 2,28-302.4,,OPEN,230,0.0,0.0
37035144J,4/8/2025,2014901,128,WEST  183 STREET,BRONX,207,CLASS - 2,28-302.4,,OPEN,230,0.0,0.0
37035145L,4/8/2025,2013139,915,EAST  179 STREET,BRONX,206,CLASS - 2,28-302.4,,OPEN,230,0.0,0.0
37035147P,4/8/2025,2008651,1419,JESUP AVENUE,BRONX,204,CLASS - 2,28-302.4,,OPEN,230,0.0,0.0
37035148R,4/8/2025,2049450,2196,MATTHEWS AVENUE,BRONX,211,CLASS - 2,28-302.4,,OPEN,230,0.0,0.0
37035149Z,4/8/2025,2048828,2064,BARNES AVENUE,BRONX,211,CLASS - 2,28-302.4,,OPEN,230,0.0,0.0
37035151H,4/8/2025,2047831,2105,BURR AVENUE,BRONX,210,CLASS - 2,28-302.4,,OPEN,230,0.0,0.0
37035152J,4/8/2025,2023938,1154,WARD AVENUE,BRONX,209,CLASS - 2,28-302.4,,OPEN,230,0.0,0.0
37035153L,4/8/2025,2024208,1755,WATSON AVENUE,BRONX,209,CLASS - 2,28-302.4,,OPEN,230,0.0,0.0
37035154N,4/8/2025,2023964,1581,WATSON AVENUE,BRONX,209,CLASS - 2,28-302.4,,OPEN,230,0.0,0.0
37035155P,4/8/2025,2023922,1101,MANOR AVENUE,BRONX,209,CLASS - 2,28-302.4,,OPEN,230,0.0,0.0
37035157Z,4/8/2025,2002821,183,EAST  163 STREET,BRONX,204,CLASS - 2,28-302.4,,OPEN,230,0.0,0.0
37035159M,4/8/2025,2046146,3070,ROBERTS AVENUE,BRONX,210,CLASS - 2,28-302.4,,OPEN,230,0.0,0.0
37035161L,4/8/2025,2023923,1114,WARD AVENUE,BRONX,209,CLASS - 2,28-302.4,,OPEN,230,0.0,0.0
37035162N,4/8/2025,2047812,1874,PELHAM PARKWAY,BRONX,210,CLASS - 2,28-302.4,,OPEN,230,0.0,0.0
37035163P,4/8/2025,2046183,1610,MAHAN AVENUE,BRONX,210,CLASS - 2,28-302.4,,OPEN,230,0.0,0.0
37035165Z,4/8/2025,2047827,2116,COLONIAL AVENUE,BRONX,210,CLASS - 2,28-302.4,,OPEN,230,0.0,0.0
37035166K,4/8/2025,2074929,3321,BRUCKNER BOULEVARD,BRONX,210,CLASS - 2,28-302.4,,OPEN,230,0.0,0.0
37035167M,4/8/2025,2026146,2010,POWELL AVENUE,BRONX,209,CLASS - 2,28-302.4,,OPEN,230,0.0,0.0
37035168Y,4/8/2025,2003187,957,WOODYCREST AVENUE,BRONX,204,CLASS - 2,28-302.4,,OPEN,230,0.0,0.0
37035169X,4/8/2025,2025881,1211,PUGSLEY AVENUE,BRONX,209,CLASS - 2,28-302.4,,OPEN,230,0.0,0.0
37035170N,4/8/2025,1813886,877,GRESHAM ROAD,MANHATTAN,101,CLASS - 2,28-302.4,,OPEN,230,0.0,0.0
37035173Z,4/8/2025,3343250,760,ELDERT LANE,BROOKLYN,305,CLASS - 2,28-302.4,,OPEN,230,0.0,0.0
37035174K,4/8/2025,3343256,735,LINCOLN AVENUE,BROOKLYN,305,CLASS - 2,28-302.4,,OPEN,230,0.0,0.0
37035175M,4/8/2025,3343260,765,LINCOLN AVENUE,BROOKLYN,305,CLASS - 2,28-302.4,,OPEN,230,0.0,0.0
37035176Y,4/8/2025,3343253,790,ELDERT LANE,BROOKLYN,305,CLASS - 2,28-302.4,,OPEN,230,0.0,0.0
39073234N,11/2/2022,2010247,1384,BRISTOW STREET,BRONX,203,CLASS - 1,AC    28-302.1,Failure to Maintain Building Walls,OPEN,104,0.0,0.0
39073852K,11/14/2022,2005012,830,EAST  163 STREET,BRONX,203,CLASS - 1,AC    28-302.1,Failure to Maintain Building Walls,OPEN,104,0.0,0.0
39073925M,11/15/2022,3063555,83,SOUTH    6 STREET,BROOKLYN,301,CLASS - 1,AC    28-302.1,Failure to Maintain Building Walls,OPEN,104,0.0,0.0
39074739N,11/30/2022,4195039,87-34, 116 STREET,QUEENS,409,CLASS - 1,AC    28-302.1,Failure to Maintain Building Walls,OPEN,104,0.0,0.0
39074910Y,12/1/2022,3053382,133,MAC DONOUGH STREET,BROOKLYN,303,CLASS - 1,AC    28-302.1,Failure to Maintain Building Walls,OPEN,104,0.0,0.0
39075305K,12/8/2022,4184145,91-48,  88 ROAD,QUEENS,409,CLASS - 1,AC    28-302.1,Failure to Maintain Building Walls,OPEN,104,0.0,0.0
39076556J,12/28/2022,3396920,3364,GUIDER AVENUE,BROOKLYN,313,CLASS - 1,AC    28-302.1,Failure to Maintain Building Walls,OPEN,104,0.0,0.0
39076845X,1/3/2023,3152095,8201,   4 AVENUE,BROOKLYN,310,CLASS - 1,AC    28-302.1,Failure to Maintain Building Walls,OPEN,104,0.0,0.0
39077205M,1/6/2023,3100456,236,EAST   92 STREET,BROOKLYN,317,CLASS - 1,AC    28-302.1,Failure to Maintain Building Walls,OPEN,104,0.0,0.0
39077208H,1/6/2023,4459158,330,BEACH   66 STREET,QUEENS,414,CLASS - 1,AC    28-302.1,Failure to Maintain Building Walls,OPEN,104,0.0,0.0
39077385Z,1/10/2023,3188356,3821,LYME AVENUE,BROOKLYN,313,CLASS - 1,AC    28-302.1,Failure to Maintain Building Walls,OPEN,104,0.0,0.0
39077946J,1/18/2023,4208274,85-36, 150 STREET,QUEENS,408,CLASS - 1,AC    28-302.1,Failure to Maintain Building Walls,OPEN,104,0.0,0.0
39078550H,1/27/2023,4207126,150-02,  88 AVENUE,QUEENS,412,CLASS - 1,AC    28-302.1,Failure to Maintain Building Walls,OPEN,104,0.0,0.0
39078594J,1/27/2023,4192752,119-37,METROPOLITAN AVENUE,QUEENS,409,CLASS - 1,AC    28-302.1,Failure to Maintain Building Walls,OPEN,104,0.0,0.0
39078602K,1/27/2023,3179165,1280,OCEAN AVENUE,BROOKLYN,314,CLASS - 1,AC    28-302.1,Failure to Maintain Building Walls,OPEN,104,0.0,0.0
39079343J,2/8/2023,3056174,117,GATES AVENUE,BROOKLYN,302,CLASS - 1,AC    28-302.1,Failure to Maintain Building Walls,OPEN,104,0.0,0.0
39079593M,2/13/2023,3026228,161,PROSPECT PARK WEST,BROOKLYN,306,CLASS - 1,AC    28-302.1,Failure to Maintain Building Walls,OPEN,104,0.0,0.0
39079719Z,2/14/2023,2013107,840,BRONX PARK SOUTH,BRONX,206,CLASS - 1,AC    28-302.1,Failure to Maintain Building Walls,OPEN,104,0.0,0.0
39079902R,2/17/2023,2092671,2070,SEWARD AVENUE,BRONX,209,CLASS - 1,AC    28-302.1,Failure to Maintain Building Walls,OPEN,104,0.0,0.0
39080182X,2/16/2023,3084620,469,ALABAMA AVENUE,BROOKLYN,305,CLASS - 1,AC    28-302.1,Failure to Maintain Building Walls,OPEN,104,0.0,0.0
39080453Z,2/22/2023,3051640,252,MADISON STREET,BROOKLYN,303,CLASS - 1,AC    28-302.1,Failure to Maintain Building Walls,OPEN,104,0.0,0.0
39080750P,3/5/2023,2103168,1340,OGDEN AVENUE,BRONX,204,CLASS - 1,AC    28-302.1,Failure to Maintain Building Walls,OPEN,104,0.0,0.0
39081615R,3/16/2023,4089308,66-02,CENTRAL AVENUE,QUEENS,405,CLASS - 1,AC    28-302.1,Failure to Maintain Building Walls,OPEN,104,0.0,0.0
39081855X,3/21/2023,1005130,526,EAST   11 STREET,MANHATTAN,103,CLASS - 1,AC    28-302.1,Failure to Maintain Building Walls,OPEN,104,0.0,0.0
39081880H,3/21/2023,3012369,674,  47 STREET,BROOKLYN,307,CLASS - 1,AC    28-302.1,Failure to Maintain Building Walls,OPEN,104,0.0,0.0
39082030X,3/22/2023,1058485,212,ST NICHOLAS AVENUE,MANHATTAN,110,CLASS - 1,AC    28-302.1,Failure to Maintain Building Walls,OPEN,104,0.0,0.0
39082116R,3/23/2023,2003857,327,CONCORD AVENUE,BRONX,201,CLASS - 1,AC    28-302.1,Failure to Maintain Building Walls,OPEN,104,0.0,0.0
39082191R,3/24/2023,3039004,408,HOWARD AVENUE,BROOKLYN,316,CLASS - 1,AC    28-302.1,Failure to Maintain Building Walls,OPEN,104,0.0,0.0
39082282M,3/26/2023,2004699,851,TINTON AVENUE,BRONX,201,CLASS - 1,AC    28-302.1,Failure to Maintain Building Walls,OPEN,104,0.0,0.0
39082550J,3/29/2023,3081479,214,TAPSCOTT STREET,BROOKLYN,316,CLASS - 1,AC    28-302.1,Failure to Maintain Building Walls,OPEN,104,0.0,0.0
39082763N,3/31/2023,3245098,3091,BRIGHTON    5 STREET,BROOKLYN,313,CLASS - 1,AC    28-302.1,Failure to Maintain Building Walls,OPEN,104,0.0,0.0
39082988Y,4/4/2023,2014203,2200,GRAND AVENUE,BRONX,205,CLASS - 1,AC    28-302.1,Failure to Maintain Building Walls,OPEN,104,0.0,0.0
39083032Y,4/5/2023,3037375,1181,EASTERN PARKWAY,BROOKLYN,308,CLASS - 1,AC    28-302.1,Failure to Maintain Building Walls,OPEN,104,0.0,0.0
39083802L,4/14/2023,1038671,310,EAST   44 STREET,MANHATTAN,106,CLASS - 1,AC    28-302.1,Failure to Maintain Building Walls,OPEN,104,0.0,0.0
39083964Y,4/17/2023,1003803,40,CANAL STREET,MANHATTAN,103,CLASS - 1,AC    28-302.1,Failure to Maintain Building Walls,OPEN,104,0.0,0.0
39084254Y,4/20/2023,3029542,832,WASHINGTON AVENUE,BROOKLYN,308,CLASS - 1,AC    28-302.1,Failure to Maintain Building Walls,OPEN,104,0.0,0.0
39084364P,4/21/2023,1063347,115,FORT WASHINGTON AVENUE,MANHATTAN,112,CLASS - 1,AC    28-302.1,Failure to Maintain Building Walls,OPEN,104,0.0,0.0
39084586K,4/25/2023,3148355,7427,   5 AVENUE,BROOKLYN,310,CLASS - 1,AC    28-302.1,Failure to Maintain Building Walls,OPEN,104,0.0,0.0
39084838H,4/27/2023,5176896,126,SIMONSON AVENUE,STATEN ISLAND,501,CLASS - 1,AC    28-302.1,Failure to Maintain Building Walls,OPEN,104,0.0,0.0
39085038Y,4/30/2023,2013541,2085,VALENTINE AVENUE,BRONX,205,CLASS - 1,AC    28-302.1,Failure to Maintain Building Walls,OPEN,104,0.0,0.0
39085039X,4/30/2023,2013525,2080,RYER AVENUE,BRONX,205,CLASS - 1,AC    28-302.1,Failure to Maintain Building Walls,OPEN,104,0.0,0.0
39085043Z,4/30/2023,2013529,2088,RYER AVENUE,BRONX,205,CLASS - 1,AC    28-302.1,Failure to Maintain Building Walls,OPEN,104,0.0,0.0
39085186X,5/2/2023,4035462,34-20,  83 STREET,QUEENS,403,CLASS - 1,AC    28-302.1,Failure to Maintain Building Walls,OPEN,104,0.0,0.0
39085373L,5/3/2023,2045594,1803,HAIGHT AVENUE,BRONX,211,CLASS - 1,AC    28-302.1,Failure to Maintain Building Walls,OPEN,104,0.0,0.0
39085424M,5/3/2023,2008619,1975,GRAND AVENUE,BRONX,205,CLASS - 1,AC    28-302.1,Failure to Maintain Building Walls,OPEN,104,0.0,0.0
39085524J,5/4/2023,3017864,665,  40 STREET,BROOKLYN,307,CLASS - 1,AC    28-302.1,Failure to Maintain Building Walls,OPEN,104,0.0,0.0
39085527P,5/4/2023,3017863,667,  40 STREET,BROOKLYN,307,CLASS - 1,AC    28-302.1,Failure to Maintain Building Walls,OPEN,104,0.0,0.0
39085634K,5/4/2023,3017882,669,  40 STREET,BROOKLYN,307,CLASS - 1,AC    28-302.1,Failure to Maintain Building Walls,OPEN,104,0.0,0.0
39085677K,5/5/2023,4209093,162-19,HILLSIDE AVENUE,QUEENS,408,CLASS - 1,AC    28-302.1,Failure to Maintain Building Walls,OPEN,104,0.0,0.0
39085808L,5/8/2023,3024688,73,   8 AVENUE,BROOKLYN,306,CLASS - 1,AC    28-302.1,Failure to Maintain Building Walls,OPEN,104,0.0,0.0
39085884N,5/9/2023,3056519,451,CLASSON AVENUE,BROOKLYN,303,CLASS - 1,AC    28-302.1,Failure to Maintain Building Walls,OPEN,104,0.0,0.0
39085978Y,5/10/2023,3030014,1173,DEAN STREET,BROOKLYN,308,CLASS - 1,AC    28-302.1,Failure to Maintain Building Walls,OPEN,104,0.0,0.0
39086119K,5/11/2023,3063547,111,SOUTH    6 STREET,BROOKLYN,301,CLASS - 1,AC    28-302.1,Failure to Maintain Building Walls,OPEN,104,0.0,0.0
39086137Y,5/11/2023,3337249,506,  51 STREET,BROOKLYN,307,CLASS - 1,AC    28-302.1,Failure to Maintain Building Walls,OPEN,104,0.0,0.0
39086195M,5/12/2023,4532908,107-40, 132 STREET,QUEENS,410,CLASS - 1,AC    28-302.1,Failure to Maintain Building Walls,OPEN,104,0.0,0.0
39086543J,5/17/2023,1022610,1500,BROADWAY,MANHATTAN,105,CLASS - 1,AC    28-302.1,Failure to Maintain Building Walls,OPEN,104,0.0,0.0
39086709K,5/19/2023,3058535,229,DEKALB AVENUE,BROOKLYN,302,CLASS - 1,AC    28-302.1,Failure to Maintain Building Walls,OPEN,104,0.0,0.0
39086803R,5/22/2023,1054960,19,ST NICHOLAS AVENUE,MANHATTAN,110,CLASS - 1,AC    28-302.1,Failure to Maintain Building Walls,OPEN,104,0.0,0.0
39086902M,5/23/2023,3006463,213,BUTLER STREET,BROOKLYN,306,CLASS - 1,AC    28-302.1,Failure to Maintain Building Walls,OPEN,104,0.0,0.0
39087294M,5/30/2023,3055239,930,BEDFORD AVENUE,BROOKLYN,303,CLASS - 1,AC    28-302.1,Failure to Maintain Building Walls,OPEN,104,0.0,0.0
39087308Y,5/30/2023,3043383,145,LEWIS AVENUE,BROOKLYN,303,CLASS - 1,AC    28-302.1,Failure to Maintain Building Walls,OPEN,104,0.0,0.0
39088650Y,6/15/2023,3329346,2527,BOARDWALK,BROOKLYN,313,CLASS - 1,AC    28-302.1,Failure to Maintain Building Walls,OPEN,104,0.0,0.0
39088738Z,6/19/2023,2083553,222,WEST  233 STREET,BRONX,208,CLASS - 1,AC    28-302.1,Failure to Maintain Building Walls,OPEN,104,0.0,0.0
39088798K,6/20/2023,3085570,624,RIVERDALE AVENUE,BROOKLYN,305,CLASS - 1,AC    28-302.1,Failure to Maintain Building Walls,OPEN,104,0.0,0.0
39089240X,6/27/2023,3008633,92,DIKEMAN STREET,BROOKLYN,306,CLASS - 1,AC    28-302.1,Failure to Maintain Building Walls,OPEN,104,0.0,0.0
39089271Z,6/27/2023,3063366,329,SOUTH    4 STREET,BROOKLYN,301,CLASS - 1,AC    28-302.1,Failure to Maintain Building Walls,OPEN,104,0.0,0.0
39089397Y,6/28/2023,1060089,103,WEST  141 STREET,MANHATTAN,110,CLASS - 1,AC    28-302.1,Failure to Maintain Building Walls,OPEN,104,0.0,0.0
39089520K,6/30/2023,4304877,131,BEACH  119 STREET,QUEENS,414,CLASS - 1,AC    28-302.1,Failure to Maintain Building Walls,OPEN,104,0.0,0.0
39089545R,6/30/2023,3044060,635A,LEXINGTON AVENUE,BROOKLYN,303,CLASS - 1,AC    28-302.1,Failure to Maintain Building Walls,OPEN,104,0.0,0.0
39089687M,7/5/2023,1054021,1,EAST  124 STREET,MANHATTAN,111,CLASS - 1,AC    28-302.1,Failure to Maintain Building Walls,OPEN,104,0.0,0.0
39089744J,7/6/2023,4003164,43-02,  36 STREET,QUEENS,402,CLASS - 1,AC    28-302.1,Failure to Maintain Building Walls,OPEN,104,0.0,0.0
39089745L,7/6/2023,1016016,54,WEST   39 STREET,MANHATTAN,105,CLASS - 1,AC    28-302.1,Failure to Maintain Building Walls,OPEN,104,0.0,0.0
39089790K,7/6/2023,3134079,2174,  65 STREET,BROOKLYN,311,CLASS - 1,AC    28-302.1,Failure to Maintain Building Walls,OPEN,104,0.0,0.0
39089928Y,7/10/2023,3076494,1542,GATES AVENUE,BROOKLYN,304,CLASS - 1,AC    28-302.1,Failure to Maintain Building Walls,OPEN,104,0.0,0.0
39090099Y,7/12/2023,3330103,34,MAUJER STREET,BROOKLYN,301,CLASS - 1,AC    28-302.1,Failure to Maintain Building Walls,OPEN,104,0.0,0.0
39090777Y,7/22/2023,4009387,25-90,  35 STREET,QUEENS,401,CLASS - 1,AC    28-302.1,Failure to Maintain Building Walls,OPEN,104,0.0,0.0
39091160Z,7/27/2023,3125878,1529,  39 STREET,BROOKLYN,312,CLASS - 1,AC    28-302.1,Failure to Maintain Building Walls,OPEN,104,0.0,0.0
39091694N,8/2/2023,3076192,347,LINDEN STREET,BROOKLYN,304,CLASS - 1,AC    28-302.1,Failure to Maintain Building Walls,OPEN,104,0.0,0.0
39092013N,8/7/2023,1064265,716,WEST  180 STREET,MANHATTAN,112,CLASS - 1,AC    28-302.1,Failure to Maintain Building Walls,OPEN,104,0.0,0.0
39092040Z,7/31/2023,4113236,148-09,NORTHERN BOULEVARD,QUEENS,407,CLASS - 1,AC    28-302.1,Failure to Maintain Building Walls,OPEN,104,0.0,0.0
39092243Z,8/9/2023,1007129,354,BROOME STREET,MANHATTAN,102,CLASS - 1,AC    28-302.1,Failure to Maintain Building Walls,OPEN,104,0.0,0.0
39092278Z,8/10/2023,2092324,2144,PROSPECT AVENUE,BRONX,206,CLASS - 1,AC    28-302.1,Failure to Maintain Building Walls,OPEN,104,0.0,0.0
39093097Y,8/22/2023,2009945,1790,CLINTON AVENUE,BRONX,206,CLASS - 1,AC    28-302.1,Failure to Maintain Building Walls,OPEN,104,0.0,0.0
39094181L,9/6/2023,4004962,40-20,  23 STREET,QUEENS,401,CLASS - 1,AC    28-302.1,Failure to Maintain Building Walls,OPEN,104,0.0,0.0
39094441Z,9/8/2023,1054514,201,EAST  118 STREET,MANHATTAN,111,CLASS - 1,AC    28-302.1,Failure to Maintain Building Walls,OPEN,104,0.0,0.0
39094665H,9/12/2023,3150630,59,  80 STREET,BROOKLYN,310,CLASS - 1,AC    28-302.1,Failure to Maintain Building Walls,OPEN,104,0.0,0.0
39095119P,9/19/2023,3060548,148,LEE AVENUE,BROOKLYN,301,CLASS - 1,AC    28-302.1,Failure to Maintain Building Walls,OPEN,104,0.0,0.0
39095305Z,9/20/2023,2008131,1517,WALTON AVENUE,BRONX,204,CLASS - 1,AC    28-302.1,Failure to Maintain Building Walls,OPEN,104,0.0,0.0
39095379L,9/20/2023,1054729,300,EAST  119 STREET,MANHATTAN,111,CLASS - 1,AC    28-302.1,Failure to Maintain Building Walls,OPEN,104,0.0,0.0
39095683X,9/25/2023,2008217,65,EAST  175 STREET,BRONX,205,CLASS - 1,AC    28-302.1,Failure to Maintain Building Walls,OPEN,104,0.0,0.0
39096393M,10/4/2023,3336360,497,COURT STREET,BROOKLYN,306,CLASS - 1,AC    28-302.1,Failure to Maintain Building Walls,OPEN,104,0.0,0.0
39097128X,10/16/2023,2001296,494,EAST  167 STREET,BRONX,203,CLASS - 1,AC    28-302.1,Failure to Maintain Building Walls,OPEN,104,0.0,0.0
39097919M,10/25/2023,3050765,403,QUINCY STREET,BROOKLYN,303,CLASS - 1,AC    28-302.1,Failure to Maintain Building Walls,OPEN,104,0.0,0.0
39098341J,10/31/2023,3035257,150,LEFFERTS AVENUE,BROOKLYN,309,CLASS - 1,AC    28-302.1,Failure to Maintain Building Walls,OPEN,104,0.0,0.0
39098444M,10/31/2023,1054641,247,EAST  123 STREET,MANHATTAN,111,CLASS - 1,AC    28-302.1,Failure to Maintain Building Walls,OPEN,104,0.0,0.0
39099144P,11/13/2023,3081479,214,TAPSCOTT STREET,BROOKLYN,316,CLASS - 1,AC    28-302.1,Failure to Maintain Building Walls,OPEN,104,0.0,0.0
39099640Y,11/16/2023,3036891,1598,STERLING PLACE,BROOKLYN,308,CLASS - 1,AC    28-302.1,Failure to Maintain Building Walls,OPEN,104,0.0,0.0
39099697P,11/19/2023,4219357,174-23,ADELAIDE ROAD,QUEENS,412,CLASS - 1,AC    28-302.1,Failure to Maintain Building Walls,OPEN,104,0.0,0.0
39099725N,11/20/2023,3081479,214,TAPSCOTT STREET,BROOKLYN,316,CLASS - 1,AC    28-302.1,Failure to Maintain Building Walls,OPEN,104,0.0,0.0
39099793P,11/20/2023,2025341,1254,MANOR AVENUE,BRONX,209,CLASS - 1,AC    28-302.1,Failure to Maintain Building Walls,OPEN,104,0.0,0.0
39099861H,11/21/2023,3118755,370,EAST   17 STREET,BROOKLYN,314,CLASS - 1,AC    28-302.1,Failure to Maintain Building Walls,OPEN,104,0.0,0.0
39100600P,12/4/2023,2003381,1390,OGDEN AVENUE,BRONX,204,CLASS - 1,AC    28-302.1,Failure to Maintain Building Walls,OPEN,104,0.0,0.0
39100675J,12/5/2023,4437698,614,WOODWARD AVENUE,QUEENS,405,CLASS - 1,AC    28-302.1,Failure to Maintain Building Walls,OPEN,104,0.0,0.0
39100723P,12/5/2023,2002438,1229,COLLEGE AVENUE,BRONX,204,CLASS - 1,AC    28-302.1,Failure to Maintain Building Walls,OPEN,104,0.0,0.0
39101266N,12/13/2023,4037278,42-15,LAYTON STREET,QUEENS,404,CLASS - 1,AC    28-302.1,Failure to Maintain Building Walls,OPEN,104,0.0,0.0
39101335H,12/13/2023,1028606,55,WEST   71 STREET,MANHATTAN,107,CLASS - 1,AC    28-302.1,Failure to Maintain Building Walls,OPEN,104,0.0,0.0
39101573N,12/15/2023,2015514,2785,SEDGWICK AVENUE,BRONX,208,CLASS - 1,AC    28-302.1,Failure to Maintain Building Walls,OPEN,104,0.0,0.0
39101585K,12/15/2023,3391363,365,ESSEX STREET,BROOKLYN,305,CLASS - 1,AC    28-302.1,Failure to Maintain Building Walls,OPEN,104,0.0,0.0
39101645N,12/18/2023,3053626,1505,FULTON STREET,BROOKLYN,303,CLASS - 1,AC    28-302.1,Failure to Maintain Building Walls,OPEN,104,0.0,0.0
39101658M,12/18/2023,3135889,1246,  42 STREET,BROOKLYN,312,CLASS - 1,AC    28-302.1,Failure to Maintain Building Walls,OPEN,104,0.0,0.0
39101725N,12/18/2023,3041069,161,SARATOGA AVENUE,BROOKLYN,316,CLASS - 1,AC    28-302.1,Failure to Maintain Building Walls,OPEN,104,0.0,0.0
39101730H,12/18/2023,1080576,115,   7 AVENUE,MANHATTAN,104,CLASS - 1,AC    28-302.1,Failure to Maintain Building Walls,OPEN,104,0.0,0.0
39101813N,12/19/2023,4472577,90-11 GARAGE,  53 AVENUE,QUEENS,404,CLASS - 1,AC    28-302.1,Failure to Maintain Building Walls,OPEN,104,0.0,0.0
39101925H,12/20/2023,1053932,33,WEST  138 STREET,MANHATTAN,110,CLASS - 1,AC    28-302.1,Failure to Maintain Building Walls,OPEN,104,0.0,0.0
39102177X,12/23/2023,3030616,575,ST MARKS AVENUE,BROOKLYN,308,CLASS - 1,AC    28-302.1,Failure to Maintain Building Walls,OPEN,104,0.0,0.0
39102194H,12/26/2023,1057311,312,WEST  109 STREET,MANHATTAN,107,CLASS - 1,AC    28-302.1,Failure to Maintain Building Walls,OPEN,104,0.0,0.0
39102199R,12/26/2023,3154213,8802,   5 AVENUE,BROOKLYN,310,CLASS - 1,AC    28-302.1,Failure to Maintain Building Walls,OPEN,104,0.0,0.0
39102231H,12/27/2023,2007354,1685,TOPPING AVENUE,BRONX,204,CLASS - 1,AC    28-302.1,Failure to Maintain Building Walls,OPEN,104,0.0,0.0
39102510K,12/30/2023,2002848,1227,GRAND CONCOURSE,BRONX,204,CLASS - 1,AC    28-302.1,Failure to Maintain Building Walls,OPEN,104,0.0,0.0
39102764K,1/4/2024,3337955,1,LEWIS AVENUE,BROOKLYN,303,CLASS - 1,AC    28-302.1,Failure to Maintain Building Walls,OPEN,104,0.0,0.0
39102891N,1/4/2024,3337954,874,BROADWAY,BROOKLYN,303,CLASS - 1,AC    28-302.1,Failure to Maintain Building Walls,OPEN,104,0.0,0.0
39103304Y,1/11/2024,3057435,1161,FULTON STREET,BROOKLYN,303,CLASS - 1,AC    28-302.1,Failure to Maintain Building Walls,OPEN,104,0.0,0.0
39103679K,1/18/2024,3062888,330,WYTHE AVENUE,BROOKLYN,301,CLASS - 1,AC    28-302.1,Failure to Maintain Building Walls,OPEN,104,0.0,0.0
39103926Z,1/22/2024,2013850,2192,MORRIS AVENUE,BRONX,205,CLASS - 1,AC    28-302.1,Failure to Maintain Building Walls,OPEN,104,0.0,0.0
39104187Z,1/24/2024,3041698,103,HULL STREET,BROOKLYN,316,CLASS - 1,AC    28-302.1,Failure to Maintain Building Walls,OPEN,104,0.0,0.0
39104211J,1/24/2024,1052403,212,EAST  105 STREET,MANHATTAN,111,CLASS - 1,AC    28-302.1,Failure to Maintain Building Walls,OPEN,104,0.0,0.0
39104227Y,1/24/2024,3041999,2057,FULTON STREET,BROOKLYN,316,CLASS - 1,AC    28-302.1,Failure to Maintain Building Walls,OPEN,104,0.0,0.0
39104313K,1/25/2024,3035756,141,ALBANY AVENUE,BROOKLYN,308,CLASS - 1,AC    28-302.1,Failure to Maintain Building Walls,OPEN,104,0.0,0.0
39104383X,1/26/2024,3097067,851,HEGEMAN AVENUE,BROOKLYN,305,CLASS - 1,AC    28-302.1,Failure to Maintain Building Walls,OPEN,104,0.0,0.0
39105237M,2/5/2024,3062861,430,GRAND STREET,BROOKLYN,301,CLASS - 1,AC    28-302.1,Failure to Maintain Building Walls,OPEN,104,0.0,0.0
39105520H,2/7/2024,3086212,220,HIGHLAND BOULEVARD,BROOKLYN,305,CLASS - 1,AC    28-302.1,Failure to Maintain Building Walls,OPEN,104,0.0,0.0
39105734N,2/9/2024,3117611,672,OCEAN AVENUE,BROOKLYN,314,CLASS - 1,AC    28-302.1,Failure to Maintain Building Walls,OPEN,104,0.0,0.0
39105931M,2/13/2024,1045895,427,EAST   74 STREET,MANHATTAN,108,CLASS - 1,AC    28-302.1,Failure to Maintain Building Walls,OPEN,104,0.0,0.0
39106243N,2/16/2024,4249430,109-02,LEFFERTS BOULEVARD,QUEENS,410,CLASS - 1,AC    28-302.1,Failure to Maintain Building Walls,OPEN,104,0.0,0.0
39106294N,2/20/2024,4035144,33-53,  82 STREET,QUEENS,403,CLASS - 1,AC    28-302.1,Failure to Maintain Building Walls,OPEN,104,0.0,0.0
39106405R,2/20/2024,1061859,1658,AMSTERDAM AVENUE,MANHATTAN,109,CLASS - 1,AC    28-302.1,Failure to Maintain Building Walls,OPEN,104,0.0,0.0
39106520M,2/21/2024,3088574,619,GLENMORE AVENUE,BROOKLYN,305,CLASS - 1,AC    28-302.1,Failure to Maintain Building Walls,OPEN,104,0.0,0.0
39106938J,12/19/2023,4472576,90-15 GARAGE,  53 AVENUE,QUEENS,404,CLASS - 1,AC    28-302.1,Failure to Maintain Building Walls,OPEN,104,0.0,0.0
39107696K,3/5/2024,4192753,119-21,METROPOLITAN AVENUE,QUEENS,409,CLASS - 1,AC    28-302.1,Failure to Maintain Building Walls,OPEN,104,0.0,0.0
39107721N,3/5/2024,3041012,316,CHAUNCEY STREET,BROOKLYN,303,CLASS - 1,AC    28-302.1,Failure to Maintain Building Walls,OPEN,104,0.0,0.0
39107953M,3/6/2024,4192753,119-21,METROPOLITAN AVENUE,QUEENS,409,CLASS - 1,AC    28-302.1,Failure to Maintain Building Walls,OPEN,104,0.0,0.0
39108072R,3/7/2024,4436341,170-30, 130 AVENUE,QUEENS,412,CLASS - 1,AC    28-302.1,Failure to Maintain Building Walls,OPEN,104,0.0,0.0
39108087J,3/7/2024,4219357,174-23,ADELAIDE ROAD,QUEENS,412,CLASS - 1,AC    28-302.1,Failure to Maintain Building Walls,OPEN,104,0.0,0.0
39108095J,3/7/2024,3074129,201,WILSON AVENUE,BROOKLYN,304,CLASS - 1,AC    28-302.1,Failure to Maintain Building Walls,OPEN,104,0.0,0.0
39108283R,3/11/2024,3088714,372,SHEPHERD AVENUE,BROOKLYN,305,CLASS - 1,AC    28-302.1,Failure to Maintain Building Walls,OPEN,104,0.0,0.0
39108320R,3/11/2024,3113855,3415,FARRAGUT ROAD,BROOKLYN,317,CLASS - 1,AC    28-302.1,Failure to Maintain Building Walls,OPEN,104,0.0,0.0
39108664K,3/13/2024,2015580,2875,SEDGWICK AVENUE,BRONX,208,CLASS - 1,AC    28-302.1,Failure to Maintain Building Walls,OPEN,104,0.0,0.0
39108809M,3/14/2024,3100547,1052,WINTHROP STREET,BROOKLYN,317,CLASS - 1,AC    28-302.1,Failure to Maintain Building Walls,OPEN,104,0.0,0.0
39108814R,3/14/2024,2013427,2302,VALENTINE AVENUE,BRONX,205,CLASS - 1,AC    28-302.1,Failure to Maintain Building Walls,OPEN,104,0.0,0.0
39108960P,3/15/2024,3088714,777,GLENMORE AVENUE,BROOKLYN,305,CLASS - 1,AC    28-302.1,Failure to Maintain Building Walls,OPEN,104,0.0,0.0
39109258J,3/19/2024,3036842,1371,ST JOHNS PLACE,BROOKLYN,308,CLASS - 1,AC    28-302.1,Failure to Maintain Building Walls,OPEN,104,0.0,0.0
39109440X,3/21/2024,4000320,10-49,  47 ROAD,QUEENS,402,CLASS - 1,AC    28-302.1,Failure to Maintain Building Walls,OPEN,104,0.0,0.0
39109657R,3/22/2024,5003162,74,RIDGEWOOD PLACE,STATEN ISLAND,501,CLASS - 1,AC    28-302.1,Failure to Maintain Building Walls,OPEN,104,0.0,0.0
39109780M,3/25/2024,1026965,515,WEST   46 STREET,MANHATTAN,104,CLASS - 1,AC    28-302.1,Failure to Maintain Building Walls,OPEN,104,0.0,0.0
39109891P,3/26/2024,3205818,109,AMERSFORT PLACE,BROOKLYN,314,CLASS - 1,AC    28-302.1,Failure to Maintain Building Walls,OPEN,104,0.0,0.0
39110086K,3/27/2024,1019087,121,EAST   37 STREET,MANHATTAN,106,CLASS - 1,AC    28-302.1,Failure to Maintain Building Walls,OPEN,104,0.0,0.0
39110184Y,3/28/2024,3033471,991,CARROLL STREET,BROOKLYN,309,CLASS - 1,AC    28-302.1,Failure to Maintain Building Walls,OPEN,104,0.0,0.0
39110208J,3/28/2024,3100334,79,EAST   54 STREET,BROOKLYN,317,CLASS - 1,AC    28-302.1,Failure to Maintain Building Walls,OPEN,104,0.0,0.0
39110240J,3/28/2024,3068291,366,MANHATTAN AVENUE,BROOKLYN,301,CLASS - 1,AC    28-302.1,Failure to Maintain Building Walls,OPEN,104,0.0,0.0
39110594R,3/19/2024,2002673,1175,GRANT AVENUE,BRONX,204,CLASS - 1,AC    28-302.1,Failure to Maintain Building Walls,OPEN,104,0.0,0.0
39110719L,4/3/2024,5012234,305,LIVERMORE AVENUE,STATEN ISLAND,501,CLASS - 1,AC    28-302.1,Failure to Maintain Building Walls,OPEN,104,0.0,0.0
39110771Z,4/4/2024,4301609,211,BEACH   30 STREET,QUEENS,414,CLASS - 1,AC    28-302.1,Failure to Maintain Building Walls,OPEN,104,0.0,0.0
39110820X,4/4/2024,4298336,18-15,EVERDELL AVENUE,QUEENS,414,CLASS - 1,AC    28-302.1,Failure to Maintain Building Walls,OPEN,104,0.0,0.0
39110957R,4/5/2024,2015418,2856,WEBB AVENUE,BRONX,208,CLASS - 1,AC    28-302.1,Failure to Maintain Building Walls,OPEN,104,0.0,0.0
39111081X,4/8/2024,1062307,626,RIVERSIDE DRIVE,MANHATTAN,109,CLASS - 1,AC    28-302.1,Failure to Maintain Building Walls,OPEN,104,0.0,0.0
39111150K,4/9/2024,3043001,117,MARCUS GARVEY BOULEVARD,BROOKLYN,303,CLASS - 1,AC    28-302.1,Failure to Maintain Building Walls,OPEN,104,0.0,0.0
39111169K,4/9/2024,3007587,306,CARROLL STREET,BROOKLYN,306,CLASS - 1,AC    28-302.1,Failure to Maintain Building Walls,OPEN,104,0.0,0.0
39111181N,4/9/2024,4053333,50-23,  47 STREET,QUEENS,402,CLASS - 1,AC    28-302.1,Failure to Maintain Building Walls,OPEN,104,0.0,0.0
39111299Z,4/5/2024,2008131,1517,WALTON AVENUE,BRONX,204,CLASS - 1,AC    28-302.1,Failure to Maintain Building Walls,OPEN,104,0.0,0.0
39111400Y,4/8/2024,3048505,531,MARCY AVENUE,BROOKLYN,303,CLASS - 1,AC    28-302.1,Failure to Maintain Building Walls,OPEN,104,0.0,0.0
39111669R,4/15/2024,1083247,10,UNION SQUARE EAST,MANHATTAN,105,CLASS - 1,AC    28-302.1,Failure to Maintain Building Walls,OPEN,104,0.0,0.0
39111680H,4/15/2024,3073103,128,SUYDAM STREET,BROOKLYN,304,CLASS - 1,AC    28-302.1,Failure to Maintain Building Walls,OPEN,104,0.0,0.0
39112063R,4/19/2024,1006122,60,EAST    3 STREET,MANHATTAN,103,CLASS - 1,AC    28-302.1,Failure to Maintain Building Walls,OPEN,104,0.0,0.0
39112166J,4/20/2024,3321780,1521,BRIGHTWATER AVENUE,BROOKLYN,313,CLASS - 1,AC    28-302.1,Failure to Maintain Building Walls,OPEN,104,0.0,0.0
39112286Y,4/22/2024,2002811,917,SHERIDAN AVENUE,BRONX,204,CLASS - 1,AC    28-302.1,Failure to Maintain Building Walls,OPEN,104,0.0,0.0
39112370R,4/23/2024,2024011,1121,MORRISON AVENUE,BRONX,209,CLASS - 1,AC    28-302.1,Failure to Maintain Building Walls,OPEN,104,0.0,0.0
39112463X,4/23/2024,3117904,2409,BEVERLEY ROAD,BROOKLYN,317,CLASS - 1,AC    28-302.1,Failure to Maintain Building Walls,OPEN,104,0.0,0.0
39112539N,4/23/2024,4029773,37-38,  73 STREET,QUEENS,403,CLASS - 1,AC    28-302.1,Failure to Maintain Building Walls,OPEN,104,0.0,0.0
39112685L,4/25/2024,2006064,1161,HOE AVENUE,BRONX,203,CLASS - 1,AC    28-302.1,Failure to Maintain Building Walls,OPEN,104,0.0,0.0
39113122M,5/1/2024,3012774,4818,   8 AVENUE,BROOKLYN,307,CLASS - 1,AC    28-302.1,Failure to Maintain Building Walls,OPEN,104,0.0,0.0
39113265J,5/2/2024,2004223,530,EAST  169 STREET,BRONX,203,CLASS - 1,AC    28-302.1,Failure to Maintain Building Walls,OPEN,104,0.0,0.0
39113458X,5/3/2024,2096575,741,ST ANNS AVENUE,BRONX,201,CLASS - 1,AC    28-302.1,Failure to Maintain Building Walls,OPEN,104,0.0,0.0
39113643H,5/7/2024,2116263,2585B,BAINBRIDGE AVENUE,BRONX,207,CLASS - 1,AC    28-302.1,Failure to Maintain Building Walls,OPEN,104,0.0,0.0
39113726N,5/7/2024,3099357,100,EAST   92 STREET,BROOKLYN,317,CLASS - 1,AC    28-302.1,Failure to Maintain Building Walls,OPEN,104,0.0,0.0
39113947R,4/26/2024,3163928,8121,  21 AVENUE,BROOKLYN,311,CLASS - 1,AC    28-302.1,Failure to Maintain Building Walls,OPEN,104,0.0,0.0
39114002M,5/9/2024,3206994,976,EAST   29 STREET,BROOKLYN,314,CLASS - 1,AC    28-302.1,Failure to Maintain Building Walls,OPEN,104,0.0,0.0
39114368R,5/14/2024,2019794,514,EAST  236 STREET,BRONX,212,CLASS - 1,AC    28-302.1,Failure to Maintain Building Walls,OPEN,104,0.0,0.0
39114412P,5/15/2024,1009739,278,SPRING STREET,MANHATTAN,102,CLASS - 1,AC    28-302.1,Failure to Maintain Building Walls,OPEN,104,0.0,0.0
39114687Y,5/17/2024,1057672,150,WEST  121 STREET,MANHATTAN,110,CLASS - 1,AC    28-302.1,Failure to Maintain Building Walls,OPEN,104,0.0,0.0
39114821X,5/20/2024,4263101,133-28, 150 STREET,QUEENS,412,CLASS - 1,AC    28-302.1,Failure to Maintain Building Walls,OPEN,104,0.0,0.0
39115037R,5/22/2024,2009702,1397,FRANKLIN AVENUE,BRONX,203,CLASS - 1,AC    28-302.1,Failure to Maintain Building Walls,OPEN,104,0.0,0.0
39115190N,5/23/2024,3073103,128,SUYDAM STREET,BROOKLYN,304,CLASS - 1,AC    28-302.1,Failure to Maintain Building Walls,OPEN,104,0.0,0.0
39115402X,5/28/2024,2083468,666,KAPPOCK STREET,BRONX,208,CLASS - 1,AC    28-302.1,Failure to Maintain Building Walls,OPEN,104,0.0,0.0
39115447J,5/29/2024,2006563,720,HUNTS POINT AVENUE,BRONX,202,CLASS - 1,AC    28-302.1,Failure to Maintain Building Walls,OPEN,104,0.0,0.0
39115535J,5/29/2024,3075335,33,BLEECKER STREET,BROOKLYN,304,CLASS - 1,AC    28-302.1,Failure to Maintain Building Walls,OPEN,104,0.0,0.0
39115765P,6/1/2024,2020752,1812,LACOMBE AVENUE,BRONX,209,CLASS - 1,AC    28-302.1,Failure to Maintain Building Walls,OPEN,104,0.0,0.0
39115824X,6/3/2024,3083401,257,MOTHER GASTON BOULEVARD,BROOKLYN,316,CLASS - 1,AC    28-302.1,Failure to Maintain Building Walls,OPEN,104,0.0,0.0
39115913H,6/4/2024,3058710,123,DEKALB AVENUE,BROOKLYN,302,CLASS - 1,AC    28-302.1,Failure to Maintain Building Walls,OPEN,104,0.0,0.0
39116204J,6/6/2024,3088610,282,ASHFORD STREET,BROOKLYN,305,CLASS - 1,AC    28-302.1,Failure to Maintain Building Walls,OPEN,104,0.0,0.0
39116217Z,6/6/2024,2063098,4043,LOWERRE PLACE,BRONX,212,CLASS - 1,AC    28-302.1,Failure to Maintain Building Walls,OPEN,104,0.0,0.0
39116221L,6/6/2024,1031091,44,RIVERSIDE DRIVE,MANHATTAN,107,CLASS - 1,AC    28-302.1,Failure to Maintain Building Walls,OPEN,104,0.0,0.0
39116388N,6/10/2024,3024507,28,   8 AVENUE,BROOKLYN,306,CLASS - 1,AC    28-302.1,Failure to Maintain Building Walls,OPEN,104,0.0,0.0
39116444Z,6/10/2024,1060666,305,WEST  138 STREET,MANHATTAN,110,CLASS - 1,AC    28-302.1,Failure to Maintain Building Walls,OPEN,104,0.0,0.0
39116489M,6/11/2024,3113405,674,EAST   43 STREET,BROOKLYN,317,CLASS - 1,AC    28-302.1,Failure to Maintain Building Walls,OPEN,104,0.0,0.0
39116914Y,6/14/2024,4184764,92-19,  76 STREET,QUEENS,409,CLASS - 1,AC    28-302.1,Failure to Maintain Building Walls,OPEN,104,0.0,0.0
39116963K,6/14/2024,1004305,146,DELANCEY STREET,MANHATTAN,103,CLASS - 1,AC    28-302.1,Failure to Maintain Building Walls,OPEN,104,0.0,0.0
39117044Y,6/13/2024,2007839,1517,MORRIS AVENUE,BRONX,204,CLASS - 1,AC    28-302.1,Failure to Maintain Building Walls,OPEN,104,0.0,0.0
39117214H,6/18/2024,2004030,891,EAST  135 STREET,BRONX,201,CLASS - 1,AC    28-302.1,Failure to Maintain Building Walls,OPEN,104,0.0,0.0
39117252Z,6/18/2024,3335084,446,FRANKLIN AVENUE,BROOKLYN,303,CLASS - 1,AC    28-302.1,Failure to Maintain Building Walls,OPEN,104,0.0,0.0
39117374R,6/20/2024,4056211,67-14,  49 AVENUE,QUEENS,402,CLASS - 1,AC    28-302.1,Failure to Maintain Building Walls,OPEN,104,0.0,0.0
39117521H,6/24/2024,3149751,280,  77 STREET,BROOKLYN,310,CLASS - 1,AC    28-302.1,Failure to Maintain Building Walls,OPEN,104,0.0,0.0
39117548H,6/24/2024,1030136,101,WEST   75 STREET,MANHATTAN,107,CLASS - 1,AC    28-302.1,Failure to Maintain Building Walls,OPEN,104,0.0,0.0
39117967M,6/28/2024,3109370,3312,CHURCH AVENUE,BROOKLYN,317,CLASS - 1,AC    28-302.1,Failure to Maintain Building Walls,OPEN,104,0.0,0.0
39118114P,7/1/2024,3030356,609,NOSTRAND AVENUE,BROOKLYN,308,CLASS - 1,AC    28-302.1,Failure to Maintain Building Walls,OPEN,104,0.0,0.0
39118410J,7/3/2024,3098762,703,PINE STREET,BROOKLYN,305,CLASS - 1,AC    28-302.1,Failure to Maintain Building Walls,OPEN,104,0.0,0.0
39118530Y,7/6/2024,4011383,25-49,STEINWAY STREET,QUEENS,401,CLASS - 1,AC    28-302.1,Failure to Maintain Building Walls,OPEN,104,0.0,0.0
39118761L,7/9/2024,3086005,883,MOTHER GASTON BOULEVARD,BROOKLYN,316,CLASS - 1,AC    28-302.1,Failure to Maintain Building Walls,OPEN,104,0.0,0.0
39119013K,7/12/2024,5013235,663,BAY STREET,STATEN ISLAND,501,CLASS - 1,AC    28-302.1,Failure to Maintain Building Walls,OPEN,104,0.0,0.0
39119352P,7/17/2024,3050765,403,QUINCY STREET,BROOKLYN,303,CLASS - 1,AC    28-302.1,Failure to Maintain Building Walls,OPEN,104,0.0,0.0
39119561L,7/22/2024,3100246,92,EAST   53 STREET,BROOKLYN,317,CLASS - 1,AC    28-302.1,Failure to Maintain Building Walls,OPEN,104,0.0,0.0
39119744Y,7/23/2024,1005246,542,EAST   14 STREET,MANHATTAN,103,CLASS - 1,AC    28-302.1,Failure to Maintain Building Walls,OPEN,104,0.0,0.0
39119751M,7/24/2024,3114856,36 GARAGE,MAPLE STREET,BROOKLYN,309,CLASS - 1,AC    28-302.1,Failure to Maintain Building Walls,OPEN,104,0.0,0.0
39119923J,7/26/2024,3327922,166,MANHATTAN AVENUE,BROOKLYN,301,CLASS - 1,AC    28-302.1,Failure to Maintain Building Walls,OPEN,104,0.0,0.0
39120035J,7/26/2024,1011048,235,WEST   12 STREET,MANHATTAN,102,CLASS - 1,AC    28-302.1,Failure to Maintain Building Walls,OPEN,104,0.0,0.0
39120263L,7/30/2024,3014853,5620,   1 AVENUE,BROOKLYN,307,CLASS - 1,AC    28-302.1,Failure to Maintain Building Walls,OPEN,104,0.0,0.0
39120350J,7/30/2024,3042676,1350,HERKIMER STREET,BROOKLYN,316,CLASS - 1,AC    28-302.1,Failure to Maintain Building Walls,OPEN,104,0.0,0.0
39120453M,7/31/2024,3350158,90,OCEANA DRIVE,BROOKLYN,313,CLASS - 1,AC    28-302.1,Failure to Maintain Building Walls,OPEN,104,0.0,0.0
39120633J,8/2/2024,3049131,150,TOMPKINS AVENUE,BROOKLYN,303,CLASS - 1,AC    28-302.1,Failure to Maintain Building Walls,OPEN,104,0.0,0.0
39120669L,8/2/2024,3116719,61,MARTENSE STREET,BROOKLYN,314,CLASS - 1,AC    28-302.1,Failure to Maintain Building Walls,OPEN,104,0.0,0.0
39120681Y,8/2/2024,2010049,805,FAIRMOUNT PLACE,BRONX,206,CLASS - 1,AC    28-302.1,Failure to Maintain Building Walls,OPEN,104,0.0,0.0
39120688R,8/2/2024,2010048,815,FAIRMOUNT PLACE,BRONX,206,CLASS - 1,AC    28-302.1,Failure to Maintain Building Walls,OPEN,104,0.0,0.0
39120975J,8/6/2024,4230937,102-04, 221 STREET,QUEENS,413,CLASS - 1,AC    28-302.1,Failure to Maintain Building Walls,OPEN,104,0.0,0.0
39121153P,8/7/2024,3057776,25,BREVOORT PLACE,BROOKLYN,303,CLASS - 1,AC    28-302.1,Failure to Maintain Building Walls,OPEN,104,0.0,0.0
39121239X,8/8/2024,3043492,965,LAFAYETTE AVENUE,BROOKLYN,303,CLASS - 1,AC    28-302.1,Failure to Maintain Building Walls,OPEN,104,0.0,0.0
39121480M,8/9/2024,3429116,669,ST MARKS AVENUE,BROOKLYN,308,CLASS - 1,AC    28-302.1,Failure to Maintain Building Walls,OPEN,104,0.0,0.0
39121481Y,8/9/2024,3037372,1199,EASTERN PARKWAY,BROOKLYN,308,CLASS - 1,AC    28-302.1,Failure to Maintain Building Walls,OPEN,104,0.0,0.0
39121659M,8/12/2024,2048807,801,NEILL AVENUE,BRONX,211,CLASS - 1,AC    28-302.1,Failure to Maintain Building Walls,OPEN,104,0.0,0.0
39122490K,8/20/2024,3348265,561,LEXINGTON AVENUE,BROOKLYN,303,CLASS - 1,AC    28-302.1,Failure to Maintain Building Walls,OPEN,104,0.0,0.0
39122605L,8/21/2024,2042415,2618,EAST TREMONT AVENUE,BRONX,210,CLASS - 1,AC    28-302.1,Failure to Maintain Building Walls,OPEN,104,0.0,0.0
39123190N,8/27/2024,3166541,8609,BAY   16 STREET,BROOKLYN,311,CLASS - 1,AC    28-302.1,Failure to Maintain Building Walls,OPEN,104,0.0,0.0
39124485P,9/10/2024,2049530,2121,PAULDING AVENUE,BRONX,211,CLASS - 1,AC    28-302.1,Failure to Maintain Building Walls,OPEN,104,0.0,0.0
39124494R,9/10/2024,3087488,138,HENDRIX STREET,BROOKLYN,305,CLASS - 1,AC    28-302.1,Failure to Maintain Building Walls,OPEN,104,0.0,0.0
39124886X,9/13/2024,4016403,22-75,  35 STREET,QUEENS,401,CLASS - 1,AC    28-302.1,Failure to Maintain Building Walls,OPEN,104,0.0,0.0
39125314P,9/19/2024,2007839,1517,MORRIS AVENUE,BRONX,204,CLASS - 1,AC    28-302.1,Failure to Maintain Building Walls,OPEN,104,0.0,0.0
39125737R,9/25/2024,2013427,2302,VALENTINE AVENUE,BRONX,205,CLASS - 1,AC    28-302.1,Failure to Maintain Building Walls,OPEN,104,0.0,0.0
39125827K,9/25/2024,2006759,640,FAILE STREET,BRONX,202,CLASS - 1,AC    28-302.1,Failure to Maintain Building Walls,OPEN,104,0.0,0.0
39126397Y,10/2/2024,1052463,245,EAST  110 STREET,MANHATTAN,111,CLASS - 1,AC    28-302.1,Failure to Maintain Building Walls,OPEN,104,0.0,0.0
39126455N,10/3/2024,4431218,85-12,ASTORIA BOULEVARD,QUEENS,403,CLASS - 1,AC    28-302.1,Failure to Maintain Building Walls,OPEN,104,0.0,0.0
39126486X,10/3/2024,2017499,2776,JEROME AVENUE,BRONX,207,CLASS - 1,AC    28-302.1,Failure to Maintain Building Walls,OPEN,104,0.0,0.0
39126515X,10/3/2024,2009825,1451,PROSPECT AVENUE,BRONX,203,CLASS - 1,AC    28-302.1,Failure to Maintain Building Walls,OPEN,104,0.0,0.0
39126579P,10/3/2024,2822406,345,EAST  161 STREET,BRONX,203,CLASS - 1,AC    28-302.1,Failure to Maintain Building Walls,OPEN,104,0.0,0.0
39126615N,10/4/2024,1031349,77,WEST   85 STREET,MANHATTAN,107,CLASS - 1,AC    28-302.1,Failure to Maintain Building Walls,OPEN,104,0.0,0.0
39126659P,10/4/2024,4002772,47-07,  39 STREET,QUEENS,402,CLASS - 1,AC    28-302.1,Failure to Maintain Building Walls,OPEN,104,0.0,0.0
39127223Z,10/10/2024,3348838,2970,CROPSEY AVENUE,BROOKLYN,313,CLASS - 1,AC    28-302.1,Failure to Maintain Building Walls,OPEN,104,0.0,0.0
39127350L,10/11/2024,3029571,461,LINCOLN PLACE,BROOKLYN,308,CLASS - 1,AC    28-302.1,Failure to Maintain Building Walls,OPEN,104,0.0,0.0
39127368J,10/13/2024,2041664,1500,PARKER STREET,BRONX,210,CLASS - 1,AC    28-302.1,Failure to Maintain Building Walls,OPEN,104,0.0,0.0
39127495M,10/15/2024,3378543,228,STATE STREET,BROOKLYN,302,CLASS - 1,AC    28-302.1,Failure to Maintain Building Walls,OPEN,104,0.0,0.0
39127658H,10/17/2024,4085753,1062,CYPRESS AVENUE,QUEENS,405,CLASS - 1,AC    28-302.1,Failure to Maintain Building Walls,OPEN,104,0.0,0.0
39127677N,10/17/2024,1005206,512,EAST   13 STREET,MANHATTAN,103,CLASS - 1,AC    28-302.1,Failure to Maintain Building Walls,OPEN,104,0.0,0.0
39127880Z,10/18/2024,4459320,71-34,ROOSEVELT AVENUE,QUEENS,404,CLASS - 1,AC    28-302.1,Failure to Maintain Building Walls,OPEN,104,0.0,0.0
39127983L,10/21/2024,4098082,111-12,  14 ROAD,QUEENS,407,CLASS - 1,AC    28-302.1,Failure to Maintain Building Walls,OPEN,104,0.0,0.0
39128135N,10/22/2024,2016334,384,EAST  193 STREET,BRONX,207,CLASS - 1,AC    28-302.1,Failure to Maintain Building Walls,OPEN,104,0.0,0.0
39128276R,10/23/2024,2003865,390,JACKSON AVENUE,BRONX,201,CLASS - 1,AC    28-302.1,Failure to Maintain Building Walls,OPEN,104,0.0,0.0
39128465X,10/25/2024,2007276,1346,MORRIS AVENUE,BRONX,204,CLASS - 1,AC    28-302.1,Failure to Maintain Building Walls,OPEN,104,0.0,0.0
39128471M,10/25/2024,2007275,1340,MORRIS AVENUE,BRONX,204,CLASS - 1,AC    28-302.1,Failure to Maintain Building Walls,OPEN,104,0.0,0.0
39129005J,10/30/2024,2023909,1141,WARD AVENUE,BRONX,209,CLASS - 1,AC    28-302.1,Failure to Maintain Building Walls,OPEN,104,0.0,0.0
39129051K,10/31/2024,3149771,219,  78 STREET,BROOKLYN,310,CLASS - 1,AC    28-302.1,Failure to Maintain Building Walls,OPEN,104,0.0,0.0
39129189N,11/1/2024,2009695,578,EAST  170 STREET,BRONX,203,CLASS - 1,AC    28-302.1,Failure to Maintain Building Walls,OPEN,104,0.0,0.0
39129728N,11/7/2024,3057848,595,CLASSON AVENUE,BROOKLYN,303,CLASS - 1,AC    28-302.1,Failure to Maintain Building Walls,OPEN,104,0.0,0.0
39129753P,11/7/2024,3063445,158,SOUTH    4 STREET,BROOKLYN,301,CLASS - 1,AC    28-302.1,Failure to Maintain Building Walls,OPEN,104,0.0,0.0
39129784H,11/7/2024,4184764,92-19,  76 STREET,QUEENS,409,CLASS - 1,AC    28-302.1,Failure to Maintain Building Walls,OPEN,104,0.0,0.0
39129879K,11/8/2024,3401236,600 GARAGE,MILLER AVENUE,BROOKLYN,305,CLASS - 1,AC    28-302.1,Failure to Maintain Building Walls,OPEN,104,0.0,0.0
39129925M,11/10/2024,4138944,57-71,COLLEGE POINT BOULEVARD,QUEENS,407,CLASS - 1,AC    28-302.1,Failure to Maintain Building Walls,OPEN,104,0.0,0.0
39129957R,11/12/2024,2051421,776,MACE AVENUE,BRONX,211,CLASS - 1,AC    28-302.1,Failure to Maintain Building Walls,OPEN,104,0.0,0.0
39130480R,11/17/2024,4035855,35-65,  86 STREET,QUEENS,403,CLASS - 1,AC    28-302.1,Failure to Maintain Building Walls,OPEN,104,0.0,0.0
39130649N,11/18/2024,2004595,724,EAST  160 STREET,BRONX,201,CLASS - 1,AC    28-302.1,Failure to Maintain Building Walls,OPEN,104,0.0,0.0
39131429X,11/26/2024,4298506,13-34,CAFFREY AVENUE,QUEENS,414,CLASS - 1,AC    28-302.1,Failure to Maintain Building Walls,OPEN,104,0.0,0.0
39131452Y,11/27/2024,2012615,1974,CROTONA AVENUE,BRONX,206,CLASS - 1,AC    28-302.1,Failure to Maintain Building Walls,OPEN,104,0.0,0.0
39132011N,12/4/2024,2003531,1340,MERRIAM AVENUE,BRONX,204,CLASS - 1,AC    28-302.1,Failure to Maintain Building Walls,OPEN,104,0.0,0.0
39132057Z,12/5/2024,1053077,415,EAST  116 STREET,MANHATTAN,111,CLASS - 1,AC    28-302.1,Failure to Maintain Building Walls,OPEN,104,0.0,0.0
39132275R,12/6/2024,2008319,1484,INWOOD AVENUE,BRONX,204,CLASS - 1,AC    28-302.1,Failure to Maintain Building Walls,OPEN,104,0.0,0.0
39132310N,12/7/2024,3182506,1901,KINGS HIGHWAY,BROOKLYN,315,CLASS - 1,AC    28-302.1,Failure to Maintain Building Walls,OPEN,104,0.0,0.0
39132569M,12/10/2024,3101887,376 GARAGE,EAST   96 STREET,BROOKLYN,317,CLASS - 1,AC    28-302.1,Failure to Maintain Building Walls,OPEN,104,0.0,0.0
39132625H,12/11/2024,1036498,150,EAST   55 STREET,MANHATTAN,106,CLASS - 1,AC    28-302.1,Failure to Maintain Building Walls,OPEN,104,0.0,0.0
39132880P,12/13/2024,3165235,2045,  84 STREET,BROOKLYN,311,CLASS - 1,AC    28-302.1,Failure to Maintain Building Walls,OPEN,104,0.0,0.0
39133273H,12/19/2024,1052897,2240,   2 AVENUE,MANHATTAN,111,CLASS - 1,AC    28-302.1,Failure to Maintain Building Walls,OPEN,104,0.0,0.0
39133366R,12/19/2024,2009669,1725,FULTON AVENUE,BRONX,203,CLASS - 1,AC    28-302.1,Failure to Maintain Building Walls,OPEN,104,0.0,0.0
39133380N,12/19/2024,3086226,310,HIGHLAND BOULEVARD,BROOKLYN,305,CLASS - 1,AC    28-302.1,Failure to Maintain Building Walls,OPEN,104,0.0,0.0
39133510M,12/21/2024,3065295,73,MESEROLE AVENUE,BROOKLYN,301,CLASS - 1,AC    28-302.1,Failure to Maintain Building Walls,OPEN,104,0.0,0.0
39133672P,12/24/2024,5112688,65,HOLLAND AVENUE,STATEN ISLAND,501,CLASS - 1,AC    28-302.1,Failure to Maintain Building Walls,OPEN,104,0.0,0.0
39134280K,1/2/2025,5011758,138,WOOLLEY AVENUE,STATEN ISLAND,501,CLASS - 1,AC    28-302.1,Failure to Maintain Building Walls,OPEN,104,0.0,0.0
39134460H,1/3/2025,2003747,721,EAST  133 STREET,BRONX,201,CLASS - 1,AC    28-302.1,Failure to Maintain Building Walls,OPEN,104,0.0,0.0
39134532H,1/6/2025,3030456,97,BROOKLYN AVENUE,BROOKLYN,308,CLASS - 1,AC    28-302.1,Failure to Maintain Building Walls,OPEN,104,0.0,0.0
39134995Y,1/9/2025,2023895,1148,BOYNTON AVENUE,BRONX,209,CLASS - 1,AC    28-302.1,Failure to Maintain Building Walls,OPEN,104,0.0,0.0
39135389Z,1/13/2025,3117139,555,OCEAN AVENUE,BROOKLYN,314,CLASS - 1,AC    28-302.1,Failure to Maintain Building Walls,OPEN,104,0.0,0.0
39135541Y,1/14/2025,2092077,1428,WEBSTER AVENUE,BRONX,203,CLASS - 1,AC    28-302.1,Failure to Maintain Building Walls,OPEN,104,0.0,0.0
39135741Z,1/16/2025,2010964,1898,LONGFELLOW AVENUE,BRONX,206,CLASS - 1,AC    28-302.1,Failure to Maintain Building Walls,OPEN,104,0.0,0.0
39136203X,1/22/2025,4207126,150-02,  88 AVENUE,QUEENS,412,CLASS - 1,AC    28-302.1,Failure to Maintain Building Walls,OPEN,104,0.0,0.0
39136398P,1/24/2025,4211618,90-60, 179 PLACE,QUEENS,412,CLASS - 1,AC    28-302.1,Failure to Maintain Building Walls,OPEN,104,0.0,0.0
39137546M,2/5/2025,1052766,338,EAST  106 STREET,MANHATTAN,111,CLASS - 1,AC    28-302.1,Failure to Maintain Building Walls,OPEN,104,0.0,0.0
39138320Y,2/13/2025,1025031,650,   9 AVENUE,MANHATTAN,104,CLASS - 1,AC    28-302.1,Failure to Maintain Building Walls,OPEN,104,0.0,0.0
39138402H,2/13/2025,4014554,45-02,DITMARS BOULEVARD,QUEENS,401,CLASS - 1,AC    28-302.1,Failure to Maintain Building Walls,OPEN,104,0.0,0.0
39138644K,2/17/2025,2003379,1380,OGDEN AVENUE,BRONX,204,CLASS - 1,28-302.1,Failure to Maintain Building Walls,OPEN,104,0.0,0.0
39138954X,2/20/2025,3388505,67,RICHMOND STREET,BROOKLYN,305,CLASS - 1,28-302.1,Failure to Maintain Building Walls,OPEN,104,0.0,0.0
39139049K,2/20/2025,3039383,1682,PARK PLACE,BROOKLYN,316,CLASS - 1,28-302.1,Failure to Maintain Building Walls,OPEN,104,0.0,0.0
39139323Y,2/24/2025,4009601,35-01,  36 STREET,QUEENS,401,CLASS - 1,28-302.1,Failure to Maintain Building Walls,OPEN,104,0.0,0.0
39139516K,2/25/2025,3060122,150,RODNEY STREET,BROOKLYN,301,CLASS - 1,28-302.1,Failure to Maintain Building Walls,OPEN,104,0.0,0.0
39139574Z,2/25/2025,1009373,55,   5 AVENUE,MANHATTAN,102,CLASS - 1,28-302.1,Failure to Maintain Building Walls,OPEN,104,0.0,0.0
39140095J,3/3/2025,4252871,132-20, 116 AVENUE,QUEENS,410,CLASS - 1,28-302.1,Failure to Maintain Building Walls,OPEN,104,0.0,0.0
39140239J,3/4/2025,2003664,593,EAST  141 STREET,BRONX,201,CLASS - 1,28-302.1,Failure to Maintain Building Walls,OPEN,104,0.0,0.0
39140309X,3/4/2025,3044798,536,MONROE STREET,BROOKLYN,303,CLASS - 1,28-302.1,Failure to Maintain Building Walls,OPEN,104,0.0,0.0
39140466J,3/5/2025,3062835,245,SOUTH    1 STREET,BROOKLYN,301,CLASS - 1,28-302.1,Failure to Maintain Building Walls,OPEN,104,0.0,0.0
39140868M,3/8/2025,4223875,87-25,CLOVER PLACE,QUEENS,408,CLASS - 1,28-302.1,Failure to Maintain Building Walls,OPEN,104,0.0,0.0
39140908H,3/10/2025,5112688,65,HOLLAND AVENUE,STATEN ISLAND,501,CLASS - 1,28-302.1,Failure to Maintain Building Walls,OPEN,104,0.0,0.0
39141008R,3/10/2025,1013689,306,WEST   40 STREET,MANHATTAN,104,CLASS - 1,28-302.1,Failure to Maintain Building Walls,OPEN,104,0.0,0.0
39141310H,3/12/2025,1017190,401,   5 AVENUE,MANHATTAN,105,CLASS - 1,28-302.1,Failure to Maintain Building Walls,OPEN,104,0.0,0.0
39141449M,3/13/2025,3058677,52,ST FELIX STREET,BROOKLYN,302,CLASS - 1,28-302.1,Failure to Maintain Building Walls,OPEN,104,0.0,0.0
39142129H,3/19/2025,4264528,159-02,MEYER AVENUE,QUEENS,412,CLASS - 1,28-302.1,Failure to Maintain Building Walls,OPEN,104,0.0,0.0
39142714Z,3/25/2025,1063701,507,WEST  181 STREET,MANHATTAN,112,CLASS - 1,28-302.1,Failure to Maintain Building Walls,OPEN,104,0.0,0.0
39143013K,3/27/2025,2106820,3217 GARAGE,THROOP AVENUE,BRONX,211,CLASS - 1,28-302.1,Failure to Maintain Building Walls,OPEN,104,0.0,0.0
39143069J,3/27/2025,3150630,59,  80 STREET,BROOKLYN,310,CLASS - 1,28-302.1,Failure to Maintain Building Walls,OPEN,104,0.0,0.0
39143663M,4/2/2025,3062647,175,GRAND STREET,BROOKLYN,301,CLASS - 1,28-302.1,Failure to Maintain Building Walls,OPEN,104,0.0,0.0
39143769K,4/3/2025,3079872,40,COOPER STREET,BROOKLYN,304,CLASS - 1,28-302.1,Failure to Maintain Building Walls,OPEN,104,0.0,0.0
39144321R,4/8/2025,1090374,60,WEST   37 STREET,MANHATTAN,105,CLASS - 1,28-302.1,Failure to Maintain Building Walls,OPEN,104,0.0,0.0
39144330Z,4/9/2025,4011016,40-02,BROADWAY,QUEENS,401,CLASS - 1,28-302.1,Failure to Maintain Building Walls,OPEN,104,0.0,0.0
39144354N,4/9/2025,3008397,279,VAN BRUNT STREET,BROOKLYN,306,CLASS - 1,28-302.1,Failure to Maintain Building Walls,OPEN,104,0.0,0.0
39144863L,4/5/2025,1055818,306,WEST  114 STREET,MANHATTAN,110,CLASS - 1,28-302.1,Failure to Maintain Building Walls,OPEN,104,0.0,0.0
39144989R,4/15/2025,3189602,1412,MERMAID AVENUE,BROOKLYN,313,CLASS - 1,28-302.1,Failure to Maintain Building Walls,OPEN,104,0.0,0.0
39145234N,4/17/2025,3179861,1373,CONEY ISLAND AVENUE,BROOKLYN,314,CLASS - 1,28-302.1,Failure to Maintain Building Walls,OPEN,104,0.0,0.0
39145289K,4/17/2025,1064335,867,WEST  181 STREET,MANHATTAN,112,CLASS - 1,28-302.1,Failure to Maintain Building Walls,OPEN,104,0.0,0.0
39145602H,4/22/2025,2012166,2377,BELMONT AVENUE,BRONX,206,CLASS - 1,28-302.1,Failure to Maintain Building Walls,OPEN,104,0.0,0.0
39145620L,4/22/2025,3020595,297,   1 STREET,BROOKLYN,306,CLASS - 1,28-302.1,Failure to Maintain Building Walls,OPEN,104,0.0,0.0
39145628X,4/22/2025,5011758,138,WOOLLEY AVENUE,STATEN ISLAND,501,CLASS - 1,28-302.1,Failure to Maintain Building Walls,OPEN,104,0.0,0.0
39145682R,4/22/2025,3329383,248,AVENUE X,BROOKLYN,315,CLASS - 1,28-302.1,Failure to Maintain Building Walls,OPEN,104,0.0,0.0
39145684K,4/22/2025,3074129,201,WILSON AVENUE,BROOKLYN,304,CLASS - 1,28-302.1,Failure to Maintain Building Walls,OPEN,104,0.0,0.0
39145729P,4/23/2025,4001408,39-70,  48 STREET,QUEENS,402,CLASS - 1,28-302.1,Failure to Maintain Building Walls,OPEN,104,0.0,0.0
39145731Y,4/23/2025,2018374,3245,HULL AVENUE,BRONX,207,CLASS - 1,28-302.1,Failure to Maintain Building Walls,OPEN,104,0.0,0.0
39145785J,4/23/2025,2011381,2357,WASHINGTON AVENUE,BRONX,206,CLASS - 1,28-302.1,Failure to Maintain Building Walls,OPEN,104,0.0,0.0
39146116R,4/25/2025,4618402,38-59,  11 STREET,QUEENS,401,CLASS - 1,28-302.1,Failure to Maintain Building Walls,OPEN,104,0.0,0.0
39146346M,4/29/2025,1018247,142,LEXINGTON AVENUE,MANHATTAN,105,CLASS - 1,28-302.1,Failure to Maintain Building Walls,OPEN,104,0.0,0.0
39146579N,4/30/2025,1054723,348,EAST  119 STREET,MANHATTAN,111,CLASS - 1,28-302.1,Failure to Maintain Building Walls,OPEN,104,0.0,0.0
39146596P,4/30/2025,2018225,3450,WAYNE AVENUE,BRONX,207,CLASS - 1,28-302.1,Failure to Maintain Building Walls,OPEN,104,0.0,0.0
39146768M,5/1/2025,3336360,497,COURT STREET,BROOKLYN,306,CLASS - 1,28-302.1,Failure to Maintain Building Walls,OPEN,104,0.0,0.0
39146810R,5/1/2025,3117601,1809,BEVERLEY ROAD,BROOKLYN,314,CLASS - 1,28-302.1,Failure to Maintain Building Walls,OPEN,104,0.0,0.0
39147004R,5/3/2025,2026378,2100,WATSON AVENUE,BRONX,209,CLASS - 1,28-302.1,Failure to Maintain Building Walls,OPEN,104,0.0,0.0
39147026H,5/4/2025,2012808,2284,BEAUMONT AVENUE,BRONX,206,CLASS - 1,28-302.1,Failure to Maintain Building Walls,OPEN,104,0.0,0.0
39147222P,5/6/2025,4002772,47-07,  39 STREET,QUEENS,402,CLASS - 1,28-302.1,Failure to Maintain Building Walls,OPEN,104,0.0,0.0
39147243Y,5/6/2025,3108272,814,ALBANY AVENUE,BROOKLYN,317,CLASS - 1,28-302.1,Failure to Maintain Building Walls,OPEN,104,0.0,0.0
39147399K,5/7/2025,4001778,41-18,  43 STREET,QUEENS,402,CLASS - 1,28-302.1,Failure to Maintain Building Walls,OPEN,104,0.0,0.0
39147536H,5/9/2025,2113353,951,HOE AVENUE,BRONX,202,CLASS - 1,28-302.1,Failure to Maintain Building Walls,OPEN,104,0.0,0.0
39147770X,5/12/2025,2000117,527,EAST  147 STREET,BRONX,201,CLASS - 1,28-302.1,Failure to Maintain Building Walls,OPEN,104,0.0,0.0
39147772J,5/13/2025,3217451,1476,EAST   45 STREET,BROOKLYN,318,CLASS - 1,28-302.1,Failure to Maintain Building Walls,OPEN,104,0.0,0.0
39148438Z,5/20/2025,3330941,3073,EMMONS AVENUE,BROOKLYN,315,CLASS - 1,28-302.1,Failure to Maintain Building Walls,OPEN,104,0.0,0.0
39148687J,5/21/2025,3080809,2022,UNION STREET,BROOKLYN,316,CLASS - 1,28-302.1,Failure to Maintain Building Walls,OPEN,104,0.0,0.0
39149917K,6/4/2025,2043430,672,RHINELANDER AVENUE,BRONX,211,CLASS - 1,28-302.1,Failure to Maintain Building Walls,OPEN,104,0.0,0.0
39149920L,6/4/2025,2043430,672,RHINELANDER AVENUE,BRONX,211,CLASS - 1,28-302.1,Failure to Maintain Building Walls,OPEN,104,0.0,0.0
39150023J,6/4/2025,1060873,222,BRADHURST AVENUE,MANHATTAN,110,CLASS - 1,28-302.1,Failure to Maintain Building Walls,OPEN,104,0.0,0.0
39150198L,6/5/2025,4432109,62-27, 108 STREET,QUEENS,406,CLASS - 1,28-302.1,Failure to Maintain Building Walls,OPEN,104,0.0,0.0
39150655H,6/10/2025,3035970,438,RALPH AVENUE,BROOKLYN,308,CLASS - 1,28-302.1,Failure to Maintain Building Walls,OPEN,104,0.0,0.0
39150710L,6/11/2025,4056211,67-14,  49 AVENUE,QUEENS,402,CLASS - 1,28-302.1,Failure to Maintain Building Walls,OPEN,104,0.0,0.0
39150781Z,6/11/2025,1055851,315,WEST  115 STREET,MANHATTAN,110,CLASS - 1,28-302.1,Failure to Maintain Building Walls,OPEN,104,0.0,0.0
39150885N,6/12/2025,3163928,8121,  21 AVENUE,BROOKLYN,311,CLASS - 1,28-302.1,Failure to Maintain Building Walls,OPEN,104,0.0,0.0
39151184P,6/16/2025,3166541,8609,BAY   16 STREET,BROOKLYN,311,CLASS - 1,28-302.1,Failure to Maintain Building Walls,OPEN,104,0.0,0.0
39151222R,6/16/2025,3117335,2923,SNYDER AVENUE,BROOKLYN,317,CLASS - 1,28-302.1,Failure to Maintain Building Walls,OPEN,104,0.0,0.0
39151415N,6/18/2025,4037278,42-15,LAYTON STREET,QUEENS,404,CLASS - 1,28-302.1,Failure to Maintain Building Walls,OPEN,104,0.0,0.0
39151498H,6/19/2025,1035423,16,EAST   48 STREET,MANHATTAN,105,CLASS - 1,28-302.1,Failure to Maintain Building Walls,OPEN,104,0.0,0.0
39151645Z,6/22/2025,2012861,2302,BEAUMONT AVENUE,BRONX,206,CLASS - 1,28-302.1,Failure to Maintain Building Walls,OPEN,104,0.0,0.0
39151748L,6/23/2025,2096809,140,CASALS PLACE,BRONX,210,CLASS - 1,28-302.1,Failure to Maintain Building Walls,OPEN,104,0.0,0.0
39152267P,6/28/2025,3153222,8501,FORT HAMILTON PARKWAY,BROOKLYN,310,CLASS - 1,28-302.1,Failure to Maintain Building Walls,OPEN,104,0.0,0.0
39153080J,7/8/2025,3426366,2527,CHURCH AVENUE,BROOKLYN,317,CLASS - 1,28-302.1,Failure to Maintain Building Walls,OPEN,104,0.0,0.0
39153214X,7/9/2025,3034938,1783,BEDFORD AVENUE,BROOKLYN,309,CLASS - 1,28-302.1,Failure to Maintain Building Walls,OPEN,104,0.0,0.0
39153236R,7/9/2025,4618402,38-59,  11 STREET,QUEENS,401,CLASS - 1,28-302.1,Failure to Maintain Building Walls,OPEN,104,0.0,0.0
39153305L,7/10/2025,1001630,79,READE STREET,MANHATTAN,101,CLASS - 1,28-302.1,Failure to Maintain Building Walls,OPEN,104,0.0,0.0
39153564X,7/14/2025,3189602,1412,MERMAID AVENUE,BROOKLYN,313,CLASS - 1,28-302.1,Failure to Maintain Building Walls,OPEN,104,0.0,0.0
39153780K,7/15/2025,2007583,1848,ANTHONY AVENUE,BRONX,205,CLASS - 1,28-302.1,Failure to Maintain Building Walls,OPEN,104,0.0,0.0
39153868P,7/16/2025,3016536,427,  17 STREET,BROOKLYN,307,CLASS - 1,28-302.1,Failure to Maintain Building Walls,OPEN,104,0.0,0.0
39153914R,7/16/2025,4006216,23-35,  29 AVENUE,QUEENS,401,CLASS - 1,28-302.1,Failure to Maintain Building Walls,OPEN,104,0.0,0.0
39153989L,7/17/2025,4011016,40-02,BROADWAY,QUEENS,401,CLASS - 1,28-302.1,Failure to Maintain Building Walls,OPEN,104,0.0,0.0
39154016J,7/17/2025,4207126,150-02,  88 AVENUE,QUEENS,412,CLASS - 1,28-302.1,Failure to Maintain Building Walls,OPEN,104,0.0,0.0
39154177K,7/18/2025,3077575,479,CENTRAL AVENUE,BROOKLYN,304,CLASS - 1,28-302.1,Failure to Maintain Building Walls,OPEN,104,0.0,0.0
39154430P,7/16/2025,3378830,1689 GARAGE,   8 AVENUE,BROOKLYN,307,CLASS - 1,28-302.1,Failure to Maintain Building Walls,OPEN,104,0.0,0.0
39154554R,7/18/2025,3016555,1689,   8 AVENUE,BROOKLYN,307,CLASS - 1,28-302.1,Failure to Maintain Building Walls,OPEN,104,0.0,0.0
39154732K,7/23/2025,4014554,45-02,DITMARS BOULEVARD,QUEENS,401,CLASS - 1,28-302.1,Failure to Maintain Building Walls,OPEN,104,0.0,0.0
39155019J,7/25/2025,3321780,1521,BRIGHTWATER AVENUE,BROOKLYN,313,CLASS - 1,28-302.1,Failure to Maintain Building Walls,OPEN,104,0.0,0.0
39155250M,7/29/2025,3014593,450,  54 STREET,BROOKLYN,307,CLASS - 1,28-302.1,Failure to Maintain Building Walls,OPEN,104,0.0,0.0
39155295X,7/29/2025,3055443,1022,BEDFORD AVENUE,BROOKLYN,303,CLASS - 1,28-302.1,Failure to Maintain Building Walls,OPEN,104,0.0,0.0
39155318J,7/29/2025,4004571,37-19,  36 STREET,QUEENS,401,CLASS - 1,28-302.1,Failure to Maintain Building Walls,OPEN,104,0.0,0.0
39155475N,7/30/2025,3128628,1630,  46 STREET,BROOKLYN,312,CLASS - 1,28-302.1,Failure to Maintain Building Walls,OPEN,104,0.0,0.0
39155641J,7/31/2025,3245425,105,BRIGHTON   11 STREET,BROOKLYN,313,CLASS - 1,28-302.1,Failure to Maintain Building Walls,OPEN,104,0.0,0.0
39155677L,7/31/2025,3022774,127,  12 STREET,BROOKLYN,306,CLASS - 1,28-302.1,Failure to Maintain Building Walls,OPEN,104,0.0,0.0
39155737Y,8/1/2025,2009562,1824,WASHINGTON AVENUE,BRONX,206,CLASS - 1,28-302.1,Failure to Maintain Building Walls,OPEN,104,0.0,0.0
39155952R,8/4/2025,1053248,51,WEST  119 STREET,MANHATTAN,110,CLASS - 1,28-302.1,Failure to Maintain Building Walls,OPEN,104,0.0,0.0
39156096H,8/5/2025,4009601,35-01,  36 STREET,QUEENS,401,CLASS - 1,28-302.1,Failure to Maintain Building Walls,OPEN,104,0.0,0.0
39156441J,8/7/2025,4438234,45-50, 195 STREET,QUEENS,411,CLASS - 1,28-302.1,Failure to Maintain Building Walls,OPEN,104,0.0,0.0
39156550Z,8/8/2025,1008059,38,MAC DOUGAL STREET,MANHATTAN,102,CLASS - 1,28-302.1,Failure to Maintain Building Walls,OPEN,104,0.0,0.0
39156559P,8/9/2025,3099448,36,EAST   95 STREET,BROOKLYN,317,CLASS - 1,28-302.1,Failure to Maintain Building Walls,OPEN,104,0.0,0.0
39156705Y,8/11/2025,1008519,354,BOWERY,MANHATTAN,102,CLASS - 1,28-302.1,Failure to Maintain Building Walls,OPEN,104,0.0,0.0
39156727P,8/11/2025,2003664,593,EAST  141 STREET,BRONX,201,CLASS - 1,28-302.1,Failure to Maintain Building Walls,OPEN,104,0.0,0.0
39156843M,8/12/2025,1088814,362,ST NICHOLAS AVENUE,MANHATTAN,110,CLASS - 1,28-302.1,Failure to Maintain Building Walls,OPEN,104,0.0,0.0
39156883R,8/12/2025,3122303,34,EAST    3 STREET,BROOKLYN,307,CLASS - 1,28-302.1,Failure to Maintain Building Walls,OPEN,104,0.0,0.0
39157066L,8/13/2025,3050296,232,MARCUS GARVEY BOULEVARD,BROOKLYN,303,CLASS - 1,28-302.1,Failure to Maintain Building Walls,OPEN,104,0.0,0.0
39157669K,8/19/2025,2009662,1775,FULTON AVENUE,BRONX,203,CLASS - 1,28-302.1,Failure to Maintain Building Walls,OPEN,104,0.0,0.0
39157699L,8/19/2025,3041700,89,ROCKAWAY AVENUE,BROOKLYN,316,CLASS - 1,28-302.1,Failure to Maintain Building Walls,OPEN,104,0.0,0.0
39157722K,8/19/2025,2006307,1150,LONGFELLOW AVENUE,BRONX,203,CLASS - 1,28-302.1,Failure to Maintain Building Walls,OPEN,104,0.0,0.0
39157735J,8/20/2025,4208274,85-36, 150 STREET,QUEENS,408,CLASS - 1,28-302.1,Failure to Maintain Building Walls,OPEN,104,0.0,0.0
39157774M,8/20/2025,1004970,190,EAST    3 STREET,MANHATTAN,103,CLASS - 1,28-302.1,Failure to Maintain Building Walls,OPEN,104,0.0,0.0
39157915R,8/21/2025,3058206,100,PRINCE STREET,BROOKLYN,302,CLASS - 1,28-302.1,Failure to Maintain Building Walls,OPEN,104,0.0,0.0
39158783Z,8/29/2025,3037549,1098,EASTERN PARKWAY,BROOKLYN,309,CLASS - 1,28-302.1,Failure to Maintain Building Walls,OPEN,104,0.0,0.0
39158924N,9/2/2025,1001630,79,READE STREET,MANHATTAN,101,CLASS - 1,28-302.1,Failure to Maintain Building Walls,OPEN,104,0.0,0.0
39158959N,9/2/2025,1059488,46,EDGECOMBE AVENUE,MANHATTAN,110,CLASS - 1,28-302.1,Failure to Maintain Building Walls,OPEN,104,0.0,0.0
39159086H,9/3/2025,4009387,25-90,  35 STREET,QUEENS,401,CLASS - 1,28-302.1,Failure to Maintain Building Walls,OPEN,104,0.0,0.0
39159186P,9/4/2025,1054880,400,EAST  120 STREET,MANHATTAN,111,CLASS - 1,28-302.1,Failure to Maintain Building Walls,OPEN,104,0.0,0.0
39159765J,9/9/2025,1052507,204,EAST  112 STREET,MANHATTAN,111,CLASS - 1,28-302.1,Failure to Maintain Building Walls,OPEN,104,0.0,0.0
39159855N,8/27/2025,1009373,55,   5 AVENUE,MANHATTAN,102,CLASS - 1,28-302.1,Failure to Maintain Building Walls,OPEN,104,0.0,0.0
39159927N,9/10/2025,2007263,1469,TELLER AVENUE,BRONX,204,CLASS - 1,28-302.1,Failure to Maintain Building Walls,OPEN,104,0.0,0.0
39159988R,9/11/2025,3189549,2114,MERMAID AVENUE,BROOKLYN,313,CLASS - 1,28-302.1,Failure to Maintain Building Walls,OPEN,104,0.0,0.0
39160048P,9/11/2025,4035855,35-65,  86 STREET,QUEENS,403,CLASS - 1,28-302.1,Failure to Maintain Building Walls,OPEN,104,0.0,0.0
39160126L,9/11/2025,2002856,101,EAST  168 STREET,BRONX,204,CLASS - 1,28-302.1,Failure to Maintain Building Walls,OPEN,104,0.0,0.0
39160153R,9/11/2025,3346868,80,EAST   93 STREET,BROOKLYN,317,CLASS - 1,28-302.1,Failure to Maintain Building Walls,OPEN,104,0.0,0.0
39160716L,9/17/2025,1005711,243,BOWERY,MANHATTAN,103,CLASS - 1,28-302.1,Failure to Maintain Building Walls,OPEN,104,0.0,0.0
39160718P,9/17/2025,3057845,967,ATLANTIC AVENUE,BROOKLYN,302,CLASS - 1,28-302.1,Failure to Maintain Building Walls,OPEN,104,0.0,0.0
39160762M,9/17/2025,3245685,3031,BRIGHTON   14 STREET,BROOKLYN,313,CLASS - 1,28-302.1,Failure to Maintain Building Walls,OPEN,104,0.0,0.0
39160763Y,9/17/2025,1077886,25,WASHINGTON SQUARE NORTH,MANHATTAN,102,CLASS - 1,28-302.1,Failure to Maintain Building Walls,OPEN,104,0.0,0.0
39160818M,9/18/2025,3054158,32,GRAND AVENUE,BROOKLYN,302,CLASS - 1,28-302.1,Failure to Maintain Building Walls,OPEN,104,0.0,0.0
39160819Y,9/18/2025,3378543,228,STATE STREET,BROOKLYN,302,CLASS - 1,28-302.1,Failure to Maintain Building Walls,OPEN,104,0.0,0.0
39160833K,9/18/2025,3087042,217,ARLINGTON AVENUE,BROOKLYN,305,CLASS - 1,28-302.1,Failure to Maintain Building Walls,OPEN,104,0.0,0.0
39160849P,9/18/2025,3062861,430,GRAND STREET,BROOKLYN,301,CLASS - 1,28-302.1,Failure to Maintain Building Walls,OPEN,104,0.0,0.0
39161018Z,9/19/2025,1005726,8,RIVINGTON STREET,MANHATTAN,103,CLASS - 1,28-302.1,Failure to Maintain Building Walls,OPEN,104,0.0,0.0
39161058N,9/19/2025,3321859,292,DEKALB AVENUE,BROOKLYN,302,CLASS - 1,28-302.1,Failure to Maintain Building Walls,OPEN,104,0.0,0.0
39161218N,9/22/2025,1064444,4395,BROADWAY,MANHATTAN,112,CLASS - 1,28-302.1,Failure to Maintain Building Walls,OPEN,104,0.0,0.0
39161403P,9/23/2025,3116054,632,PARKSIDE AVENUE,BROOKLYN,309,CLASS - 1,28-302.1,Failure to Maintain Building Walls,OPEN,104,0.0,0.0
39161508L,9/24/2025,2002245,1053,TELLER AVENUE,BRONX,204,CLASS - 1,28-302.1,Failure to Maintain Building Walls,OPEN,104,0.0,0.0
39161656N,9/26/2025,2803617,2261,CROTONA AVENUE,BRONX,206,CLASS - 1,28-302.1,Failure to Maintain Building Walls,OPEN,104,0.0,0.0
39161660X,9/26/2025,3068291,366,MANHATTAN AVENUE,BROOKLYN,301,CLASS - 1,28-302.1,Failure to Maintain Building Walls,OPEN,104,0.0,0.0
39161775X,9/29/2025,3341552,24,JORALEMON STREET,BROOKLYN,302,CLASS - 1,28-302.1,Failure to Maintain Building Walls,OPEN,104,0.0,0.0
39162106N,10/1/2025,4215546,146-61, 107 AVENUE,QUEENS,412,CLASS - 1,28-302.1,Failure to Maintain Building Walls,OPEN,104,0.0,0.0
39162351R,10/2/2025,3336079,484,BALTIC STREET,BROOKLYN,306,CLASS - 1,28-302.1,Failure to Maintain Building Walls,OPEN,104,0.0,0.0
39162393P,10/3/2025,1060466,256,WEST  145 STREET,MANHATTAN,110,CLASS - 1,28-302.1,Failure to Maintain Building Walls,OPEN,104,0.0,0.0
39162506M,10/3/2025,2015749,3030,HEATH AVENUE,BRONX,208,CLASS - 1,28-302.1,Failure to Maintain Building Walls,OPEN,104,0.0,0.0
39162511R,10/3/2025,2014645,2497,GRAND AVENUE,BRONX,207,CLASS - 1,28-302.1,Failure to Maintain Building Walls,OPEN,104,0.0,0.0
39162524X,10/3/2025,2041846,2502,TRATMAN AVENUE,BRONX,210,CLASS - 1,28-302.1,Failure to Maintain Building Walls,OPEN,104,0.0,0.0
39162603Y,10/6/2025,1055851,315,WEST  115 STREET,MANHATTAN,110,CLASS - 1,28-302.1,Failure to Maintain Building Walls,OPEN,104,0.0,0.0
39162689Y,10/6/2025,2014837,2500,WEBB AVENUE,BRONX,207,CLASS - 1,28-302.1,Failure to Maintain Building Walls,OPEN,104,0.0,0.0
39162699H,10/2/2025,4053493,51-43,  48 STREET,QUEENS,402,CLASS - 1,28-302.1,Failure to Maintain Building Walls,OPEN,104,0.0,0.0
39162701H,10/6/2025,3065313,783,MANHATTAN AVENUE,BROOKLYN,301,CLASS - 1,28-302.1,Failure to Maintain Building Walls,OPEN,104,0.0,0.0
39162795H,10/7/2025,3325744,347,MAUJER STREET,BROOKLYN,301,CLASS - 1,28-302.1,Failure to Maintain Building Walls,OPEN,104,0.0,0.0
39162836P,10/7/2025,1055818,306,WEST  114 STREET,MANHATTAN,110,CLASS - 1,28-302.1,Failure to Maintain Building Walls,OPEN,104,0.0,0.0
39162886N,10/7/2025,3003444,102,BALTIC STREET,BROOKLYN,306,CLASS - 1,28-302.1,Failure to Maintain Building Walls,OPEN,104,0.0,0.0
39162921J,10/8/2025,2050029,2248,HOLLAND AVENUE,BRONX,211,CLASS - 1,28-302.1,Failure to Maintain Building Walls,OPEN,104,0.0,0.0
39162934Z,10/8/2025,3056174,117,GATES AVENUE,BROOKLYN,302,CLASS - 1,28-302.1,Failure to Maintain Building Walls,OPEN,104,0.0,0.0
39162947H,10/8/2025,1060666,305,WEST  138 STREET,MANHATTAN,110,CLASS - 1,28-302.1,Failure to Maintain Building Walls,OPEN,104,0.0,0.0
39162970X,10/8/2025,3002799,118,COURT STREET,BROOKLYN,302,CLASS - 1,28-302.1,Failure to Maintain Building Walls,OPEN,104,0.0,0.0
39163012R,10/8/2025,2006815,541,COSTER STREET,BRONX,202,CLASS - 1,28-302.1,Failure to Maintain Building Walls,OPEN,104,0.0,0.0
39163170M,10/9/2025,3054841,123,WILLOUGHBY AVENUE,BROOKLYN,302,CLASS - 1,28-302.1,Failure to Maintain Building Walls,OPEN,104,0.0,0.0
39163199X,10/9/2025,1035423,16,EAST   48 STREET,MANHATTAN,105,CLASS - 1,28-302.1,Failure to Maintain Building Walls,OPEN,104,0.0,0.0
39163239L,10/9/2025,1005206,512,EAST   13 STREET,MANHATTAN,103,CLASS - 1,28-302.1,Failure to Maintain Building Walls,OPEN,104,0.0,0.0
39163248N,10/9/2025,3056953,65,PUTNAM AVENUE,BROOKLYN,302,CLASS - 1,28-302.1,Failure to Maintain Building Walls,OPEN,104,0.0,0.0
39163494Z,10/8/2025,2002905,840,GERARD AVENUE,BRONX,204,CLASS - 1,28-302.1,Failure to Maintain Building Walls,OPEN,104,0.0,0.0
39163641J,10/15/2025,5028283,246,GRANDVIEW AVENUE,STATEN ISLAND,501,CLASS - 1,28-302.1,Failure to Maintain Building Walls,OPEN,104,0.0,0.0
39163806Z,10/16/2025,3032606,193,ROGERS AVENUE,BROOKLYN,308,CLASS - 1,28-302.1,Failure to Maintain Building Walls,OPEN,104,0.0,0.0
39163832M,10/16/2025,3033120,1042,UNION STREET,BROOKLYN,309,CLASS - 1,28-302.1,Failure to Maintain Building Walls,OPEN,104,0.0,0.0
39164001X,10/17/2025,1005304,126,ORCHARD STREET,MANHATTAN,103,CLASS - 1,28-302.1,Failure to Maintain Building Walls,OPEN,104,0.0,0.0
39164114M,10/20/2025,3324430,347,LINCOLN PLACE,BROOKLYN,308,CLASS - 1,28-302.1,Failure to Maintain Building Walls,OPEN,104,0.0,0.0
39164263X,10/21/2025,2017410,101,EAST KINGSBRIDGE ROAD,BRONX,207,CLASS - 1,28-302.1,Failure to Maintain Building Walls,OPEN,104,0.0,0.0
39164485L,10/20/2025,2014287,15,EVELYN PLACE,BRONX,207,CLASS - 1,28-302.1,Failure to Maintain Building Walls,OPEN,104,0.0,0.0
39164648R,10/23/2025,4263395,110-17, 153 STREET,QUEENS,412,CLASS - 1,28-302.1,Failure to Maintain Building Walls,OPEN,104,0.0,0.0
39164657Z,10/23/2025,2015505,2708,KINGSBRIDGE TERRACE,BRONX,208,CLASS - 1,28-302.1,Failure to Maintain Building Walls,OPEN,104,0.0,0.0
39510138X,12/8/2022,1054723,348,EAST  119 STREET,MANHATTAN,111,CLASS - 1,AC    28-302.1,Failure to Maintain Building Walls,OPEN,104,0.0,0.0
39510300P,12/13/2022,1054723,348,EAST  119 STREET,MANHATTAN,111,CLASS - 1,AC    28-302.1,Failure to Maintain Building Walls,OPEN,104,0.0,0.0
39511295Y,1/6/2023,1054723,348,EAST  119 STREET,MANHATTAN,111,CLASS - 1,AC    28-302.1,Failure to Maintain Building Walls,OPEN,104,0.0,0.0
39514097R,3/14/2023,3088714,777,GLENMORE AVENUE,BROOKLYN,305,CLASS - 1,AC    28-302.1,Failure to Maintain Building Walls,OPEN,104,0.0,0.0
39514650N,3/27/2023,5106863,75,VANDERBILT AVENUE,STATEN ISLAND,501,CLASS - 1,28-302.5,Failure to Protect the Public,OPEN,1E4,0.0,0.0
39517994K,6/20/2023,2057792,3609,HOLLAND AVENUE,BRONX,212,CLASS - 1,AC    28-302.1,Failure to Maintain Building Walls,OPEN,104,0.0,0.0
39517995M,6/20/2023,3060122,150,RODNEY STREET,BROOKLYN,301,CLASS - 1,AC    28-302.1,Failure to Maintain Building Walls,OPEN,104,0.0,0.0
39518009X,6/20/2023,2057792,3609,HOLLAND AVENUE,BRONX,212,CLASS - 1,AC    28-302.1,Failure to Maintain Building Walls,OPEN,104,0.0,0.0
39518038P,6/21/2023,3189573,1724,MERMAID AVENUE,BROOKLYN,313,CLASS - 1,AC    28-302.1,Failure to Maintain Building Walls,OPEN,104,0.0,0.0
39518062P,6/21/2023,1063785,559,WEST  185 STREET,MANHATTAN,112,CLASS - 1,AC    28-302.1,Failure to Maintain Building Walls,OPEN,104,0.0,0.0
39518068X,6/21/2023,4303284,76-02,BEACH CHANNEL DRIVE,QUEENS,414,CLASS - 1,AC    28-302.1,Failure to Maintain Building Walls,OPEN,104,0.0,0.0
39518096N,6/22/2023,4263382,109-07,UNION HALL STREET,QUEENS,412,CLASS - 1,AC    28-302.1,Failure to Maintain Building Walls,OPEN,104,0.0,0.0
39518098R,6/22/2023,2094877,1066,ZEREGA AVENUE,BRONX,209,CLASS - 1,AC    28-302.1,Failure to Maintain Building Walls,OPEN,104,0.0,0.0
39518101Z,6/22/2023,3080668,1546,EAST NEW YORK AVENUE,BROOKLYN,316,CLASS - 1,AC    28-302.1,Failure to Maintain Building Walls,OPEN,104,0.0,0.0
39518107J,6/22/2023,2064504,940,EAST  227 STREET,BRONX,212,CLASS - 1,AC    28-302.1,Failure to Maintain Building Walls,OPEN,104,0.0,0.0
39518118P,6/22/2023,3080668,1546,EAST NEW YORK AVENUE,BROOKLYN,316,CLASS - 1,AC    28-302.1,Failure to Maintain Building Walls,OPEN,104,0.0,0.0
39518153K,6/22/2023,2022072,715,COMMONWEALTH AVENUE,BRONX,209,CLASS - 1,AC    28-302.1,Failure to Maintain Building Walls,OPEN,104,0.0,0.0
39518154M,6/22/2023,3032481,273,KINGSTON AVENUE,BROOKLYN,308,CLASS - 1,AC    28-302.1,Failure to Maintain Building Walls,OPEN,104,0.0,0.0
39518164X,6/22/2023,2008611,2015,GRAND AVENUE,BRONX,205,CLASS - 1,AC    28-302.1,Failure to Maintain Building Walls,OPEN,104,0.0,0.0
39518166J,6/22/2023,2020669,413,ST LAWRENCE AVENUE,BRONX,209,CLASS - 1,AC    28-302.1,Failure to Maintain Building Walls,OPEN,104,0.0,0.0
39518170M,6/21/2023,3204621,2510,EAST   27 STREET,BROOKLYN,315,CLASS - 1,AC    28-302.1,Failure to Maintain Building Walls,OPEN,104,0.0,0.0
39518189M,6/21/2023,3202202,2380,EAST   22 STREET,BROOKLYN,315,CLASS - 1,AC    28-302.1,Failure to Maintain Building Walls,OPEN,104,0.0,0.0
39518196K,6/23/2023,1060466,256,WEST  145 STREET,MANHATTAN,110,CLASS - 1,AC    28-302.1,Failure to Maintain Building Walls,OPEN,104,0.0,0.0
39518220L,6/23/2023,2102455,2010,BARTOW AVENUE,BRONX,210,CLASS - 1,AC    28-302.1,Failure to Maintain Building Walls,OPEN,104,0.0,0.0
39518260X,6/26/2023,3346408,243,BUFFALO AVENUE,BROOKLYN,308,CLASS - 1,AC    28-302.1,Failure to Maintain Building Walls,OPEN,104,0.0,0.0
39518265P,6/22/2023,1053039,414,EAST  115 STREET,MANHATTAN,111,CLASS - 1,AC    28-302.1,Failure to Maintain Building Walls,OPEN,104,0.0,0.0
39518272N,6/26/2023,3036047,162,UTICA AVENUE,BROOKLYN,308,CLASS - 1,AC    28-302.1,Failure to Maintain Building Walls,OPEN,104,0.0,0.0
39518286Y,6/26/2023,3036047,162,UTICA AVENUE,BROOKLYN,308,CLASS - 1,AC    28-302.1,Failure to Maintain Building Walls,OPEN,104,0.0,0.0
39518307Y,6/26/2023,3036279,175,UTICA AVENUE,BROOKLYN,308,CLASS - 1,AC    28-302.1,Failure to Maintain Building Walls,OPEN,104,0.0,0.0
39518326J,6/26/2023,4263382,109-07,UNION HALL STREET,QUEENS,412,CLASS - 1,AC    28-302.1,Failure to Maintain Building Walls,OPEN,104,0.0,0.0
39518337P,6/27/2023,2017769,3412,JEROME AVENUE,BRONX,207,CLASS - 1,AC    28-302.1,Failure to Maintain Building Walls,OPEN,104,0.0,0.0
39518345P,6/27/2023,3055541,300,LAFAYETTE AVENUE,BROOKLYN,302,CLASS - 1,AC    28-302.1,Failure to Maintain Building Walls,OPEN,104,0.0,0.0
39518366Y,6/27/2023,3056339,356,GREENE AVENUE,BROOKLYN,303,CLASS - 1,AC    28-302.1,Failure to Maintain Building Walls,OPEN,104,0.0,0.0
39518369J,6/27/2023,1063077,506,WEST  172 STREET,MANHATTAN,112,CLASS - 1,AC    28-302.1,Failure to Maintain Building Walls,OPEN,104,0.0,0.0
39518370R,6/27/2023,4207126,150-02,  88 AVENUE,QUEENS,412,CLASS - 1,AC    28-302.1,Failure to Maintain Building Walls,OPEN,104,0.0,0.0
39518375X,6/27/2023,1062669,457,WEST  166 STREET,MANHATTAN,112,CLASS - 1,AC    28-302.1,Failure to Maintain Building Walls,OPEN,104,0.0,0.0
39518378L,6/27/2023,3338677,392,GATES AVENUE,BROOKLYN,303,CLASS - 1,AC    28-302.1,Failure to Maintain Building Walls,OPEN,104,0.0,0.0
39518384H,6/28/2023,3097068,811,CLEVELAND STREET,BROOKLYN,305,CLASS - 1,AC    28-302.1,Failure to Maintain Building Walls,OPEN,104,0.0,0.0
39518392H,6/28/2023,2016643,2661,MARION AVENUE,BRONX,207,CLASS - 1,AC    28-302.1,Failure to Maintain Building Walls,OPEN,104,0.0,0.0
39518418R,6/28/2023,2054893,809,ARNOW AVENUE,BRONX,211,CLASS - 1,AC    28-302.1,Failure to Maintain Building Walls,OPEN,104,0.0,0.0
39518430J,6/28/2023,3086086,798,SNEDIKER AVENUE,BROOKLYN,305,CLASS - 1,AC    28-302.1,Failure to Maintain Building Walls,OPEN,104,0.0,0.0
39518431L,6/28/2023,3054023,22,ST ANDREWS PLACE,BROOKLYN,303,CLASS - 1,AC    28-302.1,Failure to Maintain Building Walls,OPEN,104,0.0,0.0
39518491N,6/29/2023,4220195,106-19, 177 STREET,QUEENS,412,CLASS - 1,AC    28-302.1,Failure to Maintain Building Walls,OPEN,104,0.0,0.0
39518498X,6/29/2023,2006570,741,WHITTIER STREET,BRONX,202,CLASS - 1,AC    28-302.1,Failure to Maintain Building Walls,OPEN,104,0.0,0.0
39518521P,6/29/2023,3062291,151,KENT AVENUE,BROOKLYN,301,CLASS - 1,AC    28-302.1,Failure to Maintain Building Walls,OPEN,104,0.0,0.0
39518522R,6/29/2023,1061480,747,ST NICHOLAS AVENUE,MANHATTAN,109,CLASS - 1,AC    28-302.1,Failure to Maintain Building Walls,OPEN,104,0.0,0.0
39518523Z,6/29/2023,4448893,91-31, 191 STREET,QUEENS,412,CLASS - 1,AC    28-302.1,Failure to Maintain Building Walls,OPEN,104,0.0,0.0
39518551X,6/29/2023,3199980,4190,BEDFORD AVENUE,BROOKLYN,315,CLASS - 1,AC    28-302.1,Failure to Maintain Building Walls,OPEN,104,0.0,0.0
39518573R,6/30/2023,1005726,8,RIVINGTON STREET,MANHATTAN,103,CLASS - 1,AC    28-302.1,Failure to Maintain Building Walls,OPEN,104,0.0,0.0
39518578X,6/30/2023,3054841,123,WILLOUGHBY AVENUE,BROOKLYN,302,CLASS - 1,AC    28-302.1,Failure to Maintain Building Walls,OPEN,104,0.0,0.0
39518586X,6/30/2023,3076109,117,LINDEN STREET,BROOKLYN,304,CLASS - 1,AC    28-302.1,Failure to Maintain Building Walls,OPEN,104,0.0,0.0
39518594X,6/30/2023,3219789,4701,AVENUE N,BROOKLYN,318,CLASS - 1,AC    28-302.1,Failure to Maintain Building Walls,OPEN,104,0.0,0.0
39518621M,6/30/2023,3073993,405,STOCKHOLM STREET,BROOKLYN,304,CLASS - 1,AC    28-302.1,Failure to Maintain Building Walls,OPEN,104,0.0,0.0
39518624H,6/30/2023,3043925,921,GREENE AVENUE,BROOKLYN,303,CLASS - 1,AC    28-302.1,Failure to Maintain Building Walls,OPEN,104,0.0,0.0
39518633J,6/30/2023,2013789,2382,CRESTON AVENUE,BRONX,205,CLASS - 1,AC    28-302.1,Failure to Maintain Building Walls,OPEN,104,0.0,0.0
39518666X,7/3/2023,3084230,424,SUTTER AVENUE,BROOKLYN,316,CLASS - 1,AC    28-302.1,Failure to Maintain Building Walls,OPEN,104,0.0,0.0
39518667H,7/3/2023,3063356,365,SOUTH    4 STREET,BROOKLYN,301,CLASS - 1,AC    28-302.1,Failure to Maintain Building Walls,OPEN,104,0.0,0.0
39518669L,7/3/2023,1059637,1465,AMSTERDAM AVENUE,MANHATTAN,109,CLASS - 1,AC    28-302.1,Failure to Maintain Building Walls,OPEN,104,0.0,0.0
39518671K,7/3/2023,3059545,196,BROADWAY,BROOKLYN,301,CLASS - 1,AC    28-302.1,Failure to Maintain Building Walls,OPEN,104,0.0,0.0
39518684J,7/3/2023,3088618,310,ASHFORD STREET,BROOKLYN,305,CLASS - 1,AC    28-302.1,Failure to Maintain Building Walls,OPEN,104,0.0,0.0
39518685L,7/3/2023,4184145,91-48,  88 ROAD,QUEENS,409,CLASS - 1,AC    28-302.1,Failure to Maintain Building Walls,OPEN,104,0.0,0.0
39518697Z,7/3/2023,2014308,34,WEST FORDHAM ROAD,BRONX,207,CLASS - 1,AC    28-302.1,Failure to Maintain Building Walls,OPEN,104,0.0,0.0
39518741R,7/5/2023,3321859,292,DEKALB AVENUE,BROOKLYN,302,CLASS - 1,AC    28-302.1,Failure to Maintain Building Walls,OPEN,104,0.0,0.0
39518761Y,7/5/2023,1050312,339,EAST   94 STREET,MANHATTAN,108,CLASS - 1,AC    28-302.1,Failure to Maintain Building Walls,OPEN,104,0.0,0.0
39518794K,7/6/2023,5113078,78,VAN DUZER STREET,STATEN ISLAND,501,CLASS - 1,AC    28-302.1,Failure to Maintain Building Walls,OPEN,104,0.0,0.0
39518799J,7/6/2023,2055838,986,BURKE AVENUE,BRONX,212,CLASS - 1,AC    28-302.1,Failure to Maintain Building Walls,OPEN,104,0.0,0.0
39518804P,7/6/2023,4004571,37-19,  36 STREET,QUEENS,401,CLASS - 1,AC    28-302.1,Failure to Maintain Building Walls,OPEN,104,0.0,0.0
39518815K,7/6/2023,3043531,884,LAFAYETTE AVENUE,BROOKLYN,303,CLASS - 1,AC    28-302.1,Failure to Maintain Building Walls,OPEN,104,0.0,0.0
39518822Z,7/6/2023,3047630,448,DECATUR STREET,BROOKLYN,303,CLASS - 1,AC    28-302.1,Failure to Maintain Building Walls,OPEN,104,0.0,0.0
39518826X,7/6/2023,4001408,39-70,  48 STREET,QUEENS,402,CLASS - 1,AC    28-302.1,Failure to Maintain Building Walls,OPEN,104,0.0,0.0
39518856R,7/7/2023,1020572,329,EAST   22 STREET,MANHATTAN,106,CLASS - 1,AC    28-302.1,Failure to Maintain Building Walls,OPEN,104,0.0,0.0
39518883M,7/7/2023,3049569,146,MARCUS GARVEY BOULEVARD,BROOKLYN,303,CLASS - 1,AC    28-302.1,Failure to Maintain Building Walls,OPEN,104,0.0,0.0
39518890K,7/7/2023,1045177,354,EAST   77 STREET,MANHATTAN,108,CLASS - 1,AC    28-302.1,Failure to Maintain Building Walls,OPEN,104,0.0,0.0
39518895J,7/7/2023,1060908,105,EDGECOMBE AVENUE,MANHATTAN,110,CLASS - 1,AC    28-302.1,Failure to Maintain Building Walls,OPEN,104,0.0,0.0
39519205H,7/13/2023,3135889,1246,  42 STREET,BROOKLYN,312,CLASS - 1,AC    28-302.1,Failure to Maintain Building Walls,OPEN,104,0.0,0.0
39519206J,7/13/2023,2004410,594,EAGLE AVENUE,BRONX,201,CLASS - 1,AC    28-302.1,Failure to Maintain Building Walls,OPEN,104,0.0,0.0
39519279K,7/14/2023,1054334,20,EAST  132 STREET,MANHATTAN,111,CLASS - 1,AC    28-302.1,Failure to Maintain Building Walls,OPEN,104,0.0,0.0
39519352H,7/17/2023,1076878,207,AVENUE B,MANHATTAN,103,CLASS - 1,AC    28-302.1,Failure to Maintain Building Walls,OPEN,104,0.0,0.0
39519353J,7/17/2023,2002840,1184,WALTON AVENUE,BRONX,204,CLASS - 1,AC    28-302.1,Failure to Maintain Building Walls,OPEN,104,0.0,0.0
39519358Z,7/17/2023,3062291,151,KENT AVENUE,BROOKLYN,301,CLASS - 1,AC    28-302.1,Failure to Maintain Building Walls,OPEN,104,0.0,0.0
39519509R,7/19/2023,2017351,178,EAST  205 STREET,BRONX,207,CLASS - 1,AC    28-302.1,Failure to Maintain Building Walls,OPEN,104,0.0,0.0
39519542Z,7/20/2023,1003388,1,HENRY STREET,MANHATTAN,103,CLASS - 1,AC    28-302.1,Failure to Maintain Building Walls,OPEN,104,0.0,0.0
39519548J,7/20/2023,3337863,237,ROGERS AVENUE,BROOKLYN,309,CLASS - 1,AC    28-302.1,Failure to Maintain Building Walls,OPEN,104,0.0,0.0
39519582N,7/20/2023,3032906,530,EASTERN PARKWAY,BROOKLYN,309,CLASS - 1,AC    28-302.1,Failure to Maintain Building Walls,OPEN,104,0.0,0.0
39519609Y,7/21/2023,3057362,53,JEFFERSON AVENUE,BROOKLYN,303,CLASS - 1,AC    28-302.1,Failure to Maintain Building Walls,OPEN,104,0.0,0.0
39521987Y,9/22/2023,4215723,106-38, 156 STREET,QUEENS,412,CLASS - 1,AC    28-302.1,Failure to Maintain Building Walls,OPEN,104,0.0,0.0
39523393X,11/15/2023,1026462,412,WEST   46 STREET,MANHATTAN,104,CLASS - 1,AC    28-302.1,Failure to Maintain Building Walls,OPEN,104,0.0,0.0
39526118P,3/4/2024,2118954,945,WHITE PLAINS ROAD,BRONX,209,CLASS - 1,AC    28-302.1,Failure to Maintain Building Walls,OPEN,104,0.0,0.0
39530240K,7/3/2024,2103168,1340,OGDEN AVENUE,BRONX,204,CLASS - 1,AC    28-302.1,Failure to Maintain Building Walls,OPEN,104,0.0,0.0
39536630N,2/5/2025,3096701,704,MILLER AVENUE,BROOKLYN,305,CLASS - 1,AC    28-302.1,Failure to Maintain Building Walls,OPEN,104,0.0,0.0
39539254M,4/17/2025,1007129,354,BROOME STREET,MANHATTAN,102,CLASS - 1,28-302.1,Failure to Maintain Building Walls,OPEN,104,0.0,0.0
